waiting_minutes,detour_km,hour_of_day,day_of_week,dist_to_rider_km,boarded,demand
2.8156085398611546,0.4917632612935345,9,1,0.701775731504191,0,5
18.060728585505124,0.5255372589032858,7,0,0.618222330653258,1,4
7.900474161272696,0.0,11,6,0.0,0,1
5.477655322655719,0.49569156113331003,14,2,0.6648910175992823,0,5
1.0177492227740776,0.13789427403567472,8,4,0.13789427403567472,0,0
1.017577751487631,0.4713951073965572,18,1,0.4713951073965572,0,2
0.35903261165208405,0.2863107014667169,18,6,0.31456309778782565,0,4
12.067385186879637,0.3057551128161997,7,0,0.3179402370704999,1,4
5.514492921763587,0.26298047011575626,10,2,0.3047414846182742,1,3
7.387500370227542,0.5424258408466972,21,0,0.5424258408466972,0,1
0.12479584799483173,0.052082397494994326,11,4,0.1216620135063492,0,1
21.021344850949873,0.42156806774700173,15,3,0.43497565216915096,1,1
10.71857726012805,0.5202660329779101,6,1,0.6431600309550354,0,1
1.432125751493682,0.4432680161080821,20,4,0.5249876038059459,0,0
1.2040739324979801,0.7649397828646836,6,0,0.7649397828646836,0,1
1.2156685369935423,0.19421064745506023,16,0,0.19421064745506023,1,1
2.176522376762863,0.49146096451870624,12,6,0.5991267645719185,0,3
4.4635669851651265,0.2787818729317159,20,1,0.2787818729317159,0,1
3.3932224006820197,0.5466812152705339,6,4,0.652860425892053,0,0
2.065337955323649,0.2984622008557261,14,3,0.2984622008557261,0,2
5.678225243398792,0.22242484362750609,9,4,0.28538506585822027,0,4
0.901407172364032,0.5612144407743258,9,5,0.5612144407743258,0,5
2.0730930720144136,0.20168761219621398,19,0,0.24892835476476227,0,1
2.7376633093250824,0.01745484821988874,22,4,0.13317252129493087,0,0
3.65360812715865,0.1966306233652343,6,0,0.1966306233652343,0,1
9.227616066185472,0.4238065893177065,10,3,0.4238065893177065,0,4
1.3364151727721416,0.5784077503174183,12,2,0.5784077503174183,0,2
4.332174930198766,0.3222258750593024,12,6,0.3222258750593024,1,3
5.385028327858564,0.563639413446805,19,3,0.563639413446805,0,5
0.2853830985384513,0.028365015704481245,22,4,0.1515628387395024,0,0
5.611998123897661,0.2113473070364194,17,5,0.2113473070364194,0,4
1.1217675118644985,0.24228497656917974,14,4,0.24228497656917974,1,1
0.40358358527582544,0.2770881145054961,20,2,0.29182126280653053,0,1
17.842126761041584,0.3168188776500393,14,4,0.32923188981879126,1,2
20.223782054767035,0.4381821914784385,10,3,0.4381821914784385,1,2
9.91398943687726,0.21103863236590192,10,4,0.34258730146313077,0,2
2.1797271598125496,0.32780573739062513,6,4,0.40401695815863903,0,0
0.6166638900150374,0.29097542193518966,11,0,0.29097542193518966,0,1
6.9165045785919705,0.11482201922176999,10,1,0.11482201922176999,0,3
3.48054505551239,0.27726666218371293,14,4,0.27726666218371293,0,1
0.7809134037266918,0.2712680940205764,22,0,0.31993582147720967,0,0
4.101283368804901,0.2669838869993908,19,2,0.4150402042386251,0,2
0.2099623286608745,0.30635189131629015,19,4,0.3566404835646314,0,1
14.402537324358143,0.3151347081226772,12,6,0.47641728819957396,0,1
1.7967466610441165,0.21354096417853394,22,6,0.21354096417853394,1,1
6.517534791389882,0.554542946794253,15,4,0.554542946794253,0,1
2.241279489945742,0.06610387415939664,15,1,0.06610387415939664,0,1
4.404665375455371,0.15580597830602072,14,3,0.22902153210360598,1,4
4.747342787890785,0.8559927248447112,17,0,0.8559927248447112,0,4
1.2263315970474344,0.09240172900215399,7,3,0.10405581682776809,0,1
20.95684279641736,0.02924906505804825,15,2,0.02924906505804825,1,1
8.953472262828845,0.4468953490002435,9,4,0.4468953490002435,0,1
16.830566515749496,0.0,9,1,0.11526860061146976,1,2
13.512911985205179,0.2529452180055122,19,3,0.4394634239348141,0,1
5.46632647429965,0.7291649850152977,9,3,0.7291649850152977,0,3
15.29661227561643,0.0,16,6,0.0,1,0
0.5559327537186938,0.0,14,4,0.08631786919213008,0,2
1.3088081677876047,0.00016375960846032322,7,4,0.15660001654110295,0,3
0.2776917941209917,0.4796719136693971,10,3,0.5906933456739987,0,2
2.3611925208185207,0.5249553439971625,6,3,0.7194800335617626,0,1
2.9527817507653116,0.19748224060429823,10,2,0.31403302978074177,0,2
1.8993626592529542,0.43664248080021373,17,2,0.519223745189661,0,0
10.587347191445604,0.5780510655023979,10,0,0.7050772227779254,0,2
2.647361997179221,0.6574692828859652,18,5,0.7036410896178047,0,0
1.9788170408054953,0.2507329437640303,6,6,0.2648651383882603,0,0
4.694442499246476,0.0,7,6,0.05956368377984864,0,1
0.9113888869237732,0.13582421551806262,12,0,0.19050877292331145,0,4
9.722901574648388,0.21463916101294844,18,5,0.21463916101294844,0,1
0.46485521286785403,0.24821224068432188,14,3,0.30340192563970714,0,3
26.004878037523916,0.2624281197982561,18,5,0.28162633030435824,1,0
8.876902657449069,0.5237789195861339,13,2,0.5758114821913927,1,0
1.3292366430353157,0.5548856853375163,7,1,0.5606974465954266,0,6
0.03322452225561285,0.2656652692150433,10,2,0.3093163609323164,0,0
10.139380664916755,0.5196969752103637,8,4,0.5535767267824601,0,1
7.3625754443222675,0.37153227332621785,19,4,0.37153227332621785,1,1
7.833977452727994,0.3129011945725143,9,1,0.3129011945725143,0,1
8.85128715626108,0.48130883142199277,12,1,0.48130883142199277,0,3
0.46157559308277807,0.31445040964758314,12,4,0.45780175217798946,0,1
2.663356034497395,0.7115622354195525,9,4,0.7115622354195525,0,2
0.738900627626698,0.012317766641088135,14,0,0.04612325942464071,0,2
11.931177429949336,0.19696582018159642,6,4,0.19696582018159642,1,1
5.857807150274244,0.27469622060920995,12,1,0.27469622060920995,1,1
2.410912807507806,0.3878905380915981,13,2,0.3878905380915981,0,4
0.3940083948286973,0.5535920974206178,7,0,0.5547744346205896,0,0
2.234930102462122,0.2951202865527687,14,4,0.2951202865527687,0,3
2.359885279104788,0.015554070098758532,7,3,0.06705971863211635,1,0
7.8472547037464455,0.46850277929100087,19,1,0.5039491015513954,1,2
6.08933615355612,0.4509917532283929,10,3,0.4509917532283929,0,1
13.093511474409087,0.0,10,1,0.14653009122156974,1,1
3.834396800257859,0.2992391732658401,14,0,0.33862965407826107,0,4
0.7642343616930114,0.0,11,5,0.09042762002306692,0,0
7.494758065899596,0.16706978049958748,14,3,0.20649610140662664,0,3
8.582356518461184,0.11943821460744003,12,0,0.16020751964210098,1,2
4.943324969314973,0.46185293964839713,18,2,0.46185293964839713,0,3
8.843339800328188,0.32336603483443677,7,2,0.32336603483443677,1,7
4.084888389061668,0.04288179984879448,21,3,0.04288179984879448,1,0
4.438073032663603,0.47601319259146846,21,1,0.47601319259146846,0,2
3.346885163450564,0.013238835214317124,18,0,0.013238835214317124,1,1
0.15448664394068237,0.3660227580941887,16,1,0.4579390592243364,0,4
0.685004611151195,0.13719786614168883,10,1,0.13835020792929395,1,2
0.19160208775832294,0.226864583493896,11,3,0.226864583493896,0,0
6.070377305565296,0.4008541496076768,16,4,0.4491624753712607,0,0
2.264380252770599,0.4042898798119058,14,1,0.4042898798119058,0,2
4.26262306280514,0.5673938147111921,20,6,0.6265975271787222,1,1
14.287593179075852,0.28354926006570935,19,0,0.28354926006570935,1,3
1.72043293789979,0.36129017259266816,7,0,0.5511980532300241,0,1
3.1696918492960355,0.21245253551913507,15,2,0.21245253551913507,1,2
8.4524948852315,0.3363979765245595,6,3,0.3363979765245595,0,0
1.5588309415043642,0.3878972096017023,13,4,0.3878972096017023,0,1
0.48062567130105815,0.28033803050912476,7,6,0.28033803050912476,0,3
2.0528418233223427,0.0,9,0,0.21692166850095465,0,2
1.0548501510003772,0.3662941792661791,19,6,0.3662941792661791,0,0
15.929700515283749,0.3729122954710914,21,4,0.3729122954710914,0,0
9.905322482907417,0.1639653047304098,14,2,0.22682166209596616,0,3
6.0209651431231865,0.04312259278549713,14,5,0.04312259278549713,1,1
12.30911838312488,0.5951758301007931,15,0,0.5951758301007931,1,2
9.767813644443338,0.3982891021788804,11,6,0.3982891021788804,0,2
1.2389728581518344,0.25418379381565803,12,1,0.25418379381565803,1,5
13.384880431413366,0.07259342337050251,10,5,0.1884886381578646,1,3
4.650599411797032,0.1356370343157308,22,3,0.1356370343157308,1,0
9.884089747821397,0.5605180793572463,16,5,0.5670603274789248,1,1
13.585455895717388,0.3275323881736092,10,4,0.35399491804340727,1,1
2.2963842985099108,0.18988258659985868,10,0,0.20541547407320213,0,0
0.699552960743105,0.40193784624493123,15,0,0.40193784624493123,0,1
1.5521204768362882,0.13712036251073523,12,4,0.13712036251073523,1,3
3.3423461564916863,0.6001686060560757,21,0,0.6001686060560757,0,1
10.22297835983367,0.570560106979345,10,1,0.570560106979345,1,2
11.828069831278999,0.20668518575944467,15,5,0.23786013507229725,1,2
0.04185845508990388,0.1742659505938279,6,3,0.2922634198391098,0,1
4.289256956031334,0.0,14,5,0.0060533977240931226,1,5
3.241639925512028,0.0036838456897263505,8,3,0.0036838456897263505,0,1
1.507004029654947,0.032106045008448714,15,4,0.032106045008448714,0,1
0.7660823492738809,0.32703806819747716,12,4,0.3566405801939122,1,1
2.4714514791745947,0.23475325911172806,13,2,0.23475325911172806,0,2
17.1787267361469,0.030932902516951688,14,5,0.030932902516951688,1,1
2.3423028172888465,0.24376719150708853,19,3,0.24376719150708853,1,3
4.3887168345609116,0.4010674295294697,10,0,0.4010674295294697,0,2
7.284521861285129,0.40556786998311745,12,0,0.42654191257626833,0,5
2.711846993801774,0.0,16,3,0.040316695460006984,0,2
21.406788829750198,0.2743473039032338,8,5,0.3793816653401939,0,2
19.69205918724839,0.023331844605677887,17,2,0.023331844605677887,0,0
1.7403677699532318,0.4803457394280548,14,0,0.4803457394280548,0,0
4.125955670783084,0.4568292832706997,14,2,0.5803611909155938,0,2
2.1475827604742808,0.1203945547351083,22,1,0.20837272522530975,0,1
2.0114980582864903,0.14679095951992,19,5,0.2757641638436583,1,1
0.22550686659313518,0.20774658990033854,7,3,0.3015810433046093,0,3
5.642952425895559,0.0,22,0,0.24351800329182083,0,5
4.191117796977831,0.36719363468811533,7,1,0.4416533690282677,0,1
0.31710652428235486,0.24543109073197383,18,4,0.24543109073197383,0,2
1.9597555260622161,0.49403501651357185,21,5,0.5684643847217979,0,1
14.333165706536043,0.08031815640748946,16,0,0.11745088378578454,1,5
1.6431633128524623,0.17617541035001366,17,2,0.17617541035001366,0,4
0.9391851659128185,0.0,19,6,0.0,0,2
4.033632656841817,0.09914188730114934,16,4,0.09914188730114934,1,2
25.46422189569156,0.06360360078635618,12,1,0.06360360078635618,1,1
1.6628688813583572,0.49919473576928913,14,4,0.49919473576928913,0,2
6.69093006178376,0.1603476302497215,7,4,0.16836812994465333,0,3
8.603325757436778,0.3248351369489227,11,2,0.3248351369489227,0,3
1.6279990340148347,0.22384731922763912,18,1,0.22384731922763912,0,4
7.816493570953897,0.046106946797437376,14,4,0.046106946797437376,1,3
2.751136795585824,0.2663399153656715,14,0,0.2663399153656715,0,3
6.003022486390628,0.4198206663727189,6,0,0.49386735349204336,0,0
6.0230269628258295,0.058448121491329524,12,1,0.058448121491329524,0,3
4.604311499714093,0.46182255814627576,19,5,0.4656352101948875,0,0
0.5677749528697258,0.13005581570446073,7,1,0.22408536109261357,1,2
10.821868765477781,0.20340321478543183,14,4,0.20340321478543183,1,4
2.3208617620043794,0.40613662460200955,19,0,0.49506703413217695,0,2
1.2385926396453393,0.1673127685561024,12,4,0.20363823560360714,1,3
0.24977855876607122,0.30751497186717314,13,0,0.3958261341703973,0,2
5.362670427567501,0.23706183424238148,6,6,0.3337167710252864,1,0
6.791110405604093,0.3258736013407637,7,1,0.37710933453688467,0,2
0.10036168535082371,0.0,16,4,0.0,1,2
4.30578350729693,0.0,7,0,0.049787519893070745,0,0
1.5409448823297458,0.42319340120936766,19,3,0.42319340120936766,0,4
6.216746049286152,0.5074362811298101,18,1,0.5452825226273251,0,1
1.1496253352348025,0.11790265929369573,21,4,0.1975891423331147,0,2
7.045275165406315,0.25119432956577314,21,1,0.25119432956577314,0,2
2.9337522058866106,0.3589438505804603,12,0,0.48755773431939275,1,7
16.562062906825844,0.4386435203317408,7,3,0.4386435203317408,1,1
0.8876664806356737,0.0,9,1,0.03834884718529878,0,1
2.5027946039710303,0.12279195060432455,14,2,0.12279195060432455,0,1
0.7226657102219785,0.233484124030025,17,0,0.233484124030025,0,2
15.517142382904343,0.44062803944720985,19,3,0.5620048654722648,1,1
12.590002242965964,0.7996860967442989,9,2,0.7996860967442989,0,3
1.7899642203689334,0.2543988546380564,7,5,0.35320874656932866,0,0
6.4725764342634875,0.018604507579202234,14,6,0.018604507579202234,0,2
10.196904435835329,0.3804536154402596,19,0,0.3804536154402596,0,0
4.860794164119048,0.564199157908142,17,2,0.7373743637384716,0,4
4.525676461163677,0.3216028241959002,6,3,0.3216028241959002,1,0
1.6612622726274189,0.11867029096914142,13,4,0.13004340052244226,0,1
0.5863568428496444,0.4915987882960038,11,0,0.4915987882960038,1,2
13.650739351167136,0.43270912369968695,16,3,0.43270912369968695,1,3
13.84064656589056,0.0947838311608751,22,1,0.1488943463434888,1,2
6.016019516897309,0.3762851235068684,22,2,0.4183904534247938,0,3
2.4842790588679433,0.4994531135317745,14,6,0.5888813669442561,1,3
2.5774056948698636,0.5363780085117787,18,1,0.5363780085117787,1,1
7.7667925783627085,0.2867102049381088,10,6,0.2867102049381088,0,4
13.644584094643513,0.22838411076413623,15,3,0.28558882568263755,1,1
13.08679541637968,0.5454547644162525,7,2,0.6761105957432262,1,2
9.081373151585419,0.057967899403822964,7,0,0.057967899403822964,0,2
6.16386416140623,0.38771585818420107,6,1,0.38771585818420107,0,2
0.5273503571765044,0.025994674527114126,16,1,0.025994674527114126,1,3
1.057765288100469,0.5130752544519206,7,1,0.5130752544519206,1,0
13.729383001065035,0.2483908968777677,16,0,0.2483908968777677,0,2
5.594963681793537,0.5537166471294939,20,2,0.5914747557816373,0,0
0.055437633665966456,0.3982825512711054,7,5,0.47126239795319635,0,1
0.641981408615696,0.055355953987614004,6,0,0.10936818579526064,0,1
6.534974323741446,0.5849255464154487,12,6,0.5849255464154487,0,4
0.030446622310782018,0.6102490532855459,20,4,0.7381750262245763,0,1
1.0518948966251944,0.47645729851984314,16,0,0.47645729851984314,0,4
4.77418707683359,0.147682426992756,13,0,0.147682426992756,0,1
7.0638917199288755,0.2387972091285182,6,2,0.24211278465367347,0,1
6.332648892811492,0.3290854434811519,16,1,0.3290854434811519,0,2
1.523699203848147,0.15925792013371332,6,3,0.15925792013371332,1,1
7.472503733391234,0.638469314492641,9,1,0.6866180753368489,0,0
1.6249425543168354,0.32886529434520734,16,1,0.32886529434520734,1,5
2.361809453508507,0.0,18,0,0.0,0,1
8.234145309994744,0.3678711625512441,14,6,0.3678711625512441,0,1
6.292642885816608,0.23036852063653734,17,1,0.31792046145150277,1,2
11.351736464780405,0.2850146887763104,7,1,0.34840912062041646,1,1
6.430879729018574,0.22627612684286008,9,0,0.3067260428830712,0,4
5.040265833523544,0.46140928332133746,16,5,0.4765227227920859,0,3
0.5901423686904629,0.5239375557106762,12,1,0.5415111810483915,0,4
2.7504978432421203,0.35661063245173075,17,4,0.47310916415846743,1,1
1.848960887152987,0.23213776257236818,10,1,0.23213776257236818,1,0
1.6782012219745277,0.2917325590381659,15,1,0.41069541879086147,0,1
21.673856436977555,0.30391992331552564,18,0,0.3211150893709107,1,0
2.9963249822401425,0.1395139920270326,9,3,0.14442760877460573,0,3
13.356331267491136,0.415785729714247,20,2,0.415785729714247,0,0
5.984006314418899,0.3920084647720932,7,0,0.5130785721667337,0,4
9.502951516130398,0.6080882479553347,22,1,0.6924601846488125,1,2
4.190611946332623,0.551069956057695,16,4,0.551069956057695,1,2
5.16093541584951,0.16286501648197393,9,4,0.19531494637728186,1,2
4.069760600050161,0.46405967490179295,6,1,0.46405967490179295,1,1
1.303289371951431,0.10980932338110566,16,2,0.10980932338110566,0,0
7.690570818394823,0.4391864201881699,16,2,0.4391864201881699,0,2
1.9774642101975777,0.19667716024797843,21,0,0.21234122274031847,1,0
0.14769888648413168,0.09534935532488309,10,3,0.11603705692210518,1,1
6.221812717771643,0.3560090685394809,13,5,0.38305297276652084,0,2
1.169601421348936,0.0,12,2,0.0,1,2
16.92649888363982,0.0,22,4,0.0,1,0
18.46537447672814,0.26450162324514337,10,2,0.26450162324514337,1,0
14.781059307803048,0.31648835332696845,16,0,0.41272829029507063,0,0
2.7737243789842,0.2261362459683622,6,1,0.2261362459683622,1,2
0.09346389223166629,0.0,16,6,0.03984855126564158,1,3
15.813140743991339,0.13642163157229886,7,0,0.13642163157229886,1,4
3.353629662318368,0.3782418654474788,7,2,0.4355838387321401,0,2
20.405052096732337,0.4163563541256725,10,6,0.4315093660961175,1,0
19.882412856781233,0.29675537648081174,7,1,0.29675537648081174,1,0
11.504322103076515,0.5313667562073978,11,4,0.5879117433229729,0,1
2.0926564090329616,0.3794794046918468,21,4,0.3794794046918468,0,0
2.9177515925921615,0.15050886920835754,17,2,0.15050886920835754,0,3
11.428359914868478,0.24389958931767652,7,3,0.2667754464218213,1,1
2.2868773885843026,0.019426768558429064,19,3,0.13493191193241777,1,3
1.1143116977745287,0.27837220192171663,19,3,0.27837220192171663,0,1
4.882421952361367,0.5224201238442677,14,0,0.5598419920909009,1,0
16.50776082484225,0.4370580169421936,12,2,0.45820934564772514,1,5
7.144953586547623,0.5804018651838244,12,2,0.5804018651838244,1,2
5.064674018613934,0.23942295124020135,7,1,0.23942295124020135,1,1
0.6133691840959373,0.5692199589028515,7,5,0.5692199589028515,0,1
5.727184293106307,0.26133915471040603,16,3,0.3115801971702803,0,1
27.663418487077905,0.5943170165139788,7,5,0.5943170165139788,1,0
0.9055235198535849,0.2956286505115753,12,1,0.2956286505115753,0,3
4.382971949889022,0.4414462747608553,16,1,0.4414462747608553,0,1
12.591651827404768,0.5950224728619711,16,5,0.6929725174393144,0,1
8.10020549012202,0.26131447428375887,14,4,0.3779969268397641,0,1
7.164446551810038,0.3436777975088348,12,5,0.3436777975088348,0,5
7.2737253373469395,0.5577726850412604,7,4,0.5701001095424981,0,4
2.6729540538896948,0.2733993672139873,7,5,0.3260295478590727,0,1
2.085372505602571,0.03582154349876776,14,2,0.08351384346668311,0,1
9.944247043558274,0.728601410916982,18,6,0.728601410916982,0,1
9.967969194522173,0.20604710713257263,6,5,0.36664626240930803,0,0
12.107700284207489,0.3317512101875085,19,2,0.4577046346406739,0,1
14.667695771019819,0.5312013338902254,9,2,0.5312013338902254,0,2
4.296559421597422,0.17830121925375964,17,6,0.17830121925375964,1,2
4.177106265307195,0.09842641735557395,18,4,0.13217865254634187,0,3
9.605699593850925,0.35074745935496665,10,6,0.3985606591278421,1,2
6.298314449326801,0.0,17,0,0.0050115136859844745,0,3
7.263303891069102,0.24241878462641595,19,3,0.2560938962566129,0,2
9.531716849725228,0.3490077328630812,7,5,0.5020521663551766,0,4
13.243940858080602,0.24600962063496717,22,0,0.40173078016801156,0,0
2.474894442825925,0.0,6,0,0.0780063058137187,1,0
2.825620732365338,0.6188355912408025,14,1,0.7110455057714351,0,2
0.5921762351241633,0.32070763078983505,7,6,0.4059402732284649,0,6
5.180484159656608,0.5862304235523482,7,5,0.5862304235523482,0,1
0.21962462526514198,0.24799274996391105,19,4,0.2929341125116178,0,4
3.759641689092658,0.1239976036618472,8,1,0.15001450905179164,1,1
4.693767514122756,0.35383618405103195,19,5,0.4768506294662838,1,2
2.025783961887135,0.25684257473435607,11,2,0.28606155472600325,0,2
5.361795180877052,0.06444770840172837,16,1,0.1503323555914842,1,3
0.18585037260884726,0.5939568517574991,16,4,0.5939568517574991,0,3
0.2283809956967363,0.17554595542120077,8,1,0.244898615312597,0,5
10.376108217228815,0.0,16,4,0.02719534405749153,0,1
2.6795101452464682,0.5656332107914666,10,5,0.5656332107914666,0,0
0.815334247784568,0.19914039683747534,12,4,0.27159584728317376,0,1
4.431921529674094,0.17843522147687513,7,3,0.2823638748115991,1,1
8.81788764267441,0.0,22,5,0.0,1,0
1.45870802057942,0.6481882973193982,10,3,0.6481882973193982,0,4
5.8513177119389574,0.042103882558062466,12,2,0.06575894037765524,0,4
0.5352661739393837,0.31168989614112996,16,3,0.3511560191588429,0,1
0.31839057546185645,0.4825240645080881,22,3,0.4825240645080881,0,1
4.547453643753125,0.3843433866006194,10,4,0.4130609649533819,1,2
4.667462656168453,0.28806913760156166,21,1,0.28806913760156166,0,0
6.087224689227695,0.0,12,1,0.0,0,2
7.769763377500105,0.1380550328465432,16,0,0.15605172511412868,0,1
22.341342052199956,0.3375600676085044,14,1,0.3375600676085044,0,0
4.357746715382138,0.1425651860026007,11,4,0.19981865732138765,0,1
2.3401182846358726,0.34067189199975356,17,0,0.34067189199975356,0,0
9.513923878396117,0.4363486817630283,12,2,0.47164793644281977,1,1
1.8951087926168237,0.4925005771600203,14,3,0.6098505663213974,0,0
3.467900587639808,0.05476412843746331,19,4,0.05476412843746331,0,0
0.4902310115020194,0.7393292109957909,10,2,0.7393292109957909,0,1
0.15406565724884627,0.4534958689108261,22,0,0.578400114918442,0,1
19.72427953961161,0.2996571692661872,21,4,0.3562699694945187,0,1
10.846605852690375,0.5179073166153281,12,5,0.5179073166153281,1,3
7.14385639679605,0.7730815543999947,12,5,0.9201024273446746,0,4
3.1551578667908515,0.012255979788626081,19,0,0.012255979788626081,1,3
1.1418392168526523,0.25494747150172925,10,0,0.25494747150172925,1,2
1.0207244494371248,0.0,10,4,0.0,0,3
1.7280359347595016,0.3385303065296049,8,3,0.394525107344346,0,1
4.780743889879887,0.37307884838502814,7,1,0.37307884838502814,1,3
7.523095726660655,0.2921675769114481,6,3,0.42670453486928833,0,1
6.47634209818079,0.169093285800338,12,2,0.169093285800338,0,1
1.9704735683339756,0.0,9,0,0.04570754671072764,1,0
18.58862099133784,0.3747067366823537,18,3,0.3789012354501556,1,2
8.034104429251357,0.591086896783065,21,3,0.6426086716867725,1,2
4.849382891587988,0.18179630885331358,15,4,0.22206570700195746,1,2
5.67618283222461,0.388011985804629,6,6,0.3972411326552052,0,0
3.2642271931923084,0.0,19,3,0.0,1,4
1.7079677536443811,0.3914426127385028,19,2,0.4173899215389495,0,3
2.6400847759386745,0.22132354045106856,16,1,0.3462326454165161,0,2
8.509091086540279,0.1475164098794171,20,2,0.1475164098794171,1,0
0.08698847832482566,0.14792727175677386,9,4,0.14792727175677386,0,2
0.7402823534398563,0.221277683593398,7,0,0.28630999199628343,0,2
0.28256626171512317,0.3764866631385071,18,6,0.40250357885548366,0,2
0.24948871150375457,0.037567359760896424,7,3,0.17275205648384082,0,3
11.605218201693951,0.22057693368642942,6,0,0.2752161426401854,0,1
7.29744367020413,0.29170564440017044,12,4,0.4162731839090251,0,5
3.856707566477354,0.08019215509362815,6,0,0.25341958733671427,0,0
0.6177415106868795,0.6593330403350035,18,6,0.6593330403350035,0,2
4.059107794783399,0.12930090398773167,9,1,0.12930090398773167,0,3
3.848701992566227,0.1661126172733019,10,5,0.27671334031782574,0,3
1.1411682768013498,0.1043384100355004,16,4,0.11232344428557377,0,1
3.4133947878139432,0.6596960174276235,7,6,0.6596960174276235,0,1
3.0500196874992413,0.4105810457198963,7,0,0.4105810457198963,0,4
5.740334597478807,0.11268159875127154,11,1,0.11268159875127154,0,2
6.048687216245472,0.5212463117719938,10,1,0.5212463117719938,1,0
0.2781739441232084,0.34013973885777565,14,1,0.405073236455645,0,5
2.8163040279303693,0.3514506842223003,10,2,0.3514506842223003,1,2
5.898749968696372,0.23110455824950943,7,2,0.23110455824950943,0,3
4.196636715646738,0.15011680260860533,18,1,0.23808414148739537,0,0
11.648096719052631,0.36755321981092026,9,1,0.36755321981092026,0,0
6.449848584329986,0.19098255400088193,15,2,0.3037888411665849,1,2
1.067117212603844,0.6633511259150209,21,0,0.7301759464072961,0,1
0.43909461753744505,0.046141778951379164,6,3,0.09081613186250771,0,0
6.170364882653347,0.6072313545709891,9,3,0.6072313545709891,0,1
0.16121443600436658,0.27773623024043986,10,1,0.27773623024043986,0,3
5.288084266843744,0.35981714680422117,18,0,0.35981714680422117,0,1
16.903532732322912,0.4666315533258869,7,5,0.4666315533258869,0,2
5.1406946734652665,0.17395014099911274,15,2,0.17395014099911274,0,3
2.9478041533434434,0.4728496769397273,8,2,0.5583300231201955,0,1
6.1849629470698915,0.0,12,2,0.2011780017323468,0,1
3.6777358443065475,0.15600209335561216,15,4,0.1678932261208814,0,0
4.732886163457921,0.1151874385317869,6,2,0.11843617972776423,0,0
17.028762877397995,0.04929879752564764,11,3,0.04929879752564764,1,0
2.927565164101123,0.25700903238420975,17,5,0.34668584087583815,0,0
19.494551169040523,0.37714999363633894,14,5,0.37714999363633894,0,1
14.145457102619515,0.4405319996998611,14,1,0.4596537693473589,1,3
1.3073775656427,0.3481753514400815,16,2,0.5322368044002431,1,1
0.43130493181894214,0.16686130702129062,11,1,0.18325372649137683,0,3
0.6373520128897813,0.37380328756503345,9,3,0.37380328756503345,0,0
0.11033932708340222,0.32485713897017016,6,3,0.47817974140361846,0,2
0.5952300699345249,0.48721123358720325,9,0,0.6780264801541329,0,2
6.893249235463003,0.4553873405863033,21,3,0.6056751650287469,0,2
0.44309776167856213,0.3060952827841258,6,0,0.3060952827841258,0,1
2.304943129769211,0.12054939876774862,19,2,0.20519510474592273,1,3
11.181156240583663,0.1694099688335838,14,3,0.32151502787254316,0,4
0.14128201908426904,0.19004212807239332,16,3,0.19004212807239332,0,0
10.107183037115751,0.23694673321674883,12,6,0.23694673321674883,1,2
1.986500801037777,0.35361008551795065,22,6,0.39588550614418383,0,0
0.7545007189746458,0.4430348780256117,13,2,0.4430348780256117,1,2
7.1589324506394805,0.2897762613969245,14,0,0.2897762613969245,1,4
5.9483950585993215,0.3032249575800945,19,4,0.3032249575800945,0,2
12.59649488452168,0.3286612610000007,10,5,0.3286612610000007,0,4
7.969761472586402,0.19681893737353198,7,4,0.19681893737353198,0,1
9.76197483596387,0.11492154847140876,17,4,0.13052577901496412,1,2
1.9880031738404313,0.0,7,1,0.02853721050692275,0,2
1.1719997762426817,0.16097012838462552,15,1,0.16097012838462552,0,1
8.332538376032549,0.3946290906535574,14,6,0.4335938488834067,0,2
9.865255099460517,0.1594177123920865,16,1,0.17789158246552433,1,0
27.942029340841383,0.25243859251481204,21,2,0.25243859251481204,1,0
3.19247612491563,0.3932862574824634,10,0,0.39604861449766093,0,1
2.7914634717703963,0.40413789928453375,8,1,0.4311053450725973,0,5
8.987727020061522,0.08409342956679217,7,5,0.12096583910375361,0,0
2.5004020255845187,0.4994118712907283,14,1,0.588491549546357,0,4
16.020827546395957,0.525470017871097,6,3,0.6072437891742922,1,1
11.729034942997494,0.07403002855628801,8,4,0.07842303551817381,1,2
3.362133656652958,0.13523262607176917,14,1,0.13523262607176917,0,1
8.338708298972767,0.5382181366292383,11,2,0.5382181366292383,1,1
8.427797921130104,0.2706292957489398,19,6,0.2916752119327769,1,0
0.6530251128403082,0.0,16,0,0.12919795719109337,0,4
13.970674085205792,0.020063699053462725,20,6,0.020063699053462725,0,2
4.222244938540526,0.25012607496550376,9,6,0.2604507920985612,1,2
10.50799534513998,0.0673914699430796,11,0,0.0673914699430796,0,2
2.3144125569870497,0.21731524587271173,12,3,0.24503043700695734,1,2
13.552743087275557,0.30647924273671573,12,3,0.30647924273671573,1,2
2.9579307243610273,0.5924509208069457,10,0,0.6838431578214369,0,2
0.06538083969105288,0.24190921675444219,22,3,0.24190921675444219,0,0
14.147443781774722,0.5145083599145518,11,1,0.5145083599145518,0,2
0.5743536632908515,0.5857520324073541,9,3,0.6254703572463883,0,2
2.3079218003102335,0.5868619338704152,20,5,0.6193247840190714,0,0
17.981834299129712,0.35695091867711365,12,6,0.35952073254869454,0,2
18.047697240623936,0.0,14,3,0.0,1,3
5.111983746331583,0.392164973080773,19,2,0.392164973080773,0,1
5.995380482343148,0.5096799775627082,6,3,0.5123485172398967,0,2
3.570087981737146,0.2837865789129166,12,0,0.4659600031365492,0,3
2.082136672477182,0.6489167740150497,16,3,0.6603145443625729,0,0
2.3909180073023384,0.4719667122934915,10,2,0.5386003265706212,0,3
6.697941479571037,0.41365467543055684,11,3,0.49994993641592855,0,0
8.375027241978463,0.5172761422411676,9,2,0.5196675971230909,0,1
9.409172497326892,0.36667397025217563,15,1,0.5036483426877097,1,0
9.35298619109245,0.0,6,5,0.0,1,1
0.5738216792419166,0.20017220970592686,7,4,0.23141675083379326,1,1
4.092297579440135,0.5394336054495708,6,2,0.6501188567963859,0,1
0.3556902386924268,0.13848173198034078,7,5,0.19004286761430958,0,2
4.784767894172358,0.2553054989526122,14,1,0.2553054989526122,0,5
3.4953316499237013,0.09103273721938573,10,6,0.11994711727993296,1,0
13.119711985324807,0.6567845190403538,8,5,0.6567845190403538,0,0
2.5931497168073108,0.6362984914836032,18,6,0.6431692723828768,0,2
0.7470358653147052,0.12322622097185412,12,3,0.12322622097185412,0,5
0.9258459272527162,0.32945960007781677,15,5,0.41392480517499286,0,0
8.600583282474563,0.16390119044719045,22,2,0.16390119044719045,1,1
5.77743407848821,0.4229889278062756,20,2,0.5511338878295298,0,1
0.6396522734723127,0.4019366154484658,18,1,0.41733766054440463,1,4
0.5271331300116304,0.4623411143226531,19,2,0.4623411143226531,0,2
7.2432508299185985,0.36638368954157746,16,2,0.5595541607731194,0,1
0.45327653715478283,0.8870812412776936,6,1,0.8870812412776936,0,2
10.351115122851489,0.0944152469978522,16,1,0.0944152469978522,0,0
7.34999851878003,0.0,14,3,0.03296293216293361,0,1
0.5090925034818724,0.22138195985970768,12,0,0.22138195985970768,0,2
0.5319232066668401,0.0,12,1,0.02008613685885162,0,2
25.892751372348553,0.0015075459988014295,13,3,0.0015075459988014295,1,2
2.8130254953137372,0.09973706916040659,13,1,0.32605019526573975,0,1
2.778331562851875,0.11556221891367449,7,2,0.11556221891367449,0,1
10.053452419696063,0.10907637960998795,6,5,0.10907637960998795,1,0
17.652987227779462,0.4036437900890823,13,5,0.4384315325904483,0,3
25.612643637611903,0.19876218778293275,15,1,0.20930896211389055,1,1
8.399395380698051,0.26409708502550394,10,6,0.3452085855459449,0,1
2.832125997714754,0.47884655490018696,22,2,0.47884655490018696,0,1
0.5231639621877435,0.14673549504371472,6,6,0.3001997947032531,0,2
9.007455242727755,0.24709082025905554,9,5,0.28393023784183363,1,3
4.904162445368958,0.3731519972185831,18,3,0.3731519972185831,0,1
3.3121987518298424,0.0,21,3,0.01172458638469067,0,1
14.209426052868544,0.0,7,1,0.06394475262240455,1,5
0.7072812478312814,0.36922346575954457,16,5,0.4188124257450819,0,0
4.071030656237726,0.3984028561133797,19,2,0.3984028561133797,0,3
0.06851153659525001,0.7128440269704821,21,0,0.7128440269704821,0,3
3.794126217497557,0.331618975173362,7,1,0.331618975173362,0,3
0.3477025863955546,0.46394794345161894,19,3,0.4857036181140657,0,1
0.7589459755870274,0.2609054712828052,8,4,0.2988504938224996,0,2
0.7501573920447376,0.35944544431701725,12,0,0.35944544431701725,0,3
6.28541031844183,0.6334513683499068,19,4,0.6617975155745709,0,1
8.223586305578836,0.0,14,3,0.0,1,1
5.253322663217212,0.3827232515143361,14,1,0.3827232515143361,1,4
19.648321254614263,0.7271173460154732,18,3,0.7271173460154732,0,2
2.818779467521603,0.3564068438418685,14,5,0.36200473084145357,0,1
2.0188149445233523,0.6301145926465697,7,4,0.6301145926465697,0,2
12.177015229021379,0.1741575700941115,14,3,0.1741575700941115,1,3
1.5184924063911203,0.29359050116725727,7,2,0.4386694050744351,0,1
19.817220637511465,0.3067049404777175,16,6,0.3713337234656721,1,1
0.07337366615381585,0.0,10,0,0.015193431390284427,0,1
21.01516153727689,0.06636443442995993,10,5,0.06636443442995993,1,4
0.2647139917110114,0.08062498412320276,12,0,0.08062498412320276,0,1
13.306327374960052,0.4644132156065055,18,3,0.4644132156065055,0,3
4.500859502096342,0.474430621136811,10,2,0.5518379579913314,0,1
29.740971647556197,0.3648072885413067,11,3,0.47283529508087907,1,0
0.4599682557267296,0.4648205793711412,10,2,0.7150556039847921,0,3
4.842657982400093,0.26717011745564523,7,4,0.2822059955043251,1,2
20.90145132753603,0.5403863339079087,16,1,0.5403863339079087,1,4
4.442663599086264,0.3017576885264144,14,5,0.37679323174004387,0,1
5.955769742287124,0.31157280948535127,12,6,0.31157280948535127,1,3
7.139407428700645,0.2468814733475177,12,3,0.2826043574285832,1,2
3.6367665340617052,0.4368900955272855,11,2,0.6516677035504266,0,0
5.926045038048132,0.21576023667741734,12,2,0.21576023667741734,1,0
5.2669551708345335,0.4952862754396136,11,4,0.4952862754396136,0,0
13.885396616895886,0.07357017185679865,14,4,0.07357017185679865,0,1
0.27906877046088585,0.08021674905436121,18,0,0.09485361525035663,1,1
1.9790563553925509,0.43748535102530084,12,5,0.43748535102530084,0,5
18.02397603516559,0.28229115708339747,7,0,0.28229115708339747,1,2
13.258054970720917,0.20922171676937432,14,4,0.20922171676937432,0,4
3.6490515717577203,0.4780115464950919,15,4,0.583073600918627,0,3
5.807598172433863,0.1785477171827831,14,4,0.1785477171827831,0,2
1.9492405193707807,0.25995974913992603,14,3,0.3963366422026052,0,1
1.2504249686163869,0.5798455900142319,6,2,0.6014720124888165,1,0
3.7383515928245927,0.6078284691621301,7,2,0.6078284691621301,0,1
2.6157212077004,0.6144796420540655,21,5,0.6764166286262177,0,0
5.257462236039858,0.24357484461321774,12,0,0.30774266160787145,1,1
0.48553370659910877,0.546140580996894,17,4,0.6660010970552508,0,5
21.989760735135405,0.11020943444626435,7,2,0.11020943444626435,0,2
25.70319345331523,0.11861942505558778,6,6,0.12020935455590334,1,1
7.187183291476736,0.0,18,4,0.0,1,0
4.608470606472539,0.634573640379706,19,4,0.6589017374916175,0,3
2.22227580932616,0.12720403018478432,17,2,0.12720403018478432,0,2
10.085443004927981,0.274693484050588,20,0,0.274693484050588,0,2
6.925977501892894,0.11793513161434319,8,1,0.11793513161434319,0,1
1.0648419246029301,0.4390330496660281,17,3,0.4390330496660281,0,1
14.509806551994764,0.22487326785653194,13,0,0.32759723430234244,0,1
10.37396706820363,0.03903662191341012,8,0,0.03903662191341012,1,1
17.950431150200615,0.38833251283721215,6,3,0.4734212435063071,0,2
7.761624025176806,0.01325399503795427,15,5,0.04690129513028361,1,1
5.702424117548237,0.13251885493690171,11,4,0.17393964516011073,0,2
3.25021503955868,0.0,12,5,0.0,0,0
16.19411016928271,0.015208377560478603,15,4,0.0872162162537471,1,2
12.062354280281522,0.3357058339440956,16,3,0.3357058339440956,1,2
0.2776376319187367,0.0,19,5,0.0,1,1
0.16032490119906817,0.0037708550756568315,14,1,0.0037708550756568315,0,4
2.8340865694995774,0.2995262167734384,16,6,0.31080797415312933,1,1
9.981886337976517,0.19127862078138946,22,3,0.19127862078138946,0,1
26.185652809321006,0.6984073271918618,15,2,0.6984073271918618,1,0
0.978057059606878,0.666779309204875,17,1,0.7332494369781903,0,0
5.410344781294414,0.12641550744976926,19,4,0.12641550744976926,0,3
2.8768421985485766,0.41142752368069635,15,4,0.41142752368069635,0,1
21.022251326255777,0.4498565113758902,21,4,0.46167081493141654,1,0
11.075479244601809,0.18050422839511931,6,1,0.18050422839511931,1,2
10.933140278819144,0.0008916927003592146,18,2,0.0008916927003592146,1,1
3.794493426838641,0.29754031013838844,21,1,0.29754031013838844,0,0
3.2150096179640943,0.26543086503717783,8,3,0.362171691828359,1,2
1.9163333529003674,0.21284710060587614,9,4,0.21284710060587614,0,3
0.3481617830690173,0.38846337363289707,20,1,0.38846337363289707,0,2
12.002556840019862,0.14985407859888022,14,4,0.19331757813554265,1,1
10.056704635499537,0.06960049048417136,10,5,0.06960049048417136,1,1
40.0,0.3218165940699664,6,1,0.5045090302510399,1,1
34.169240404465995,0.37719401851377515,6,1,0.46325413096977597,1,2
4.863909555848364,0.06467101121998936,12,0,0.23576786743517567,1,0
8.791698541237565,0.4856181221982162,11,2,0.4856181221982162,0,1
17.377030097246617,0.0,9,0,0.15209319198824733,0,2
11.368632088255474,0.18437730825687132,15,3,0.19722904612005152,0,0
1.7049146674868791,0.2483982927604782,12,3,0.2483982927604782,0,1
3.592960964399187,0.17275525746961404,13,2,0.17275525746961404,0,4
0.8297780658785319,0.1869879052897615,19,0,0.21299645770284958,0,1
18.481342718650254,0.6742148964616228,10,3,0.6742148964616228,1,3
5.591086215531709,0.12982318219222025,12,6,0.12982318219222025,1,2
1.557622352510902,0.7882443444943827,9,5,0.8020113298553369,0,0
6.682977235039502,0.38742535594621036,7,2,0.5615808628564309,0,3
5.77602260845843,0.3184110274623984,13,0,0.4499177223329067,1,3
2.6605227737826365,0.3952480706775332,12,3,0.47701535258474304,1,1
0.7232347283908156,0.8059855498503905,12,3,0.8059855498503905,1,3
6.680647701114612,0.10128139921371038,7,0,0.10962596855154148,1,3
4.407662545116226,0.07591641621272213,6,2,0.22205953101647377,0,1
8.87884248576309,0.14902676068561577,11,5,0.19936590048319536,0,3
4.40585916254109,0.30642862939291216,14,0,0.30642862939291216,1,3
11.470620667850904,0.0,14,0,0.24479643789352856,0,3
4.816524714128925,0.3044678478637216,10,3,0.3044678478637216,0,3
4.938687485880883,0.6387094266827344,8,3,0.6438965148529506,1,1
12.55655185937863,0.3302814781249555,7,4,0.350258379021014,0,0
3.099883883928702,0.2414629082049446,14,1,0.24795714120686865,0,1
0.8633277323417936,0.1763679102632745,10,1,0.1763679102632745,0,1
0.1752301285925681,0.4797023409103129,6,5,0.4797023409103129,0,0
8.442344715975514,0.13483344535239045,14,3,0.13483344535239045,0,4
5.810393802364078,0.6692791841198495,6,3,0.8407417671852411,0,2
7.305992086787259,0.6866719495428715,17,1,0.6866719495428715,0,1
1.4368889609606608,0.3513501597323575,6,1,0.46184790113539964,0,1
0.8796753073696719,0.29769698238467096,11,3,0.3261942088971465,0,4
0.0879088575940127,0.5061319616483119,14,2,0.5061319616483119,0,3
2.5901235690904154,0.518959700445465,6,0,0.518959700445465,0,2
5.348384253989668,0.13880165378811687,12,0,0.13880165378811687,0,3
2.9878912053669042,0.19468897337265959,10,4,0.2662775507848719,0,2
3.451917376970587,0.035530513063340874,16,4,0.035530513063340874,0,0
14.07036913788865,0.38181298766681143,16,1,0.4544712975738501,0,2
2.5686156865506704,0.43332557669137817,14,1,0.43332557669137817,1,7
4.329150168433927,0.030014872427745365,8,0,0.09225550771535349,0,1
9.18523042631821,0.20896021903676815,7,1,0.20896021903676815,0,1
3.0304807877950783,0.030549216483730157,6,2,0.030549216483730157,0,1
5.838542852118512,0.12024003795123245,15,1,0.15127732214214737,0,3
11.89884386210584,0.4102034120452599,10,3,0.4102034120452599,1,1
17.917142492248004,0.1533035866643441,22,2,0.1560001752219545,1,0
0.9544912758890158,0.23983480879354024,14,4,0.24426515292773585,0,2
15.669976578252474,0.0,9,3,0.0781955608962277,0,2
4.065016685973184,0.33739804194493284,18,0,0.341873120400775,0,0
1.7924127261083744,0.29114533603107023,14,5,0.29114533603107023,0,4
3.6875218042241853,0.15420814999336754,14,4,0.18716694579939744,0,2
23.481918585483548,0.2621971404635052,7,4,0.3157185049321384,1,2
4.070947756004158,0.33605897610068886,16,2,0.3480246747899362,1,1
2.391696192602999,0.13702637021813116,18,0,0.13702637021813116,1,1
6.020917643745957,0.004747491199644127,8,4,0.08739626671776968,0,2
1.6477708062936176,0.6611148865373631,8,1,0.7252107875898729,0,3
0.4733718298574102,0.17334545905794546,6,0,0.17334545905794546,0,0
0.8278513182744951,0.28064797936262215,13,5,0.33313863711261693,0,0
0.8221105444020427,0.5021679470040628,19,6,0.6925125199958205,0,3
0.9885594093400378,1.005811037514097,19,3,1.005811037514097,0,2
0.8967603964050993,0.05110271002222683,10,0,0.05110271002222683,0,0
6.144504306454839,0.389965442745302,14,2,0.4162719806428547,1,2
1.2044781422068898,0.15848954294117873,10,3,0.4505874527675728,0,0
2.5448358947688314,0.1922419390846578,19,3,0.21054924716206252,1,3
13.625844750770145,0.155957595798642,13,2,0.155957595798642,1,0
3.854286849879562,0.07486900643988298,16,5,0.07486900643988298,1,3
6.607734501914283,0.2917417276430677,21,1,0.2917417276430677,1,1
1.134771102679299,0.005099462590352877,14,6,0.005099462590352877,0,1
1.2813058859705704,0.4893615133023741,7,1,0.5501449777943493,0,2
0.25036327630539185,0.3110005872066749,22,3,0.3126310366013271,0,3
1.1102840643934853,0.38448699458028796,10,5,0.3904529885123454,0,1
1.9592887117868731,0.20676227761075539,6,3,0.22591887387138526,0,1
1.1688709048986476,0.22655921315765032,22,0,0.24231723486681842,0,0
0.5573154471622055,0.3575127810334656,21,4,0.47978404146138326,0,0
0.7713372809601151,0.06718987351883488,19,1,0.06718987351883488,0,2
3.7057760601922745,0.22840191311733282,7,1,0.4163993757811597,0,3
1.3865532380705794,0.12807729722430916,10,3,0.2646053392496556,1,3
2.7178866930655112,0.12188623788179712,14,1,0.22351424295749162,0,2
4.200031108285982,0.0,6,2,0.0,1,0
7.034744604075254,0.5678653178959999,7,2,0.5678653178959999,0,2
0.24063438060009257,0.1626922493692462,14,1,0.1626922493692462,0,2
9.638965462956717,0.53267521103271,21,1,0.53267521103271,0,0
5.931562142203778,0.5137584642788584,12,2,0.5137584642788584,0,4
0.5117725822580056,0.042800058696701226,18,1,0.042800058696701226,0,2
12.408808190928543,0.08231775286543083,13,1,0.08231775286543083,1,0
15.220161278273569,0.8121005918711368,12,3,0.8151168697054387,1,5
0.3781369653609804,0.6501851883854287,15,5,0.7330047454559496,1,2
1.9450610587719048,0.2936962973343792,15,3,0.37003210202154324,0,0
9.845611099359855,0.35147462128346985,13,3,0.38957687744987046,0,2
8.27614344128585,0.17383071941056225,10,6,0.17383071941056225,0,1
1.2238777923708029,0.386470542840068,14,6,0.386470542840068,1,2
1.4093941870891995,0.15656361985550568,16,0,0.18603068317278088,0,0
2.776710660146218,0.0,10,0,0.09858141846209573,1,4
3.9759753880116864,0.03568884269778977,8,3,0.1667398158678675,0,2
5.7780110043513115,0.30421854957011746,8,3,0.30421854957011746,1,0
2.761875378002107,0.07378655289948244,7,5,0.07378655289948244,1,2
3.725346655325506,0.28654450701729306,20,2,0.28654450701729306,0,1
8.257373642339054,0.08506779211342735,16,6,0.08506779211342735,0,4
0.22423771392887076,0.14352921549960126,13,3,0.2583842041900887,1,4
1.7456197312943833,0.4706330612826384,7,3,0.5956869943750746,0,0
7.496951249736155,0.3494961095280209,14,0,0.3494961095280209,1,4
13.53460052598368,0.2980671157373306,15,0,0.2980671157373306,1,1
4.3006746732504055,0.47579279461413027,21,1,0.47579279461413027,0,1
4.557177014118413,0.39612171866946944,14,0,0.39612171866946944,1,5
0.6801680312439803,0.5893126582502735,20,4,0.6984854062628163,1,0
3.558859476501305,0.20802814753697196,12,0,0.20802814753697196,0,0
4.563640794331739,0.21407300429449824,14,5,0.21407300429449824,0,1
1.6661568195639198,0.03977814672173091,10,0,0.06967037453171748,1,2
1.882047671271263,0.21420385652551605,13,5,0.21420385652551605,1,2
2.841989908814832,0.49295397886048914,10,2,0.49469623574034444,1,0
0.1216521645018871,0.5599974744524268,7,5,0.5731201529451416,0,2
2.3323485675368145,0.4920610336173336,22,4,0.4920610336173336,0,1
1.4253416137417791,0.0,6,6,0.2128734097568158,0,0
2.380495381391896,0.5166290425321469,19,0,0.5166290425321469,0,1
0.7653786197086876,0.0,19,3,0.04760506084071364,0,3
13.272479399658149,0.4796234648244695,19,4,0.4796234648244695,1,0
5.402392883277359,0.22644309468578894,9,0,0.25381801611128024,1,1
6.81979774735819,0.4405066627867711,17,1,0.4405066627867711,0,2
9.340254194266748,0.03351033042108681,8,6,0.12742351162383136,1,4
4.140218531093311,0.5342335265412294,14,1,0.5690680526730469,0,3
0.545592567104735,0.007005050779022193,11,6,0.007005050779022193,0,2
4.621550179768935,0.16630901782936444,13,4,0.18038486278841484,0,2
5.303538347228241,0.10038107444619293,14,0,0.10038107444619293,0,5
8.209299892850456,0.0,20,3,0.0,1,2
3.3902078962978925,0.31890551351769364,6,1,0.31890551351769364,0,2
0.8189080003758733,0.6612178235673922,11,6,0.8010071407311583,0,0
2.0025730815702234,0.8333810444640017,13,3,0.8333810444640017,1,0
2.706688952847741,0.31943115741724953,19,0,0.31943115741724953,0,2
6.22934766973117,0.5233362550135044,14,3,0.5233362550135044,1,1
5.0746903272085175,0.3464189275857074,10,1,0.3464189275857074,1,1
2.641240557910837,0.39977663895364257,18,0,0.39977663895364257,1,1
25.837174633018876,0.2315702697745522,10,0,0.2315702697745522,1,1
5.5849980508032555,0.33901538508452045,12,4,0.47959107098837617,0,4
1.6247671725407997,0.4074957409212857,13,6,0.4074957409212857,0,4
0.6440580277493211,0.18430805422473373,12,1,0.34374750361033746,0,2
0.9953297555389553,0.2845011400214024,11,2,0.2845011400214024,0,2
1.6938410963708457,0.28831397620050236,9,3,0.4073784629032318,0,2
1.0509892497257642,0.4652806634661049,8,0,0.5637807763393491,0,1
1.2389504727274825,0.08679356567446386,14,5,0.1962221908004148,0,2
2.0136350892926793,0.28969155827846965,18,4,0.5031972584105118,0,1
1.142414601977322,0.6824010938105396,15,2,0.6824010938105396,0,0
13.624508696135493,0.5328120305171875,12,2,0.5328120305171875,0,1
0.501814275552001,0.5698358097777411,18,4,0.5755254500252118,0,3
4.460474100676216,0.3048863680356068,6,2,0.3048863680356068,0,3
3.169833338935814,0.36419951273720463,14,4,0.36419951273720463,0,3
24.231852996095522,0.500447233340585,7,6,0.500447233340585,1,0
0.7129640741844294,0.6120511059061862,9,2,0.6120511059061862,0,2
3.0435479624545825,0.0,14,4,0.0,0,1
20.93435798476029,0.03691173859003083,15,1,0.03691173859003083,1,2
12.037464371808928,0.5618888202805296,14,1,0.6367853458062543,0,0
10.191978204217076,0.24462212884623927,10,3,0.29260195695989655,0,2
1.7896505012010278,0.16565584214838452,7,4,0.23965098008668084,0,3
1.1243971967189252,0.04916780260087922,10,0,0.04916780260087922,1,3
6.627357592090702,0.1889966596911781,11,4,0.3091393744990176,0,0
15.902310569759733,0.019526143315235,21,3,0.2015298265154552,0,2
4.881902531428453,0.7182188545464954,12,4,0.7375864507157488,0,1
5.086365368751519,0.2955127896038853,6,3,0.2955127896038853,0,0
1.970850184863905,0.28840989164745645,22,3,0.28840989164745645,0,2
8.80484255047253,0.41761533503356635,13,6,0.41761533503356635,0,1
1.242467892876425,0.4924690338533139,21,0,0.4924690338533139,0,2
2.346526878715396,0.48917763131092784,6,4,0.5505025628354338,0,1
3.3248673004189833,0.5147243887815143,7,0,0.550072067946808,0,2
4.250909775868191,0.1738308898418287,11,5,0.22333814621262923,1,1
1.665675501417635,0.24042663900862773,14,3,0.24042663900862773,1,2
0.7318996328648126,0.4538063310884551,11,0,0.523336969101382,1,1
5.659197944576139,0.194522187672076,14,3,0.194522187672076,0,2
2.043380210619251,0.298978673594555,21,3,0.298978673594555,0,1
5.222718409754662,0.37975275288496285,6,1,0.37975275288496285,0,0
1.0059885166240787,0.45703701646207523,13,0,0.6081309010656336,0,4
3.9367282681711653,0.0,15,2,0.0,1,0
4.563283488774466,0.442949129977789,14,6,0.442949129977789,0,4
0.31928790874272794,0.2532551884296549,7,4,0.2532551884296549,0,0
2.4623016082825395,0.44149154217287623,18,5,0.5380903195414244,0,2
0.8660959609915897,0.45538633847096577,14,4,0.4682484757471381,0,1
0.3928335526351493,0.6215830122238315,6,1,0.6215830122238315,0,0
27.607207868371944,0.5706907295242406,15,5,0.5786507580872248,1,0
2.3347801351165214,0.5693143325220592,19,0,0.5693143325220592,0,2
9.960423682619393,0.5887340638332477,21,1,0.672177691064419,0,1
1.7633330057604084,0.3582757969631892,6,3,0.5612548989643149,0,1
6.864848106122109,0.30643701740736795,10,2,0.30643701740736795,1,4
8.568397336969252,0.47456341663566687,21,4,0.6146369514580126,0,0
5.432679565014839,0.4464161902866045,14,3,0.5686507453782863,0,2
3.8271398642716306,0.23818675265234796,19,6,0.23818675265234796,0,3
3.184546881032267,0.3809646817616536,22,2,0.45229014975214593,0,2
2.574259810223849,0.2929807066430811,6,0,0.31745442735277385,0,1
15.915336289324685,0.12921341830798877,9,2,0.12921341830798877,1,4
10.653642426850787,0.55809214827527,16,1,0.55809214827527,0,5
20.11905833649415,0.31103984850601785,7,0,0.3811273260048612,1,1
0.7963712510166333,0.7097416515397701,10,1,0.7097416515397701,0,0
7.875308180763045,0.0,16,4,0.09977448490186233,0,2
16.716763591567442,0.18864424543132674,20,2,0.18864424543132674,0,0
1.1997348582047862,0.3065277673381743,7,6,0.5154749543508412,1,3
0.4128619048349812,0.5274762195257828,8,2,0.5274762195257828,0,2
8.108358919131732,0.379893874520437,11,4,0.6629993076507124,1,1
5.126562865192018,0.3620945508361503,9,1,0.3620945508361503,0,2
11.064462847928867,0.07454724148917055,16,3,0.15234067739869586,1,1
0.9033494784851557,0.06861172055410572,12,1,0.16731747051781146,0,3
9.516300666191208,0.36450093205798095,12,0,0.3826637274726725,0,1
1.3510786384021376,0.02717880123632832,6,4,0.1396213745499843,0,1
1.0722911937931079,0.19362444994213426,17,3,0.19362444994213426,0,3
1.0766679393597043,0.4001834658171715,13,4,0.4001834658171715,0,1
10.110619695384052,0.1035351455446448,11,5,0.10869552352219276,1,1
6.5652818340958135,0.6210711924723613,21,3,0.6984049539821665,0,0
4.442255738076266,0.544787268847578,12,1,0.544787268847578,0,2
2.666768410068409,0.0,16,0,0.0286364405676165,0,4
12.583216003765994,0.11352575136360255,16,4,0.11352575136360255,1,3
2.9898764981846697,0.0,13,2,0.02497979304567746,1,3
10.176495977088418,0.14348172749037333,11,4,0.14348172749037333,0,1
3.469649286683282,0.45327769531447987,12,6,0.4716899688485822,0,1
2.8387173949064226,0.2172210115450286,16,4,0.22896567948851232,0,1
3.7269663593976157,0.39215944872319347,13,3,0.39215944872319347,0,5
2.1518716525838526,0.0,21,6,0.014691165132934118,1,0
8.260663877621637,0.4595950509163811,16,1,0.4595950509163811,1,2
4.191616894173576,0.18897815441433002,6,4,0.28143188214958115,0,1
1.5854551859823913,0.302433936456581,10,4,0.3960710038370963,0,4
13.790039097303502,0.28142509972138946,13,2,0.3019796700938963,1,4
2.905990454152268,0.045690295821543214,7,3,0.055287090372910574,1,3
4.705694293066581,0.06938313365204352,6,2,0.14397528404749282,1,2
14.216973652257758,0.4935588938006852,20,3,0.5882243108923728,0,1
5.872795823143984,0.3797984315003391,16,4,0.5352738305575325,1,3
0.7458876951466785,0.5100098083106853,7,6,0.5100098083106853,0,2
16.863700103593253,0.36493164710050363,12,3,0.36493164710050363,1,1
5.928461573608957,0.32859812696184326,12,1,0.4247624452835958,1,1
2.4469578933078564,0.0,9,2,0.15818332179692432,1,1
0.8998609236985549,0.24592666064776603,13,4,0.2530082684655063,0,3
9.480008374081603,0.29452313591925117,7,1,0.29452313591925117,0,0
5.806653045377114,0.6906214396545148,10,0,0.8506148245504109,1,2
4.574483148294169,0.43739132641973544,16,3,0.43739132641973544,0,1
13.459819983218672,0.6072122363419057,7,6,0.6072122363419057,0,5
9.323940082176431,0.4195075411789456,14,2,0.4195075411789456,0,4
0.9869479207580453,0.1577393546101041,11,0,0.16059803204472523,0,0
2.2413753083748027,0.3234248432299703,6,0,0.42705145416652,0,1
1.7140177112930277,0.3472447292528466,16,1,0.3472447292528466,0,1
8.174208371210469,0.11216888604586364,14,3,0.21547335600207995,0,3
0.2046452391470276,0.22312252468141575,12,5,0.22312252468141575,0,1
5.062281338316858,0.2588466012645656,7,2,0.3029537832929183,0,0
8.624482295158673,0.6211239665130237,11,0,0.6211239665130237,0,0
12.562004066315627,0.0,16,0,0.0,1,5
2.512047561270556,0.5411636841432086,9,0,0.5411636841432086,0,3
10.330847781246018,0.11264095300812343,16,3,0.2394225711602394,1,2
0.703463310592664,0.02558416254607715,8,1,0.1313352025080936,0,2
11.242463743270125,0.5359884260076928,19,5,0.5359884260076928,1,1
0.818277783168425,0.4463796138468762,6,1,0.5572720496965557,0,0
3.037887787259186,0.550903740476238,16,1,0.6035264704920054,0,3
9.57603217995894,0.46014038950911534,18,2,0.5039413687807553,0,1
0.974530739522497,0.7119690003474803,21,1,0.9405828676366931,0,0
1.5623581346685056,0.4117447673888971,7,4,0.4117447673888971,1,1
7.686258585869433,0.26870452477536827,20,6,0.3660634335980247,0,2
7.6385770319501685,0.3685852754642685,20,0,0.3724334324784682,1,0
6.149065252424345,0.5486938256691927,15,3,0.7113303300770248,0,0
7.104010254525702,0.14412493494797657,22,5,0.17900903014543768,1,1
4.694814607173829,0.16962228349372382,7,4,0.16962228349372382,1,0
1.7405021955564595,0.2382079970804185,16,1,0.2382079970804185,1,2
2.5450991627595805,0.0,16,5,0.02326985147873185,0,2
1.2024076470991911,0.32761568168350935,10,2,0.32761568168350935,0,6
14.34525683594191,0.0,19,2,0.0,1,1
5.253654327819591,0.3106118625865238,16,6,0.44221088290637467,1,1
3.073473956874134,0.47305795122704997,11,4,0.5862421810950992,0,1
3.71944503792698,0.20462470787123285,7,0,0.20475366931591688,1,1
17.656942421983267,0.6354231740373741,14,4,0.706492258389525,1,2
0.9988173007710041,0.007899820116302414,17,4,0.08446877519984712,0,0
5.294667654651324,0.5382521363263665,14,4,0.5433972430782298,0,0
4.229966644759064,0.4350274112813841,16,3,0.4350274112813841,1,1
5.672065908018436,0.0,15,3,0.03464436235611278,0,1
0.10965708243898341,0.8421588598081065,14,0,0.8421588598081065,0,2
12.34016113524418,0.2872509428992068,11,4,0.4882778623748705,0,1
16.13993122014751,0.12450319556887363,6,5,0.19041416372420802,1,0
4.996292783660386,0.01858256104319661,7,0,0.08488754895584455,0,4
7.15722444315575,0.25599639446806516,14,2,0.40475745551836734,0,2
15.344816147073757,0.27451862552200806,12,5,0.28561864659817743,1,0
7.3703847203551085,0.32052910570793286,18,2,0.5197836129986675,0,2
0.9930630547447303,0.24044076875520795,12,5,0.24044076875520795,0,2
5.152212899115361,0.42664506202301866,10,2,0.42664506202301866,0,1
5.599325142204091,0.22247403346735073,9,5,0.35647726160125587,0,2
3.311247023536927,0.0,10,5,0.0,1,3
8.000941823300352,0.27012770087007176,19,2,0.27012770087007176,0,2
16.34206131457485,0.0,11,0,0.04854643101576477,0,2
15.587257278324703,0.3707541261782779,9,5,0.4240227532177531,0,2
3.596185777821706,0.10413995394347292,10,0,0.10413995394347292,1,1
0.7210722273107051,0.3326720709831601,15,6,0.4783743474356428,0,2
25.135043934724237,0.5628149963049208,10,2,0.5628149963049208,1,1
10.954308664910657,0.11025026094639995,14,3,0.13232618849384412,1,3
0.7988757583023803,0.5122512517024236,19,1,0.5122512517024236,0,1
15.217847645779656,0.21332208666276936,13,1,0.21332208666276936,0,2
12.23654358736118,0.6506389604131171,6,3,0.6506389604131171,0,3
4.3893083158118955,0.22696947736035733,6,5,0.22696947736035733,0,0
5.368282720974449,0.1319014028986617,11,0,0.1319014028986617,0,1
3.0549890604540817,0.4374476900790577,14,6,0.5615947925395008,0,3
0.3379088954597627,0.2128420540752728,17,5,0.22992576947390916,0,5
2.4495893178044468,0.1317100971741983,11,1,0.16123969680459843,1,2
9.742847466397073,0.20443202985924175,7,0,0.20443202985924175,1,5
0.02785670439805731,0.2910786935633997,16,5,0.2910786935633997,0,0
2.434283379541012,0.5684360262489708,19,3,0.6254166675238326,0,1
3.046668569128069,0.0,10,3,0.0,0,2
4.62529814474329,0.3046161317900841,22,1,0.3046161317900841,1,1
15.14355285691825,0.4249807189308086,15,6,0.4249807189308086,0,0
2.5510626653447406,0.3386897149983592,21,2,0.3699364217681412,1,0
2.5566389157509715,0.5619730338867068,7,1,0.5619730338867068,0,3
8.025053709993394,0.28513093404829515,9,1,0.550719831103918,0,1
3.611266640954036,0.26308971156281097,8,5,0.3532763757288013,1,2
1.5262948422163523,0.41846590940266865,10,0,0.4582199113834363,1,2
3.6136941034569308,0.31986276299026994,11,3,0.31986276299026994,0,0
0.9109195315883223,0.22191825234390578,14,3,0.22191825234390578,0,2
1.1643270192485806,0.40322880791727594,15,4,0.5019637032298179,0,1
4.139328256816906,0.16949434135667094,12,2,0.19003459222007354,0,2
3.257257297536042,0.17776456959613457,18,5,0.17776456959613457,0,0
14.779756411516878,0.19440119564687725,9,6,0.19440119564687725,1,2
2.7002074982383695,0.5706138320332814,20,1,0.6245930818179497,0,1
5.213414302711632,0.0,7,1,0.0,0,1
6.002344635107088,0.3791197669525885,22,3,0.3791197669525885,0,0
0.07908566895395536,0.3068543628400444,19,3,0.3068543628400444,1,2
6.535609182215934,0.0,20,4,0.1385772420320188,1,2
1.1763518411954892,0.36194535582720044,10,3,0.36194535582720044,0,3
19.47598963363456,0.3951503983663064,17,2,0.5354379853061191,1,3
0.9656814258610804,0.41792784627148,12,6,0.41792784627148,0,6
3.213006687219641,0.0,13,2,0.0,0,2
0.5352806259030187,0.5732778823708877,10,4,0.5732778823708877,0,2
34.608489690904555,0.15245265906303182,10,6,0.15245265906303182,1,2
4.185281193949357,0.4373135493506352,9,0,0.4373135493506352,0,2
5.428915944533674,0.4482147561364572,21,2,0.4482147561364572,0,2
0.41659230496952504,0.1246605828761414,13,2,0.18200785570091116,0,1
8.316817531295994,0.43209199047031005,7,1,0.43209199047031005,0,1
1.4136170295015793,0.22290135181752835,13,4,0.3072019790702514,0,3
13.699889140869782,0.0,14,2,0.0,1,1
1.377532968965,0.5335483851055558,10,6,0.5335483851055558,0,0
1.269422578852895,0.14499100739675203,7,2,0.21788352957090176,1,5
0.223406051146033,0.12910130745238912,8,5,0.14017166458480004,0,1
3.8327147597727835,0.21938682639265555,14,6,0.21938682639265555,0,0
4.992264622057084,0.3544473450654776,16,0,0.3808349899767795,0,2
0.4078016410749388,0.28854591783557954,9,0,0.43034769883754165,0,3
8.964015561590234,0.40961338494143407,13,3,0.40961338494143407,0,0
3.6230079017617305,0.03210212669426821,6,3,0.03210212669426821,0,2
4.458945927555581,0.15152272591385305,17,3,0.25567595120245734,0,2
3.4870888307254817,0.27680058553569326,16,3,0.27680058553569326,1,3
3.072589207649528,0.6795774585317411,12,4,0.7352261682894818,0,2
4.920980742827249,0.27723749231724837,21,4,0.27723749231724837,0,0
1.0122180405657328,0.5170444527323264,19,2,0.5170444527323264,0,2
1.204830517251753,0.30771103375686354,17,1,0.30771103375686354,0,2
11.873695969776842,0.2032682725124863,16,1,0.2032682725124863,1,3
17.52547025558811,0.25065511517711186,7,2,0.3297947436455388,1,1
2.8038131248508313,0.2663160575942238,7,5,0.33302021279828103,1,2
1.8943881941559961,0.4207291477921477,16,6,0.4444110867635003,0,4
6.196939590566743,0.5749222535153109,12,2,0.5749222535153109,0,0
3.1529374056434776,0.3719361695372642,6,6,0.4499883400168828,0,1
0.15428489239588217,0.5374155357483511,16,2,0.5996436792319131,0,3
1.0187016197970638,0.10704205247406287,18,4,0.18576589503373359,1,1
7.552099559118274,0.21707389823719386,7,6,0.2559834255970481,0,2
6.453898693905215,0.15513949315846662,15,6,0.15513949315846662,0,1
0.1648191473066406,0.3628889181749705,19,2,0.3628889181749705,0,3
1.50595784320023,0.22820832296411725,6,1,0.22820832296411725,0,1
1.576569473705586,0.4459545874068391,14,0,0.4459545874068391,0,3
6.686488336967111,0.11379965767351169,16,0,0.15720236798199919,0,3
0.11944428775283643,0.30860619466425626,16,0,0.4618184788840426,0,2
0.659616351608237,0.4373715822024512,19,5,0.5200327879715342,0,2
9.654110563777449,0.0,14,0,0.0,0,2
1.180066256710712,0.7243262614660406,20,0,0.7243262614660406,0,1
6.346194533523461,0.24336962302402484,14,2,0.3120943578775916,1,2
1.6322917332539713,0.0,16,2,0.018068890265463242,0,4
0.6284402009092279,0.3316187797153572,7,4,0.3316187797153572,0,3
1.6717170984686835,0.3066886935946302,11,5,0.3292914358331863,0,0
7.686568878582191,0.2836211240855014,17,4,0.3592752903164067,0,0
11.615018024723577,0.49823822258533323,16,1,0.49823822258533323,0,0
10.639505999853386,0.44948899428541117,17,4,0.44948899428541117,1,4
3.0368549368505304,0.359575238204769,17,2,0.48804700256703437,0,0
6.617260670427569,0.3900311267893295,16,5,0.49404969920715974,0,2
1.3763604619738847,0.2791283101123827,6,5,0.2791283101123827,0,1
2.081601531675101,0.6550981698480096,12,3,0.6550981698480096,0,1
13.599591771785427,0.004160796328446681,13,3,0.004160796328446681,0,0
0.07852313037771001,0.3279303348431793,6,0,0.4166705622531058,0,1
0.5363228377826947,0.313004926237756,13,0,0.313004926237756,0,1
1.398301681438891,0.46265608121291857,21,4,0.5257008212457502,0,2
0.1613432113459013,0.13122922451502012,13,2,0.24702465110098865,0,2
1.2012180197416367,0.0,12,4,0.0,1,1
5.2486123724662,0.3313646032196386,12,3,0.3313646032196386,0,7
3.283117910206802,0.3562460984437208,7,1,0.4712977382892988,0,0
13.391178124930965,0.5979198818895298,12,0,0.5979198818895298,0,1
10.20417541811687,0.04592759073498276,7,4,0.10348987024932726,0,4
2.509636831014192,0.5309387533433441,10,2,0.5309387533433441,0,0
1.8019575128836713,0.7734828728054244,6,0,0.7734828728054244,0,1
2.8652388486512264,0.22444702249550458,19,3,0.27598663740523843,0,3
5.353906500859832,0.041811556101355174,16,0,0.19348308047861038,0,2
1.872370258891637,0.21860512672532575,13,5,0.2596316275769364,0,2
5.871373473282525,0.30280099347427614,16,0,0.3643396982299476,0,3
3.159816235678867,0.41275757500138294,18,1,0.4758792624055715,0,1
4.818404199089066,0.1817210540323905,7,0,0.3480378275334891,1,1
3.4375523705466726,0.6110397068294684,12,0,0.6110397068294684,0,1
2.0927998515739987,0.07709353699838764,8,2,0.07709353699838764,0,1
17.791603326913222,0.0,15,3,0.12614110966835373,1,2
8.653527022395817,0.5213420848574635,18,3,0.5213420848574635,0,3
0.9057269887381252,0.0,8,3,0.0,0,1
12.171029566315944,0.25917404622545676,18,6,0.25917404622545676,0,4
4.009921977971499,0.9235362258416095,17,2,0.9235362258416095,0,4
13.49723694173846,0.2975912894080137,11,4,0.3886944683192785,0,3
9.652286723579401,0.07584646986075005,21,5,0.1457313710357797,1,1
3.3225397155516436,0.2885205072426412,7,1,0.2885205072426412,0,1
0.1363535368652407,0.2898398422760933,15,2,0.4136598633316826,0,0
1.87740328665892,0.33212998807062327,12,5,0.33212998807062327,0,1
4.680526534078778,0.4324525964319239,12,1,0.619357642287426,0,3
6.022183991607218,0.09217776632645214,16,3,0.09217776632645214,1,2
1.7895280795736332,0.6375096110473588,7,4,0.6375096110473588,0,1
0.9004465129842932,0.34902285687452356,8,2,0.34902285687452356,0,0
10.80832252297435,0.44535880928036076,14,3,0.44535880928036076,0,2
24.963744979123405,0.17437012004887148,18,0,0.23023185664891319,1,3
4.475367281832521,0.5572764273991067,14,2,0.5572764273991067,0,6
1.1301291819604435,0.24858951823738706,15,3,0.24858951823738706,0,4
1.9072588303735971,0.3555105026987063,10,2,0.40323191739896125,0,1
0.11137132446459605,0.11337878456257813,12,0,0.31155944141931047,0,0
14.741331166161341,0.10061367471957461,8,6,0.10061367471957461,0,1
0.7516862630772181,0.43764106129057656,20,4,0.43764106129057656,0,4
5.155444013208935,0.2112786339585228,13,3,0.2112786339585228,1,4
1.9216879716167574,0.12923538249912456,7,0,0.17441760127756886,1,1
4.8470130924419115,0.1713633315945939,19,0,0.1713633315945939,0,4
6.323331803916162,0.4397906143434842,18,1,0.4397906143434842,0,3
10.62263515453416,0.1741924277592778,14,5,0.18444908228133627,0,2
1.387215165027215,0.27646901367956717,20,4,0.334591902301362,0,0
0.06634037779018317,0.3030055500574194,11,6,0.3030055500574194,0,0
0.8832484241243432,0.0,20,6,0.009788505303252487,0,2
13.81662917311909,0.0057747189252963516,15,4,0.032168306080338174,0,0
12.423608112318735,0.3672555778495125,8,0,0.3672555778495125,0,0
5.459065861178955,0.15259412776946055,21,6,0.18476247545103464,0,1
5.505502311032082,0.5113449822560837,16,5,0.5113449822560837,0,1
6.562405376445075,0.49336142085010887,10,0,0.49336142085010887,0,1
1.156932171831313,0.44383373327108744,8,0,0.44383373327108744,0,2
14.749257364627809,0.6639543574625195,9,4,0.6639543574625195,0,2
3.2556578060779082,0.28338213445136334,14,2,0.28338213445136334,1,3
2.8986647959672105,0.4297763851807678,22,0,0.4998531352257296,0,0
4.390301595736086,0.18311980468079375,7,2,0.24967585696402336,1,1
0.2886279857518633,0.7904739825737448,12,0,0.7904739825737448,1,1
1.0911702302956339,0.6967267304872039,6,0,0.6967267304872039,0,0
8.037234542543779,0.3023760869035584,21,6,0.3047697818874604,0,1
0.5185696540310616,0.37731724598103844,12,5,0.43009723436694075,0,4
5.545213313910693,0.5718595198729611,17,4,0.5718595198729611,0,3
1.6890002016026449,0.2705720990371786,15,2,0.2705720990371786,1,0
2.95885354155113,0.16867518584005903,6,0,0.24639961199216487,0,2
2.043913151724876,0.4747979502013765,11,5,0.6427812663351395,0,2
2.637290866337121,0.315687849216734,8,3,0.315687849216734,0,1
7.61738391983212,0.33659888992905207,19,1,0.39248577860771494,0,1
2.1154292376333053,0.1331457313864069,22,2,0.1331457313864069,0,2
5.013861184234213,0.0,20,3,0.10917562805779704,0,0
3.8781587201415704,0.34722848197582024,12,3,0.34722848197582024,0,3
6.53799553855607,0.48099240829883994,12,3,0.4829484982179269,0,4
16.571529885077815,0.2548386501847916,13,4,0.2548386501847916,1,0
7.913431627530257,0.5872859039117734,21,0,0.5872859039117734,1,0
1.451973679464284,0.1592167349168911,15,0,0.24718584109349656,0,1
0.19007807294554707,0.08905910900681599,18,3,0.08905910900681599,0,1
1.8250158120335274,0.2865539385607737,19,1,0.2865539385607737,0,3
5.424363911238584,0.2834814849297419,9,2,0.3744489675848836,1,2
0.3167716685986481,0.45399374626704453,13,3,0.5050459417460748,0,2
4.115435736157133,0.14500743518720302,12,1,0.1688489169799173,1,1
5.450573039925361,0.5736188473629796,7,0,0.5736188473629796,1,1
2.4409912676286023,0.6933833925016508,12,3,0.7428094412556743,1,0
8.841899754880409,0.2921711946063316,8,4,0.2921711946063316,1,2
0.676313488588068,0.5499420840368637,21,6,0.5499420840368637,0,0
0.4686630347534821,0.08870058587494795,6,2,0.08870058587494795,1,1
7.8158844612983565,0.5150443082363831,13,2,0.5733426005618236,1,1
4.105021359978411,0.5094552817118925,11,1,0.5554454581959134,0,0
6.996255934398846,0.47268745603797574,13,0,0.4742036398824969,0,2
3.423743994773144,0.2968873822259412,9,0,0.2968873822259412,0,2
1.6973775225511898,0.0,6,3,0.10770924149717172,1,0
10.258942191427176,0.17165457126957412,11,2,0.25664651701846886,0,1
9.63912938376114,0.17481679646307957,22,4,0.17481679646307957,0,0
7.1186929182547285,0.1043490123879045,17,1,0.240473710072994,0,2
1.9059216899281926,0.32444860090941324,14,4,0.32444860090941324,0,1
5.352965278340785,0.21620731089575307,14,6,0.22534397649047186,0,4
2.686859853478932,0.1350775980469956,15,0,0.14567858316230317,0,2
0.5763044076399193,0.08823997035043601,14,0,0.11184828464898937,0,4
14.956199061225849,0.15689740290295426,17,3,0.15689740290295426,1,2
0.8827826929171202,0.5242998423699856,13,4,0.5242998423699856,0,3
18.002943918736577,0.16779498907450116,15,6,0.16779498907450116,1,1
3.543606076745233,0.1970122587133455,14,3,0.1970122587133455,0,5
1.228381691480795,0.20866047699535073,11,0,0.2418084304727566,0,0
4.684019076910419,0.3677987027618839,16,0,0.38047206968473535,1,0
12.378850765692352,0.39124989770570656,20,0,0.5239989316869713,0,1
7.905646674782842,0.0,10,0,0.12999641041739943,1,1
9.856762956442545,0.5043270427655216,22,5,0.5094320591605788,1,1
6.4514262910224165,0.5872736068487507,7,4,0.7363954246347558,0,1
7.071323016849194,0.08996269252766609,6,1,0.1108082302266158,0,0
11.350631928301677,0.10554035105303303,7,6,0.10554035105303303,1,1
1.7234370932407206,0.2099493224443457,11,6,0.38065904802407746,0,1
4.033305997027448,0.14879919610867903,14,1,0.14879919610867903,0,0
1.5000787746367341,0.34478537478932125,16,1,0.34478537478932125,0,3
26.373350504431976,0.0,12,5,0.0,1,2
17.300782723922488,0.07641447839265203,17,0,0.09496083300956024,1,0
0.24135060723227453,0.6078394400349816,16,6,0.6706527407949159,0,3
7.336389379174374,0.1143560065303964,21,5,0.1143560065303964,1,0
15.561501344851532,0.548685655620585,12,1,0.548685655620585,0,1
1.1949169523271,0.37106763911802737,21,2,0.37106763911802737,0,2
5.035217505875414,0.0,17,1,0.0,0,2
14.825191584753181,0.42706583904324125,6,5,0.5609742547834302,0,1
0.20721314126527088,0.2764665395614293,14,4,0.2910658538463059,0,3
7.172462741357313,0.20890658875005189,14,6,0.20890658875005189,0,4
2.1173697884712768,0.34899141863440075,7,2,0.34899141863440075,0,1
15.493492028134055,0.3949266971133584,18,3,0.3949266971133584,0,5
21.25481953573352,0.44151836439492387,20,0,0.44151836439492387,0,0
17.32304208744585,0.5356505695096004,15,3,0.536022639040197,0,0
3.8571684311907495,0.3816271825556713,11,1,0.3816271825556713,1,1
11.88486424041215,0.02487318224272761,16,0,0.04382881922966718,0,2
11.168563639794474,0.20527090846976176,7,0,0.20527090846976176,0,3
2.306043129117206,0.8886096670537242,16,2,0.9005441589010796,0,2
10.59358524836792,0.4448982120763455,12,1,0.4448982120763455,0,6
0.22625877161345836,0.7738574601622994,15,4,0.8399063614263652,0,1
5.442051841726841,0.5790868164398371,19,1,0.6894195284540267,1,4
1.568257447183714,0.3483604143111497,19,4,0.3483604143111497,1,2
0.7708666048298642,0.3602814139562235,9,1,0.42694270253977895,0,2
0.48045205982629646,0.29268399202463086,17,3,0.3985638655549178,0,5
7.150067698129423,0.0,13,3,0.06862315343136048,0,2
2.4919560784114023,0.30360945049364485,6,2,0.30360945049364485,0,2
7.740818623322266,0.5421349105084394,14,2,0.6517164775370121,1,4
0.40553961293684593,0.18007200103575927,12,3,0.18007200103575927,0,3
2.2725622885060695,0.3823905998123619,16,2,0.3823905998123619,1,3
4.652541086400297,0.4703182091786395,7,2,0.4703182091786395,0,2
9.384584000027925,0.11806391213750489,14,5,0.11806391213750489,1,5
2.3029776422409536,0.20973942713126706,16,1,0.2970029694872998,0,1
5.899254518412976,0.09641770190456816,7,1,0.09641770190456816,0,1
13.02816995234562,0.1355668786621186,10,0,0.14917087895753584,0,2
5.740539054432517,0.042478943269387726,6,5,0.042478943269387726,1,0
1.591293857795097,0.11991030772439462,22,3,0.2534899807774915,0,0
0.14822048246493136,0.5838911361595678,13,0,0.6425620093056472,0,3
12.24589011824509,0.11690459418194149,14,1,0.11690459418194149,1,0
0.1289931849615679,0.325291843812138,16,2,0.44441744275759043,0,3
12.462346599625022,0.19942624926580882,6,1,0.21567695061150885,1,0
4.516582322817326,0.5357731874073878,13,3,0.5446766728307483,0,0
16.78795105675598,0.5622324593207233,10,5,0.7417545286842222,0,1
9.620235138138751,0.4728139964277894,10,3,0.4728139964277894,1,0
37.093166465083954,0.36122691062055107,13,6,0.40460856874759416,1,1
2.591271701089702,0.2537880926318203,10,2,0.2537880926318203,0,1
8.745151554668746,0.06162505916175001,8,3,0.06162505916175001,0,3
3.084294015737645,0.6887057762244395,14,5,0.8230988629717761,0,3
3.9221238257111475,0.1480653964494893,8,3,0.1480653964494893,0,1
5.925197445768692,0.4327292694065683,14,4,0.4327292694065683,0,4
12.41348438419434,0.5119131145246795,10,6,0.5416256286922689,0,3
24.842382221047853,0.1889439006189341,8,0,0.30857641258623747,1,1
8.77318266203535,0.5076025054631924,10,4,0.5076025054631924,1,5
3.2453051615468507,0.4528426406677711,8,3,0.5338617950470841,0,4
3.282417454914145,0.645592767076353,7,5,0.8140611872983812,0,3
8.026906655841994,0.20613070671465775,18,3,0.38341872302887015,0,2
1.636974720357566,0.04282719654405698,21,1,0.16675837440204078,0,1
0.7024000174839689,0.19890204891109775,21,4,0.32276825041935264,0,0
2.627515989564699,0.3417707085068663,8,4,0.4400648708332835,1,2
2.031654638506956,0.3116425454170113,14,1,0.3116425454170113,1,1
2.108488138393833,0.2213124207450899,16,4,0.2622562593823082,1,2
1.5963669957569806,0.0,9,3,0.04348710924605656,0,1
0.25802868562408393,0.3940965992258213,15,3,0.45183543939956294,0,2
0.10821361699169435,0.69446889581644,19,1,0.69446889581644,0,1
26.399867874673813,0.3928502476246007,16,0,0.4508499426857077,1,4
3.349318481352612,0.4218271038107027,7,2,0.5242236441967635,1,2
2.910232364731907,0.41448906123102036,19,0,0.4427434936416184,1,1
6.829995891758683,0.37940933397647997,22,2,0.37940933397647997,0,1
1.4773515356456,0.48633319337361897,16,4,0.48633319337361897,1,2
17.969737522438656,0.37907473623713317,6,4,0.41950425496014515,1,1
9.260356691253516,0.2374645660693448,18,6,0.2522623568092891,0,0
0.5619818318460417,0.14080221799824916,7,1,0.14080221799824916,0,1
3.243388644200339,0.25020526894386497,19,4,0.2836056164118176,0,4
12.67765776084512,0.3628258992901332,17,2,0.3628258992901332,1,4
17.373369618724993,0.2367834077754053,11,4,0.2367834077754053,1,0
3.779924658608354,0.3628677366262861,13,3,0.3628677366262861,0,3
5.7023650354586195,0.3878300267400835,20,3,0.3878300267400835,0,2
1.0965743355407913,0.46663588625403635,6,0,0.46663588625403635,0,0
28.37666811655688,0.556558993767796,6,6,0.556558993767796,1,0
1.5812289901060996,0.3156014836957715,16,5,0.3304562646855564,1,0
17.16005598896333,0.03844468697046782,21,1,0.060126616290783835,0,1
6.292878356811361,0.23097918063616196,10,3,0.23097918063616196,1,1
5.614933337233164,0.3088125134813199,18,5,0.3088125134813199,0,1
4.313110515554647,0.0,15,2,0.005184594877522854,0,0
1.5734101683117758,0.5777329040204964,19,4,0.5777329040204964,0,2
1.1653546201402036,0.32847558250209324,6,2,0.32847558250209324,0,1
1.4945093917230405,0.376270566916057,10,2,0.4027946723270278,0,3
1.238000781327301,0.5731052925052531,6,4,0.6852787731096673,0,0
9.073444545436779,0.17397143397153061,15,2,0.17397143397153061,0,2
2.585853846438446,0.41480838617680604,12,0,0.42339756702701203,0,1
0.3574980499966109,0.27802717537961286,10,2,0.27802717537961286,0,1
20.862505299160645,0.2631826265968161,11,2,0.3070320732791074,1,1
12.913925820156003,0.14556152243912412,11,2,0.3963608835219412,1,0
15.765927322840525,0.6331206427373055,16,1,0.6919827838386235,0,1
31.680298614298238,0.2248999919848858,9,6,0.26388876409351975,1,3
1.146202179457112,0.4398928493791404,18,1,0.4833892047631076,0,0
3.0274911293632845,0.0,9,0,0.014917375232533609,0,3
8.518820852887625,0.5359977059379573,16,3,0.5359977059379573,1,4
7.144772414528024,0.5104422311914117,15,3,0.5104422311914117,0,0
1.0026773087610412,0.3194868220594606,19,3,0.31957762998419037,1,2
10.151478017917892,0.2546115067724151,12,1,0.2546115067724151,1,3
1.5250240034435176,0.38000000112271326,13,1,0.38000000112271326,0,6
1.5202065238178584,0.7577581321760578,13,3,0.7811665676094929,0,4
4.6198379057450225,0.0,17,3,0.05543974319401438,0,2
5.392767145121514,0.4564054775148255,15,4,0.4975899916495452,0,0
5.206235073176805,0.11767653956921947,14,2,0.11767653956921947,1,4
0.5756754178260824,0.29601632074005374,9,2,0.3371606428935524,0,1
12.595948867748541,0.25042397618426737,7,3,0.25042397618426737,1,0
1.8522089860020934,0.21433634844044885,12,4,0.21433634844044885,0,1
0.8322279658164019,0.2979069741894541,7,4,0.2979069741894541,0,3
13.1757485908802,0.07316577094444188,11,4,0.07374866752350331,1,0
18.694058116519674,0.5058360872255934,7,4,0.5058360872255934,1,4
11.888560706849773,0.0,8,6,0.009934220051340951,1,1
9.949124818401675,0.4079529025656684,6,0,0.4256422210068444,0,1
6.38947500719172,0.23469282949308576,7,3,0.31698228826341013,0,3
4.802488689419393,0.06581502123850924,16,1,0.1013407830169647,0,2
0.5460293805141049,0.34047667411973903,18,0,0.34047667411973903,0,0
3.150086999461589,0.0,16,6,0.030156914330377694,0,2
2.797872471783697,0.3079427643439269,7,3,0.3109927755727184,0,0
1.8046345408577067,0.015424618437689108,8,3,0.057312824196202455,0,2
7.7115334799824105,0.3922544168635662,9,5,0.49812180739005374,0,1
4.109594903505922,0.11512853327392486,17,6,0.11512853327392486,0,3
0.5071166834133513,0.2098011965941381,11,4,0.2098011965941381,0,0
1.4921775670824988,0.35878987758863246,21,3,0.35878987758863246,0,1
6.898020765583494,0.1454915776315528,16,2,0.1454915776315528,0,3
0.4751090411694739,0.28840720006633946,20,2,0.28840720006633946,0,0
11.431191738265229,0.0,11,4,0.08552777385544676,1,0
4.10092226587247,0.42617512071923114,12,1,0.42617512071923114,0,3
3.930330824613546,0.6529827611101543,20,0,0.6822747792533107,0,2
5.3849284595284495,0.8584417735819923,21,5,0.8584417735819923,0,0
10.44688747766686,0.3182336293332878,16,2,0.3182336293332878,1,3
2.5645088036712913,0.45764082815943735,17,1,0.5198904384023443,1,3
6.799523387537106,0.0,8,2,0.12491367606497537,0,5
5.004560046209841,0.6005468652611177,12,1,0.6325001885385,0,3
1.8638888736064243,0.4552457009448212,12,0,0.4552457009448212,0,5
12.65346861264215,0.20321331100975337,16,0,0.20321331100975337,1,3
9.579900802516395,0.5474361600578018,14,4,0.673758855620597,0,2
6.445599416309257,0.2491047846709317,13,3,0.3668233805595628,0,3
11.40603431124964,0.20839496339708868,21,5,0.2587365838908203,1,0
12.117723829323179,0.39506698508549826,16,5,0.5133355679967009,0,0
7.393471925455866,0.08732910003393626,22,2,0.08732910003393626,1,0
10.884521103725595,0.5043249528799896,18,3,0.5739418806579901,0,2
7.173477986231903,0.08880203761463129,19,2,0.08880203761463129,0,2
6.839245750373189,0.08998904203536273,7,4,0.08998904203536273,0,2
5.7836185141331296,0.11806204231833312,19,3,0.11806204231833312,0,3
8.383322349756385,0.45190000750322445,18,4,0.5673875399340056,1,0
1.036165052767674,0.17664492769605844,14,0,0.17664492769605844,0,4
12.76527790831292,0.030400843126566213,12,4,0.12563502855918035,1,1
12.327019932857613,0.17886400001284036,10,3,0.17886400001284036,1,1
0.1781010692581321,0.29359152586390264,9,0,0.3683773322049247,0,1
10.485884257651882,0.06380550326712287,12,1,0.11771596381953595,1,1
0.8277834444225338,0.06966377819313127,18,2,0.06966377819313127,0,2
2.4488818950558517,0.7222592668199168,21,5,0.8223740324004022,0,0
8.16395281896445,0.1278869192372226,9,3,0.1278869192372226,1,0
1.0515506083773791,0.2353915262453986,6,3,0.2353915262453986,0,2
10.221404532951434,0.2265525998401428,12,1,0.2265525998401428,1,5
10.707541782073342,0.2157286384459116,16,0,0.2157286384459116,0,0
4.2491718318575815,0.42426934799382043,14,4,0.42426934799382043,0,2
0.038438091704491,0.4896285900944099,8,1,0.4896285900944099,0,0
2.0299640562711305,0.23880911369368157,13,0,0.23880911369368157,0,4
5.757176966182431,0.05270434268153018,17,5,0.09570885605974369,1,2
23.838980807846447,0.5548880455697807,15,4,0.6705781712518628,0,0
5.994994494534381,0.28093178176066347,13,6,0.44102921662902006,0,2
1.8050381820607022,0.6460643629714338,12,2,0.8675438901933946,0,2
6.0308251676493025,0.0,12,1,0.031096249301796802,1,1
4.658982040666028,0.33908064425666407,10,2,0.33908064425666407,1,3
9.080551380776793,0.6837212667752416,10,6,0.7556147583910658,0,4
0.6788821037749744,0.22934717291236834,12,3,0.22934717291236834,0,3
8.588450884418897,0.25490131533307275,9,0,0.25490131533307275,0,1
4.675716114419337,0.35910233831806776,7,2,0.3990335020206939,0,2
19.779727666605993,0.18824083622300852,12,2,0.18824083622300852,0,2
2.510136539934667,0.2375856135894534,19,0,0.3360819252068956,0,1
6.008182184070138,0.23243698116171937,6,5,0.2794004365364913,0,0
16.13196585341131,0.17451585311472534,14,1,0.17451585311472534,0,0
0.6489179859916476,0.5457713100401119,14,5,0.5863004175859423,0,0
16.60952356103261,0.392215606459287,12,6,0.392215606459287,0,1
6.986315301347814,0.3501256464206604,8,0,0.3501256464206604,1,1
0.4214859017466498,0.4617142013780233,14,0,0.571505295356086,0,1
2.148314498569439,0.2471288333593066,19,6,0.2471288333593066,0,1
7.389545970727875,0.14515923632941988,18,6,0.17381792064410279,0,0
0.4183555643685679,0.1794751390770885,21,4,0.2445006308292797,0,0
5.236090374569782,0.30035660822092175,16,0,0.30035660822092175,0,0
2.546814789068167,0.08815765832541958,15,6,0.08815765832541958,0,1
5.819977142849009,0.19994779668266488,13,6,0.19994779668266488,0,0
0.2809274356677291,0.19677667162571305,16,1,0.3364938985354723,0,0
12.312677069261476,0.7249112459658027,7,4,0.7249112459658027,1,6
21.781166250866047,0.0,15,1,0.0,0,0
20.819013986950505,0.2640760557188733,12,0,0.2640760557188733,1,1
8.30941594176738,0.6451387585629542,7,0,0.8018448533533796,0,1
0.8361671930028346,0.3243688928264908,6,1,0.3243688928264908,0,0
8.51943438696216,0.45068349468421853,19,6,0.45068349468421853,0,1
0.14936533369506788,0.3199652630199536,20,0,0.3199652630199536,0,2
0.1342316864068432,0.1665333237567039,9,5,0.1665333237567039,0,2
2.3459146213033812,0.0,16,1,0.0,0,0
4.02412604953008,0.34109113740726055,19,6,0.40968592618792377,1,1
8.82869353550314,0.14487867907952173,6,1,0.14487867907952173,0,0
6.898714361344913,0.13993291876693922,14,2,0.28761842773375834,1,4
3.542489924374251,0.2002025488041776,7,1,0.23153131439549654,1,0
1.918146975350442,0.6489722813246988,21,0,0.6489722813246988,0,0
35.109172569941876,0.7809675084507945,7,4,0.7809675084507945,1,2
3.332650740660205,0.34344158750568016,17,1,0.34517566954469525,0,3
3.6021722905472573,0.20704655521765444,11,0,0.20704655521765444,1,1
1.0720607547273342,0.06455471650975791,12,6,0.06455471650975791,0,3
9.502900203823849,0.3937080323092138,18,5,0.3937080323092138,1,1
7.098793428219443,0.6565811200130288,12,5,0.6565811200130288,1,3
1.4966911767190558,0.25053192259496865,20,0,0.2752321699422617,0,0
0.5158383414142722,0.0,19,2,0.046310175938503076,0,3
6.845974924423443,0.43400993436310475,14,2,0.43400993436310475,1,1
6.376770566538858,0.4970799422900099,14,4,0.5195763037923652,1,4
1.915115092042438,0.0,9,0,0.0,1,4
18.078926438310656,0.33529683673259053,19,3,0.33529683673259053,0,0
0.9825856991679052,0.3902452032272198,16,1,0.40867211086426497,0,2
3.39734083502047,0.2853785395982123,16,2,0.2878549144087098,0,4
17.253410596797927,0.14184581618292924,16,2,0.21699860584530728,1,1
3.2655428561613005,0.5031874447127113,10,0,0.5105666169715428,0,2
6.105390106380616,0.21932405080626347,7,2,0.21932405080626347,0,4
3.040945818054838,0.00296276746001356,17,2,0.00296276746001356,1,2
1.9230103804012875,0.0,19,1,0.15903348987089272,1,1
24.802623174790646,0.552169903999862,12,1,0.552169903999862,1,0
3.1590274550725392,0.42333279529422363,16,1,0.42333279529422363,0,2
13.471515041088793,0.3175947094258338,10,0,0.3175947094258338,1,1
1.5678348749033426,0.21194507262983928,15,0,0.21194507262983928,0,0
1.4379604882731476,0.19420031715937458,14,6,0.19420031715937458,0,1
0.18977429457333,0.0848526703116777,12,6,0.27703076736647925,0,2
6.327575153255937,0.213708871088023,11,0,0.213708871088023,0,0
2.758194325033208,0.0,8,6,0.0,0,2
11.986428352960761,0.15278726930629713,7,2,0.15278726930629713,1,3
3.8457186882168823,0.23781249672978122,12,4,0.23781249672978122,0,0
20.688494047204806,0.4219760094380838,15,5,0.5281130254532579,1,2
1.2312730695650305,0.29201470732532725,12,3,0.29201470732532725,0,2
12.178113028379464,0.4589846227751118,10,0,0.4589846227751118,0,2
8.992663828045785,0.5698270210226859,18,3,0.5698270210226859,0,1
8.842152263340218,0.5116340187648203,6,3,0.5116340187648203,0,1
11.177595664887534,0.39410196947571136,14,3,0.39410196947571136,0,2
8.588352675622362,0.3023725358361568,15,1,0.3023725358361568,1,3
5.904532502541382,0.10384239831728814,10,3,0.19367534257091074,1,2
0.8441639155654949,0.44798881027586324,14,5,0.44798881027586324,0,0
0.19840148009991426,0.6359494764443059,21,1,0.6359494764443059,0,2
15.218299810885584,0.36842120793008365,14,5,0.45600332844790253,0,0
5.752846136584681,0.6834518296852246,18,0,0.9000518543469469,1,1
9.553635233589837,0.0,14,3,0.023157760103781386,0,2
3.9411501616187676,0.0691673230440917,20,3,0.0691673230440917,0,2
0.7486749850440482,0.4710403015496525,7,6,0.4710403015496525,0,2
0.8024624946980304,0.3528580420306502,19,4,0.3528580420306502,1,3
6.941872889668268,0.5627564353143615,7,4,0.5627564353143615,0,5
3.3759343195451414,0.29690567185465205,7,5,0.5929231539582029,1,3
1.3427980493498168,0.12640491549433358,20,0,0.22145472981050146,0,3
4.0588560804559854,0.2572813515589915,6,3,0.3165547448572551,0,3
0.398178304760758,0.0,14,2,0.0359464081262184,0,5
5.233232593949704,0.07428186538059306,12,2,0.08531839631406365,0,2
1.8799967796747443,0.49448879958360203,19,3,0.5072286750947832,0,2
9.58384374019177,0.47455748289392197,21,4,0.6377957783105312,0,0
2.229530383081163,0.37260085696121537,13,5,0.3869364295649784,0,1
3.644241055171875,0.0,14,5,0.0,1,0
0.07013151630558542,0.22831928489742226,7,2,0.22831928489742226,0,2
0.4512313338401872,0.05500002226798986,19,3,0.06883326180086222,0,2
2.990354982514303,0.535306650757553,16,4,0.535306650757553,0,1
3.922853092680076,0.1832555732874797,9,0,0.1832555732874797,0,3
5.49805262095148,0.0828504578436901,18,6,0.0828504578436901,1,3
2.069008290446749,0.30595923302428485,11,2,0.31236141983746635,1,0
7.124304686335115,0.17196910863307763,11,3,0.17196910863307763,0,0
11.801925026418614,0.5967487820407413,9,0,0.5967487820407413,0,1
9.080703832185424,0.1530378204931618,12,4,0.2792796790283605,0,4
0.24255009838621894,0.02015434815507372,6,2,0.02015434815507372,0,1
3.92941104901265,0.0,13,4,0.0,1,3
0.6651213048572768,0.29384269951731695,6,1,0.33167564594077037,0,0
1.6627876967083093,0.18761397722841472,8,3,0.28761461924464965,0,3
25.903095931376598,0.014219078697654597,15,4,0.014219078697654597,1,1
0.9223734130383517,0.5378452922511571,6,6,0.5378452922511571,0,0
4.145555737254044,0.4334490294858484,6,4,0.4334490294858484,1,0
5.776454609767719,0.29435642421255404,6,0,0.29435642421255404,1,0
7.273339889146429,0.5728652488341733,6,2,0.5728652488341733,0,1
4.921094544228664,0.4325072066797226,17,6,0.4325072066797226,0,0
0.05891337230737936,0.1354288196963135,7,1,0.18344853002264605,0,1
2.3712590159871607,0.09215596720184677,10,0,0.1309236585979401,0,1
4.375278561436099,0.4635963088907723,14,3,0.4635963088907723,0,4
0.5518135026243043,0.3792733912934702,16,3,0.4411533568366973,0,1
2.590487346502096,0.3339495535941323,6,2,0.4628291727743862,0,1
0.20260107423314433,0.1307004394262185,7,3,0.1307004394262185,0,2
0.49102613764852354,0.4215895134011508,16,0,0.579185746763685,0,1
3.0342651212135694,0.14890022337321013,14,6,0.14890022337321013,1,2
0.8543310355479683,0.2796026690812644,21,0,0.2796026690812644,0,3
5.029604423508724,0.589388829277396,14,2,0.589388829277396,0,4
7.0167513789506035,0.16783315283797082,6,5,0.16783315283797082,1,0
9.674254314664555,0.0,14,5,0.10565395402293619,0,1
1.339988245547083,0.0894905616259779,7,4,0.0894905616259779,0,1
1.0998068108104617,0.49885976533752463,12,1,0.5384365569273584,1,2
0.6626929037104541,0.35094622747604187,11,6,0.35094622747604187,0,2
6.070704688224783,0.2742245242622493,12,3,0.2742245242622493,0,2
7.354769637069596,0.19818123893768608,12,2,0.19818123893768608,0,3
0.19257448041619268,0.397071981510638,10,2,0.397071981510638,0,4
16.513164326693452,0.13017902980195528,14,0,0.13017902980195528,1,2
0.3202229140740482,0.3611331137285192,22,3,0.3611331137285192,0,0
4.676105328573732,0.1537490862374086,7,1,0.15674440551287577,1,1
7.4078400243674345,0.12046812294498918,15,1,0.22680493024450685,0,1
12.286221314728564,0.17250251303499764,17,1,0.17250251303499764,0,3
7.5124048372321575,0.22491851070320762,20,4,0.22491851070320762,0,1
9.708695235580356,0.2902340328132594,12,0,0.5166285935382022,1,2
2.4880964948786017,0.3470911590222229,8,3,0.3470911590222229,1,1
10.118727416087541,0.0,22,1,0.0,0,2
0.5010386985489759,0.138469888450647,18,2,0.138469888450647,0,1
13.512301912711298,0.2216860045287921,18,5,0.2216860045287921,0,1
4.759030097273577,0.6010124077216661,13,0,0.6010124077216661,0,1
10.199385657993112,0.08399947832357355,15,6,0.19310101395265952,0,2
3.612365831610278,0.33255932361998247,12,4,0.4366725332319796,1,2
6.189834010320532,0.5990060619471675,10,3,0.6562529843180996,0,2
4.4843868837526175,0.037406294010545404,14,0,0.15642684818866942,1,2
7.891427009921524,0.3787950451728805,17,4,0.3787950451728805,0,0
0.5109293993337369,0.1395456332130959,10,4,0.13975047562882018,0,2
0.37350018791409045,0.19907325154215308,6,4,0.2233263613029343,0,2
1.7029629452394983,0.13937783320933708,14,4,0.2663069302181868,0,3
1.0428689190909002,0.1536285383168228,13,2,0.1536285383168228,0,0
12.324213342014389,0.8443824295812985,9,6,0.9641963501008978,1,0
1.4847249490833236,0.46889117441433315,9,2,0.626783089259989,0,1
22.34461685660456,0.5203475723572418,19,1,0.5517034868605817,1,0
2.464938745988576,0.3983986973672992,14,3,0.4794087947551649,0,2
1.2062226238731173,0.0,11,3,0.0,0,0
9.355278585566085,0.37899159406466143,12,3,0.4359852152266696,0,4
6.450097232049112,0.5145859229014693,19,6,0.571207774272108,0,1
4.137270652340603,0.12932010519217768,11,5,0.15512609808170627,1,1
4.862989794693724,0.4930653334322253,17,1,0.5803196588163512,1,3
7.620713638373798,0.4408672419708157,12,5,0.4573809353174947,1,0
1.5561596741202404,0.670408008962734,10,0,0.670408008962734,0,1
33.651787392286224,0.2164433974972762,7,2,0.2164433974972762,1,1
22.08383986734057,0.08047780354485462,18,4,0.08047780354485462,1,1
6.304518540795341,0.22767437812549085,22,5,0.22767437812549085,1,0
1.33543067081336,0.5871141986327246,8,1,0.5871141986327246,1,2
6.840886771652212,0.0,20,5,0.0,0,1
0.44962423100575977,0.0,14,3,0.06391231146393068,1,2
0.18679269914171687,0.31787905578632264,12,1,0.3226853472812877,0,3
1.7878725188333793,0.21148214144516875,16,5,0.21148214144516875,0,0
3.726331811240634,0.3015455786351369,6,1,0.35784440627189146,0,0
12.162119551145043,0.48906235424717304,7,5,0.48906235424717304,0,0
7.793417872907334,0.1894861307762295,7,3,0.3780475781939629,1,2
8.145227428495932,0.0,19,2,0.0,1,2
3.325461476444483,0.7088963114399889,21,0,0.9015439037466589,0,0
2.5472911961368956,0.10055434251224477,14,4,0.14619343591924655,0,1
2.7821139032837823,0.08819257559758048,9,0,0.08819257559758048,1,1
26.364383349099025,0.5207440027445193,17,0,0.5207440027445193,1,5
0.24561445226357204,0.2231021757916964,12,3,0.2822166838067728,0,1
12.105857950534432,0.2873220295930378,17,3,0.2873220295930378,1,2
5.186110448115975,0.3965580248120636,17,0,0.3965580248120636,0,3
3.4640944862079572,0.5167166206219991,10,3,0.5167166206219991,0,2
7.751529404933223,0.2333078613636456,16,0,0.2333078613636456,0,2
4.001005821595284,0.6039904011828598,20,4,0.6113280124099624,0,1
12.4014380476066,0.0,22,3,0.1210252146825476,1,0
13.857770877722247,0.45195744739061544,10,0,0.45195744739061544,1,4
3.286192208124149,0.1320944883964685,13,0,0.18930611511261733,1,2
1.9446474425108515,0.5744542633215983,6,2,0.5744542633215983,0,1
5.384082731645456,0.32840889576610904,10,3,0.32840889576610904,1,0
14.607335637141594,0.16541893359811966,14,4,0.16541893359811966,0,3
1.4193653937001474,0.4325682186043265,11,4,0.4325682186043265,0,1
5.852528746197454,0.4786376694414503,13,1,0.4810549182095112,0,5
5.9908680013532605,0.4283788245717276,22,4,0.4283788245717276,0,2
7.925580090761133,0.09406075207338788,14,2,0.09406075207338788,0,1
0.8463937782159625,0.20319657527558305,7,2,0.20319657527558305,0,2
7.548989454762659,0.299185432575713,13,3,0.3036967099707042,0,1
14.38351923773547,0.2917480694699879,9,0,0.4285342771460081,1,0
1.1883873646808674,0.44994909508766956,22,1,0.5151964514697032,0,1
1.6272575501229718,0.0,9,4,0.0,1,5
21.32506223316907,0.3668654109107007,16,2,0.5140804104417452,1,1
1.1978583285309474,0.242003729112672,7,4,0.48773498052119313,1,1
11.560738606539948,0.13229987672320953,12,0,0.13229987672320953,1,2
4.0669256553212945,0.15150264444608005,13,1,0.15150264444608005,1,2
1.7039818199662227,0.25709246709640726,10,1,0.3400513582459434,0,3
12.276036010469094,0.0,12,2,0.06576113814292317,1,4
3.5360239533597344,0.15974208584169,13,4,0.15974208584169,0,3
4.3393792146067085,0.12483703507074131,6,1,0.12483703507074131,0,3
2.670539755066847,0.40655664186452484,8,2,0.40655664186452484,0,4
5.392928056110471,0.13889466349789586,20,2,0.264549423214096,0,0
1.0713437857057881,0.256977239965902,21,3,0.256977239965902,0,1
2.9764254381808413,0.6084553255322604,15,2,0.6084553255322604,0,2
20.922948250926865,0.4988703039630847,6,3,0.5979943817737857,0,1
1.791515282544037,0.4804542799886905,10,3,0.60704706039055,0,2
6.415544307102616,0.20002551391782963,6,0,0.20002551391782963,0,3
2.3599452263335623,0.4086064558579305,14,4,0.4086064558579305,1,0
8.909350144242989,0.2532204399092812,12,4,0.2870482079690585,0,4
0.8416006776608205,0.26078135786461243,8,1,0.2705356502990931,0,1
21.0036627265464,0.38193706874930994,22,3,0.45815603115003867,0,3
3.628505532988427,0.18060128231581352,6,3,0.18060128231581352,0,0
1.6155212609863214,0.5986006208886407,10,4,0.5986006208886407,0,2
0.4580263353356224,0.26797397208041257,22,5,0.2892106685040742,0,2
1.1162276406275635,0.423672113251933,16,3,0.423672113251933,1,1
4.400990072577489,0.5911200958514596,13,0,0.6404078219046302,0,1
2.465910478831,0.506330754915035,16,6,0.6269223879104432,0,1
10.592459304732945,0.01821617946189502,16,5,0.01821617946189502,0,2
3.3820631441135545,0.38897917900197687,7,5,0.46856787376804687,0,4
1.715815421855106,0.4701438788921294,12,5,0.4701438788921294,0,1
5.760593499440807,0.47837260443214974,14,2,0.47837260443214974,0,3
7.360935641756069,0.07734103317707375,7,3,0.07734103317707375,1,3
1.0966316861150809,0.1685929525965352,19,4,0.2601094073460566,0,4
1.1007916207845643,0.4989116471483243,7,2,0.4989116471483243,0,3
0.22416436805689643,0.14764792586347084,6,6,0.14764792586347084,0,0
7.999980724739004,0.24006078866713715,15,4,0.3422283831212544,0,2
6.5403751508825945,0.6151751619003939,10,1,0.6948047252848464,0,2
3.861925017811757,0.290440149923042,20,5,0.290440149923042,0,1
11.1539549440569,0.15464517243323136,11,3,0.3402072570865182,0,0
9.829189927016108,0.12447652862741895,6,5,0.2125900880220415,0,0
5.281986081815529,0.3665438659170376,13,2,0.5208338419733456,0,2
12.162063759174016,0.03337039830455818,7,5,0.21062957432778512,0,0
1.3828311022234412,0.25053280722071636,15,6,0.25053280722071636,1,1
0.7121581283417074,0.3666461069980044,14,0,0.3666461069980044,0,2
1.8862068343686478,0.5598299641095335,14,1,0.5598299641095335,0,1
0.35268664037977626,0.4335096160739991,19,0,0.581088979909389,0,1
4.545084257003663,0.15718697640356424,10,2,0.15718697640356424,1,3
16.550287232411797,0.535683863512744,12,1,0.5631716966773616,0,3
0.2408304984562934,0.24009699249050448,8,6,0.24009699249050448,0,3
0.7814032798987005,0.05285939559011818,7,3,0.05285939559011818,0,1
3.6110594898115855,0.26559172814690546,7,2,0.26559172814690546,1,2
16.297251923255967,0.5876338402291403,6,1,0.7673102813236253,1,0
2.280153666340722,0.333048010012985,14,2,0.39736892131300544,0,2
4.246335022628071,0.30250437286595727,7,5,0.5961497254952851,0,0
0.2547703980063102,0.6274423289405706,16,0,0.6480678373814439,0,2
0.9634299080185136,0.013729030589114566,21,3,0.043789296788649956,0,0
25.888506507200272,0.042880177189445534,12,1,0.042880177189445534,1,2
20.134825846919455,0.0,19,4,0.0,1,3
0.029713337842965697,0.374529637296011,11,6,0.374529637296011,0,0
18.19584479207289,0.3332986254230249,16,4,0.3332986254230249,0,1
6.115257681411006,0.6085472734559552,16,3,0.6085472734559552,0,2
12.146007401859064,0.34869501542735404,11,2,0.34869501542735404,1,1
3.638953614552057,0.21916856810413943,11,3,0.21916856810413943,0,3
4.349016412186627,0.3003589745756214,6,4,0.3003589745756214,0,0
4.02651299705316,0.3235414836921916,10,3,0.32596616475794743,1,2
6.5952314223935,0.0,17,5,0.0,0,3
0.9025047252567431,0.8420663288669785,12,0,1.0238314565333093,0,4
0.18259188551982763,0.4039742036203823,14,5,0.5398812777989244,0,1
2.2084085280826855,0.3420016616045178,11,1,0.5742698069973373,0,4
7.318190085245036,0.42303279685571604,14,3,0.42303279685571604,1,2
1.3527783266196622,0.441882196117321,13,0,0.441882196117321,0,1
6.714710455991874,0.27188930289951363,13,3,0.4785978398130699,1,2
21.021782341375257,0.17375177275185988,6,5,0.35040301399401663,1,0
0.5916383623307218,0.41989013726434077,19,0,0.41989013726434077,0,2
6.699474503427217,0.3771421681062905,7,2,0.3771421681062905,0,4
3.5192270385430415,0.13802198018211836,14,1,0.32401467113231186,0,3
12.1561897331611,0.5838071222734528,6,6,0.5838071222734528,0,0
1.1698865943518628,0.35867040726459665,7,2,0.4235145798924794,0,0
7.078139258282123,0.4459638724535261,15,1,0.5062377480136908,0,1
10.925225169585874,0.5783841775359838,15,6,0.5783841775359838,0,2
17.36059432428164,0.3043777642329669,17,2,0.3043777642329669,1,2
6.8978174099077325,0.36339040139682305,17,5,0.4717309934031761,1,0
4.125075675669238,0.4620054477012233,7,4,0.4620054477012233,0,2
5.771609133305649,0.15502778323998953,6,5,0.15502778323998953,0,1
12.190997456207468,0.31081033256920015,14,1,0.315665539357108,0,1
5.072334552414035,0.32510971733022964,16,2,0.32510971733022964,1,1
0.18514990640343118,0.10878828966332107,7,2,0.14524988530712787,0,1
16.037433043795037,0.7635273577347756,14,0,0.9146846666888003,0,3
7.017945216066902,0.01854131130151948,14,0,0.12322516873128547,0,3
6.771585263276934,0.04037921926256843,19,2,0.21152108927570074,0,2
1.4575919881081436,0.5628453151407158,14,0,0.6423735216532871,0,3
6.4532219620085325,0.44265325015930845,13,1,0.44265325015930845,0,0
3.0039093893751527,0.09480703650384442,12,1,0.09480703650384442,0,3
6.3201068141234185,0.4214578030203386,6,5,0.4214578030203386,0,1
0.6762784126961763,0.593570088999462,21,0,0.6641375896508834,0,0
6.434953910795139,0.2939473884806028,10,3,0.3678644306970981,1,3
40.0,0.8197645800149165,13,4,0.8197645800149165,1,3
0.29647799336580416,0.0,22,3,0.0,0,3
22.67917867537337,0.43876469077182045,19,4,0.5058377922216426,1,2
3.1344340947275837,0.5333056672442007,18,6,0.5333056672442007,0,3
12.276200766094519,0.47826878032104936,14,2,0.6582614025050773,1,3
9.150180341605754,0.2591288546708703,20,1,0.28912630547129464,0,0
5.022330635559315,0.24191170359777012,7,1,0.3162517413899454,1,3
8.046760715115951,0.38882903421745146,11,1,0.38882903421745146,0,0
12.647814605750039,0.46315089733041387,16,6,0.5052032652419474,1,5
3.1065004718922165,0.42049468725647265,12,4,0.42049468725647265,0,3
2.376355348746039,0.5080115781586778,21,4,0.5080115781586778,0,0
6.608377903033841,0.09622600858665292,16,6,0.09622600858665292,0,3
9.89674705782644,0.25444580417527307,14,5,0.5056564031351949,1,0
8.620100212923072,0.11199681357524915,20,2,0.12850504542523605,1,2
9.591392858686653,0.22277744478277167,21,3,0.22277744478277167,1,1
3.431774980451319,0.5030441783628611,10,3,0.5424115108649872,0,3
10.21702863831518,0.3215967841450458,16,0,0.35379786227133875,1,2
0.7684257759214288,0.821371832629954,17,3,0.8215661931809791,0,1
4.718013770065697,0.3386812734379434,14,3,0.40569339636530477,0,3
0.03465183309752313,0.31193837611594727,7,2,0.37001404549100203,0,4
2.354575145659127,0.32123658388804327,12,2,0.32946726421625677,0,0
2.738607375775117,0.1724382614280128,21,4,0.32407329768221654,0,1
3.0268022111320043,0.28843267752448126,11,4,0.28843267752448126,0,0
7.133859012186866,0.5255576054223292,10,2,0.5255576054223292,0,2
2.9516120562684387,0.3227941336255545,10,0,0.3227941336255545,1,1
3.5727875133835707,0.1413080540233057,8,6,0.1413080540233057,0,1
1.6272638923918676,0.11498307590427295,9,3,0.11498307590427295,1,0
2.803262403304057,0.2099596216668313,15,6,0.2099596216668313,0,2
1.546950585198293,0.3147726868821761,10,2,0.4387464550446968,1,1
0.4560785295323233,0.5387173070952525,14,0,0.5387173070952525,0,2
5.5496975719107375,0.03190227172671262,13,1,0.07891926442369193,1,3
6.619568850426414,0.23603474442224875,7,0,0.23603474442224875,0,0
5.79746238089051,0.32886200388701575,12,0,0.36688959359364787,1,2
3.736065690101684,0.0,13,2,0.13142345003951542,0,1
2.8661420686793995,0.1332803434067187,15,4,0.1332803434067187,0,1
11.94127633136853,0.16402229205276272,15,2,0.16402229205276272,1,2
4.392348328809561,0.14080592522990032,21,5,0.14080592522990032,0,3
3.9141263490914966,0.33837790900432946,9,3,0.33837790900432946,0,2
0.15585932365208682,0.2678880780996405,15,1,0.3594781826115558,1,1
2.504447288464786,0.1889427794797927,21,0,0.37313041551543646,1,3
2.8701081893928313,0.385592525310527,20,6,0.4755597838637903,0,0
3.053193085187995,0.64461494352925,7,3,0.64461494352925,0,0
5.2074663291916234,0.6278513033483504,7,5,0.6278513033483504,0,1
4.576302626117213,0.0,6,0,0.15162903177611153,0,0
5.617508149648918,0.41541443676702794,10,3,0.41541443676702794,0,2
8.686038772721286,0.2643953419872323,21,4,0.3039102400825696,0,0
10.059422408910988,0.33103106857307124,19,0,0.45082604894512884,0,1
7.597708462988345,0.22034339329149027,10,3,0.22034339329149027,0,2
18.67679235002523,0.32351772597744044,12,1,0.35501977316519634,1,5
0.11040506749620016,0.33028147921440376,19,2,0.33028147921440376,1,4
1.3072794642750778,0.18420964853021538,17,2,0.2338157692569408,0,3
0.04554971118849413,0.1207264904349638,14,3,0.12717139649797615,0,4
6.25579755844651,0.21026086347610312,12,2,0.2646611035418521,0,1
13.698492060398861,0.3468518528913531,15,6,0.3468518528913531,0,1
1.674176065666641,0.4197992683368528,14,1,0.4197992683368528,0,4
15.706614997342314,0.47066979546802934,7,0,0.580998690733866,1,1
0.3729594116323238,0.20116199538661744,15,3,0.3138049823677529,0,0
16.348373538000708,0.35676891346054734,19,0,0.4132950814386631,1,3
2.5996948758392304,0.49250051839065967,8,5,0.5319502980819846,0,0
0.6416427683516212,0.5331189790288257,14,1,0.5331189790288257,0,1
3.99169529339647,0.28823342917369554,11,1,0.4088566781361217,0,1
1.7805513784690312,0.2558136550120775,14,5,0.3030670560864507,0,2
2.0117699555499717,0.33822484676727843,17,3,0.46485062639395003,0,2
2.2028627229676716,0.07005850542051884,7,1,0.07005850542051884,0,0
9.748098119792541,0.26127809779289835,10,2,0.3268979588949448,0,4
4.648242828829563,0.44891727969462597,16,5,0.5081984888138176,0,3
2.237764174520715,0.4283894258887402,15,4,0.4283894258887402,0,0
5.654788565727074,0.24594647912722217,10,2,0.24594647912722217,1,1
7.555870347888608,0.34354364021743333,9,4,0.34354364021743333,0,3
1.9098704532482762,0.13506993194186248,15,0,0.13506993194186248,0,0
3.2019980037546127,0.44069842964500494,20,3,0.48813967622701304,0,2
0.7798737571284032,0.28443571277270535,14,0,0.307213286266254,1,6
1.1991214063328324,0.24480970966077237,7,3,0.24480970966077237,0,0
6.8576021557570215,0.22765523278132266,15,1,0.22765523278132266,0,2
1.2012393689018834,0.28742122662002834,15,1,0.28742122662002834,0,1
4.4687069983926,0.2104244710136083,8,1,0.2547976330934033,1,2
7.407545996638113,0.43162860720051266,19,4,0.4630491179545195,1,3
0.6781853011228226,0.22094329039676386,21,6,0.22094329039676386,0,1
5.026433235408881,0.6185928192054763,22,3,0.6185928192054763,0,2
1.7788257605549047,0.5930421006962762,21,4,0.6673381984468907,0,0
19.769177830847553,0.12169130202909903,12,0,0.13679778587115826,1,1
3.9646102279608426,0.313940853885856,21,4,0.3961345015774685,0,0
9.839152304612155,0.169868675732761,12,6,0.1905373008949892,1,0
4.794067499961667,0.2346704873622777,11,4,0.32711278499774415,0,3
0.2662982956791967,0.7004854935289595,17,4,0.7862003743789207,0,1
6.016835901446115,0.23848571657684015,12,4,0.3339719116211484,1,1
18.145203120748395,0.37204520741548575,13,2,0.37204520741548575,1,3
5.5219705365229474,0.4082642588016557,16,4,0.47603896771981086,1,1
10.261813288246374,0.09987412550335184,10,0,0.10013084210054252,1,2
12.9356791809242,0.12898090511815902,19,6,0.12898090511815902,1,1
1.5532443950190014,0.05879552571837621,19,6,0.05879552571837621,1,2
1.4298845650809344,0.1228058532204446,10,1,0.15644769055422525,1,1
5.6647623882571825,0.0,14,3,0.0,0,5
3.1762645940014638,0.4089164801587256,9,0,0.44328505763577825,0,3
10.990289893013543,0.7108387682512141,20,4,0.7448630664113579,1,3
13.816898122277134,0.32956414780730536,21,3,0.43642656055916074,0,2
2.616362870541088,0.016746228131878482,14,5,0.030147085288197012,0,4
1.6219656876506585,0.17144472342001038,20,4,0.3089140159164035,0,1
9.099115774754692,0.2082246309950006,18,3,0.2082246309950006,1,2
1.9278967364049946,0.09648304455732484,13,0,0.09648304455732484,0,3
10.37657355311421,0.4720365276790313,16,2,0.6317700600537268,0,2
3.307159804532461,0.46205200887506676,21,1,0.46205200887506676,0,0
6.607593019232221,0.06890964123646806,10,0,0.06890964123646806,0,3
0.6024721037467548,0.44501620888950155,7,5,0.606277245931517,0,1
5.866752414392245,0.605362532715453,6,3,0.7747470302692401,0,0
3.60633682777671,0.680511641045912,10,5,0.680511641045912,0,1
5.300160624399629,0.8730424046171925,16,2,0.8730424046171925,0,0
1.1036394895389474,0.11960147011136049,6,2,0.11960147011136049,0,1
8.010727828491195,0.8648440852790407,10,6,1.052541467503342,1,2
11.917765579271265,0.22915872229824233,18,3,0.38298213505576084,1,2
1.4657419601312363,0.18150690892389712,12,3,0.18150690892389712,0,3
0.6036612675768058,0.36541447497556906,7,4,0.3798472708118447,0,3
0.14353475958944395,0.18358773318139748,12,1,0.363476246131561,0,5
6.162856128297523,0.3798088281293052,16,2,0.5860261669583136,0,3
5.605109839943508,0.03598456245253967,13,2,0.07827229613644984,1,1
4.747172480301394,0.25224947958731314,14,4,0.3099476231692833,1,3
1.5833799776477329,0.5571164468723359,14,2,0.56279295154058,0,2
2.974695990391231,0.2885877417137688,9,6,0.2885877417137688,0,2
5.415456285235932,0.32831915734797656,14,1,0.40099112025698236,0,7
4.120210289951496,0.3950517209434623,16,0,0.5681952659591198,1,2
26.43079898028796,0.534132325863532,7,0,0.534132325863532,1,2
0.8801496756919639,0.0,10,3,0.03443328363163794,1,5
7.127505374522782,0.41690481036748694,19,3,0.44693578739176065,0,4
3.1082976048623965,0.24637217215164733,12,1,0.24637217215164733,0,0
3.3537919539102945,0.3333275790623677,11,2,0.3507257969140841,0,1
7.586537168514317,0.5119900339524752,19,1,0.5119900339524752,1,1
7.0744354519188875,0.061162669717631124,16,6,0.061162669717631124,1,1
28.436320847186217,0.09747111171138206,16,4,0.25160513353557157,1,0
0.8245087448194987,0.0,19,4,0.0,0,0
0.6596235002439325,0.19016821164724468,7,0,0.19016821164724468,0,3
7.7314965940412534,0.5660864688757633,16,5,0.6492638571927545,0,2
5.182003502807882,0.27588256230530606,19,4,0.3192942090288193,1,2
1.9225595547001568,0.0319750208690428,6,3,0.054887080710211505,0,1
0.49650412408678485,0.20286425108499057,14,1,0.28806160356375177,1,1
0.5373052263834477,0.0024276593018753845,13,3,0.0042992889888695575,0,1
13.476711074793535,0.07496277965376763,10,3,0.07496277965376763,0,3
1.2781741911597841,0.37776378205274264,17,1,0.37776378205274264,0,1
2.343797957685485,0.06522533473879422,11,0,0.16506440916960613,1,3
1.5421909805737997,0.5225268610406604,7,3,0.6795254707724292,0,1
2.6309954088625247,0.2857759418339328,16,4,0.5333409733975487,1,2
0.431708164389779,0.31711894078890507,13,4,0.3990441621139486,0,6
4.392073932153209,0.2443254064784212,9,5,0.43597673850201024,0,1
0.4200410782646482,0.4545695677087446,22,3,0.4545695677087446,0,1
9.667332252955513,0.45663197755540214,10,0,0.45663197755540214,1,3
1.5971838461052361,0.3670108703824343,13,4,0.3670108703824343,0,1
4.659328146891568,0.4129578211815296,16,0,0.42832992315148527,1,0
12.72553689893845,0.2575820660159149,10,1,0.2575820660159149,0,0
6.313992242461584,0.4084406013818097,6,0,0.5914203069859092,0,0
4.56801379544839,0.23242444490523861,14,3,0.23242444490523861,0,0
2.352336254904876,0.30044632443248037,6,1,0.30044632443248037,0,2
2.4298086073430807,0.2450712501267405,12,3,0.3421441656820461,0,6
6.642654903418417,0.20855629213616078,16,2,0.33324914946215534,1,2
30.836980048243827,0.16217764045564195,19,6,0.22937896662811655,1,1
6.505402361791386,0.3935380207717771,11,1,0.4848223576219266,1,1
4.895733065807887,0.5621211825626926,10,5,0.655101331651671,0,2
7.870473145156868,0.5342203943339119,18,1,0.7456687046648474,0,3
3.7552375678944534,0.04868693281091291,15,3,0.04868693281091291,0,0
0.3721610608993053,0.5578406102813747,8,2,0.5578406102813747,0,2
4.957285560863767,0.2363682996764142,6,0,0.40455534597423,1,2
18.96722056377201,0.4201466030291183,18,2,0.426344321033638,0,2
1.156434977644221,0.11875693359055778,19,5,0.20644556803532838,0,1
7.027192550809548,0.32839598277480103,20,6,0.32839598277480103,0,1
1.3458680624535477,0.3627446365793814,12,4,0.3627446365793814,0,2
4.604996556158679,0.0030790416160694223,19,1,0.0030790416160694223,0,2
0.6100469022141654,0.42165343326883786,6,3,0.42165343326883786,0,2
3.591069947075284,0.569187001567663,15,3,0.569187001567663,0,1
8.46753995125474,0.2650704108636744,13,2,0.3023118795736016,0,3
2.562322568912725,0.5720336261656026,9,2,0.7110088902796976,1,2
6.56016763725653,0.2620613013095185,14,2,0.34193997040635066,0,4
9.521655857498102,0.46991690620932347,7,1,0.5401032387465623,1,0
15.718408156225253,0.0,16,6,0.0,1,2
1.6044701262933336,0.7837555558626927,6,5,0.7837555558626927,0,1
3.0581167974872088,0.5990916490485914,14,4,0.5990916490485914,0,1
0.9921920719344168,0.24307489914926422,22,5,0.24307489914926422,0,0
29.34392977228833,0.0,7,1,0.0,1,1
15.703854582951434,0.35760567366109786,18,3,0.35760567366109786,1,2
4.658613592794737,0.011214890585248605,22,3,0.021029969951137296,1,1
11.07222595237183,0.3889707075114976,9,6,0.4082431345783201,1,0
4.415801731789718,0.38231314383285636,19,4,0.5083935840576552,0,1
5.862389091730385,0.11171936619959502,7,4,0.24157222688602784,0,2
0.5600938772581309,0.5241934047228756,12,0,0.5914815333388993,0,5
8.445608610934434,0.4611149405612347,16,1,0.7481995499576322,0,1
0.8198240113734427,0.4951646674577127,14,6,0.4951646674577127,0,2
10.494532409612034,0.30177154073377904,11,2,0.30177154073377904,0,1
9.140334402111991,0.01689518661725864,19,3,0.01689518661725864,0,3
7.401330414561654,0.49557445444222753,6,2,0.49557445444222753,1,2
0.2209822083093187,0.24592572017284176,7,2,0.24592572017284176,1,3
2.166924240309301,0.022043971361466186,7,6,0.022043971361466186,0,2
1.8319208350747649,0.5704078731948652,12,5,0.6155338283114047,0,2
2.6790015721171017,0.7198815041005019,15,5,0.835643433578606,1,0
0.5503418434342657,0.2917503742041594,12,3,0.2917503742041594,0,5
16.583707805352443,0.7318242309206584,15,5,0.7318242309206584,1,2
4.841958112579089,0.31826294572226993,17,1,0.31826294572226993,0,0
2.187588731685613,0.22390881916672975,14,0,0.27565510903183466,1,2
3.0348445866395943,0.17390830916290448,22,5,0.17390830916290448,0,2
3.5565816134557817,0.6274164815985486,9,6,0.6274164815985486,0,0
5.506666021324753,0.1439712237224456,13,1,0.1439712237224456,1,4
4.350049512272638,0.44705386199499747,10,2,0.44705386199499747,0,0
15.108942279105879,0.18816723298815832,9,2,0.1931297190344401,1,1
4.122555077524737,0.20793864748512736,9,1,0.2947567421310229,0,1
29.089579592161414,0.5060499387939134,9,3,0.5799235500767931,1,6
11.439990679969682,0.22399263074212927,10,4,0.3367324869306944,0,2
1.4030321030365913,0.21904092411594134,9,1,0.22242772318341164,0,5
16.006796763533124,0.5265609394349614,14,6,0.5265609394349614,1,1
0.7422766770596576,0.6194794586443246,13,0,0.6529670599909051,0,7
10.204377444064354,0.42893796065684664,12,1,0.42893796065684664,1,2
2.874249712002583,0.16904604487521013,11,2,0.22230081108787675,0,1
12.621142609459417,0.19787830014048408,6,1,0.2415867692610308,1,1
12.15229751493376,0.3159830527480075,9,0,0.443946864291037,1,3
9.837075950144685,0.3641860123851315,19,1,0.4656950599451879,0,0
9.364756161385566,0.10242681797204561,13,4,0.16110669321057802,0,1
2.1802912175507205,0.44460758791597277,11,0,0.44460758791597277,0,1
0.5062879752044968,0.3171026659279198,7,3,0.3171026659279198,0,2
3.094829788453798,0.0,6,3,0.0686834862969949,0,1
1.1435101401999455,0.1142147035078539,22,0,0.26650167828884597,0,1
7.123698905864844,0.19917426526966725,15,5,0.2728937705228464,0,3
2.548802557278638,0.28542846223178897,13,6,0.28542846223178897,0,5
22.281541812762498,0.6778557591007992,16,0,0.8503349090329285,0,4
6.146130687216745,0.3476342612279256,17,0,0.3620089730506703,1,4
10.372051052459625,0.13184562202027497,8,1,0.1887704334947209,0,4
0.8530092525993567,0.34412616086143266,14,0,0.4095460339123298,0,2
11.883639260018706,0.2295824505092238,6,0,0.2295824505092238,1,2
15.364808691696798,0.36495164790670837,15,2,0.36495164790670837,1,1
4.005600843289496,0.416113537407123,21,1,0.4469800296277003,0,1
5.5922792989499435,0.5418461294447876,12,4,0.5418461294447876,0,3
8.684164405991027,0.2951427008659948,12,0,0.2951427008659948,0,3
1.1530578507274756,0.6277921055199667,14,3,0.6277921055199667,0,2
4.189755289298367,0.4816045325072382,19,4,0.4816045325072382,0,2
3.051598894017407,0.15851209103756242,6,5,0.23164617254678227,0,0
0.9495726662715662,0.7419711331496928,16,2,0.8686021144463849,0,2
2.748776894740389,0.36539890265401953,6,2,0.42636750112065647,0,3
0.4236441762246612,0.13297509920555295,10,5,0.13297509920555295,1,2
0.1569052798128759,0.6305826102460843,20,3,0.676584221776217,1,2
0.8713081939713816,0.715555517039689,11,1,0.8322197891104925,0,0
19.799720039862645,0.2933949472560879,7,3,0.2933949472560879,1,4
4.784776599348737,0.19926994792488073,13,2,0.2353626816145073,1,3
20.257066991304637,0.2655250085092676,14,1,0.3269066249811757,1,3
3.399064746049499,0.44294634550353995,16,3,0.44294634550353995,0,1
2.2421953699842243,0.5555713310061028,12,3,0.5555713310061028,1,0
4.233041848663799,0.4140974661727147,10,0,0.4140974661727147,0,3
3.4736813437592904,0.32034464169435395,19,5,0.32034464169435395,0,3
0.6700470035903516,0.5996023540608855,12,1,0.5996023540608855,1,0
6.143695226384956,0.23743270538969555,6,6,0.23743270538969555,1,2
1.460369771989984,0.5061838676733814,18,1,0.6003729843099114,1,2
5.7990017070345825,0.24238744032974427,6,6,0.32441484969684353,1,1
6.302381035947718,0.3862045916021786,17,3,0.3862045916021786,0,2
0.9894237093266786,0.2772874870419097,13,2,0.2772874870419097,1,1
0.3798732537031883,0.28882956346943783,7,4,0.3020517893316302,1,4
9.105572959343581,0.22452269650755802,19,1,0.22452269650755802,1,0
3.694899732548318,0.5689708062361389,9,0,0.5689708062361389,0,0
0.35954340062289514,0.15341479237829297,7,5,0.15341479237829297,0,2
31.63159186041999,0.1519535494902583,14,2,0.1519535494902583,1,4
0.3571024885465421,0.724198713169022,19,6,0.7572597272510346,0,0
7.125354081000907,0.49556951293086626,10,3,0.49556951293086626,0,1
24.69178846594172,0.0,12,3,0.049818204180382075,1,1
1.6401517017428822,0.18694825215791927,20,1,0.20567391793708606,0,1
0.9206511674015097,0.0,17,6,0.1498997635798715,0,0
0.7764504361440561,0.10986186131694894,6,6,0.11109178024135853,0,0
2.168188235646659,0.0,12,4,0.14131998340737706,1,3
0.639139221309369,0.27260208446121154,12,4,0.4239301524920928,0,0
7.0690768195691,0.07161163616773766,7,0,0.10921255935710117,0,2
0.3858987827971625,0.31198105135928766,6,3,0.31198105135928766,1,0
4.273027514607821,0.0,10,1,0.0,0,5
34.27727932079961,0.316582370634408,12,4,0.3460948241393182,1,1
10.091092660060292,0.21701674437593454,11,3,0.39735018867153926,0,3
5.730492459719242,0.6003905930377191,13,6,0.6313858506691974,0,8
2.1938929985219113,0.582271372349125,10,4,0.6191691087852901,0,2
5.867334856914142,0.4570691206020566,8,3,0.6122953419968493,1,4
4.492485335277205,0.23467724386775746,20,4,0.418974878980111,1,0
3.331626967900174,0.6970760790520587,12,1,0.6976191861028677,0,1
0.8404735551620708,0.0,7,4,0.04325730690670641,0,3
13.061226358872286,0.019288274087267465,21,3,0.019288274087267465,1,0
3.5846731787566934,0.2832433800221871,13,2,0.3071079850512242,0,0
1.2986650923684815,0.7508076217842239,12,4,0.805554303594332,0,3
2.7509111002976114,0.25953221862598247,20,3,0.26035663327799213,1,0
3.207941607720804,0.2633509513581436,14,3,0.2633509513581436,0,3
10.5454665065432,0.01161792877763812,14,1,0.01161792877763812,0,3
7.936861937155669,0.48918591705407566,13,4,0.5841680293850082,0,3
8.79994995702115,0.4906352508658708,16,3,0.5353892938219329,0,1
0.06655536012920318,0.457815040279982,8,4,0.46633442321531643,0,1
3.228708158645852,0.1741558654305275,14,1,0.1741558654305275,0,2
3.9390883262289638,0.15865864632539883,15,6,0.15865864632539883,0,1
0.1162730367986778,0.04137554991900588,17,0,0.04137554991900588,0,0
1.8051162241309577,0.31677450035218674,20,5,0.31677450035218674,0,2
8.569948090286267,0.08391853414429964,14,1,0.18443127657915623,1,0
0.8848063040033356,0.06451669895014225,11,1,0.14001658451832236,1,0
4.598310271589149,0.2152618566178648,10,3,0.2344817634509354,1,1
1.4539725364613627,0.20216876496315675,7,1,0.20216876496315675,0,1
0.07316898149266572,0.19240429423560895,8,6,0.28254304700832394,0,2
1.6561137711017961,0.39328891936805227,6,2,0.4142953502453321,0,0
22.346730138857268,0.3158095604300558,10,4,0.3317984979900478,1,2
9.702918947769284,0.24236879389777646,18,0,0.2613318105156745,0,5
19.2500853011474,0.3366025856622964,10,5,0.3366025856622964,0,5
4.014873744667008,0.10169459177907353,22,1,0.10454619198904835,0,3
0.6974247251711551,0.32105572478193556,14,3,0.43279236170857804,0,4
4.763900862010167,0.3301204985689267,19,5,0.3301204985689267,1,2
3.6349657865215708,0.0,11,1,0.09969731835998717,0,0
11.161145324398856,0.4991387508740724,14,4,0.5384401842199136,0,3
0.619393896519743,0.12371325895460089,22,6,0.18430133346423233,0,0
4.019410413779077,0.318061959841287,18,3,0.318061959841287,0,1
0.9754571023075467,0.532882348107054,12,3,0.532882348107054,0,5
2.3553755700822268,0.4851353515427739,16,0,0.4851353515427739,0,1
8.021759268148745,0.3068666777137671,14,3,0.3068666777137671,0,2
3.8777891597497067,0.2275001994235863,21,2,0.25940293338283454,0,0
2.828555378529556,0.48950238171511345,19,1,0.6391842973665696,0,1
3.0099692409514693,0.434938995561724,14,1,0.4610158780328853,0,7
3.6909729655015395,0.176326995991174,7,4,0.176326995991174,0,0
9.223165211366783,0.1410212705996619,19,1,0.1410212705996619,1,2
13.35845109794248,0.0,14,2,0.0,1,5
18.651348378133797,0.33080636833671745,17,3,0.33080636833671745,1,1
9.276057782734185,0.2834604509963202,20,0,0.2937834941434076,0,2
2.2735837536243078,0.5272382749285085,9,4,0.7253399126964082,1,2
6.991103608086123,0.37181101869607336,16,5,0.4100872701886602,0,1
3.453284960189363,0.5668458388345381,10,6,0.6041465389174843,0,1
1.7635742414938662,0.16052715441676582,11,3,0.20711978236216805,0,0
11.02826235714347,0.5276300661935237,13,6,0.5276300661935237,0,4
0.23510470046253634,0.19421672417906893,19,3,0.3460450130677756,0,1
13.922172558242233,0.45551921235845444,10,4,0.49410039222621366,1,2
3.7135556090356774,0.008248321493861288,18,6,0.008248321493861288,0,2
6.083445788007344,0.3470270598732377,11,5,0.4074279009015546,0,0
6.461467414297573,0.0,14,1,0.14055100809901147,0,1
13.529501388354124,0.24657250281164905,7,6,0.28124130640234796,1,1
6.074657352025627,0.3880707987755827,19,0,0.3893183980861738,0,2
5.710475184665232,0.19580628975378084,16,1,0.2012007847539059,1,2
0.41386320469143245,0.0899124742488065,11,3,0.16454917928061594,0,0
4.383948251935308,0.4692236938591867,11,6,0.5168979122663698,0,0
0.976306642539729,0.2793074420306153,6,0,0.3038974355325425,0,1
8.02351151485647,0.20208587059386568,21,4,0.20208587059386568,1,0
4.30736839395257,0.3083791842308553,12,1,0.3394015999616421,0,0
6.84087808002905,0.8273338283891176,14,5,0.8273338283891176,1,2
0.2553967164981261,0.5307005699563088,9,0,0.6583190164548328,1,1
0.5316236080108712,0.5325147336375681,22,4,0.5413337301945003,1,1
7.55952227989756,0.38710926379847277,10,1,0.38710926379847277,0,4
0.44888657780775804,0.3332970545154294,10,5,0.3332970545154294,0,2
0.4435375612140725,0.0,17,1,0.0801691773804948,0,7
0.07309428005877583,0.16420393070737357,17,6,0.31967921045091574,0,1
18.810158917318734,0.2038851173595051,10,0,0.2567488847557355,1,3
8.025216258093966,0.0,10,0,0.06685229474363921,1,0
2.614785814402195,0.06851684195691327,6,2,0.06851684195691327,0,0
2.1104278873805926,0.0,22,1,0.19390910661193395,0,2
2.5819587040012806,0.2923352328605255,10,3,0.2923352328605255,0,1
8.940697198389902,0.46375319416976324,19,3,0.4721967934247004,0,4
6.497094105771019,0.5213549037248657,15,6,0.531747944282241,0,1
1.2288429306599977,0.38295689241584824,10,2,0.5457298406181732,0,2
1.1477572887301315,0.10732073176028617,8,0,0.14475985843567418,0,0
0.6214769471660369,0.0,10,2,0.0861589242719457,0,2
6.478202460201077,0.0,18,3,0.0,1,1
8.673022795342295,0.04620348454910028,12,2,0.09263346653525245,1,3
1.8476876973215417,0.12222806039286505,12,0,0.12222806039286505,0,1
0.12700451070969077,0.26805030040168265,21,0,0.26805030040168265,0,2
0.5144694447416166,0.09716715637460632,7,4,0.16477624225578597,0,4
20.62593001702406,0.3677951787336523,13,4,0.3677951787336523,1,4
2.101131391821752,0.2535452994401054,22,6,0.2535452994401054,0,0
8.797824259824122,0.30210914234820513,12,0,0.4278349195774671,1,1
5.879595032928228,0.528050110534241,11,5,0.528050110534241,0,1
2.8870149349759546,0.06395365315992596,7,2,0.2572065756039538,0,2
1.3816681137354212,0.3837409156584737,18,5,0.49017710305148354,0,2
0.776460534342607,0.29720535430478534,15,3,0.4703498839955357,1,0
5.7272737708768835,0.23330274380606092,14,0,0.23330274380606092,0,1
8.940171350045507,0.47705126417319205,17,2,0.5472263357027074,0,2
6.195333801382254,0.47580283091140146,12,4,0.4981429281629849,1,2
4.533993766118835,0.11070184080231435,13,5,0.20446310794488304,0,3
0.2571395238546542,0.2635678832284152,16,3,0.2635678832284152,0,1
20.744469178521324,0.3562423365168131,11,2,0.4663020039700823,1,1
9.61817669306616,0.2453986503954831,16,4,0.3081222687683221,0,2
2.0788375718258836,0.41700426645755967,12,1,0.41700426645755967,1,3
23.46324343630331,0.35623840358205505,14,6,0.35623840358205505,1,1
5.52603482681688,0.6665122480712025,10,1,0.7674833358379396,0,3
5.239713012269102,0.0,16,2,0.0,1,3
8.271699769230088,0.2755128020505205,11,6,0.2755128020505205,0,1
10.020537203063261,0.11829949769756176,13,5,0.11829949769756176,0,0
6.4110353444882975,0.4208214910878088,14,0,0.4848024840748549,0,2
0.8224539718823097,0.0,7,4,0.0,1,3
2.4773633538930495,0.3692625420449773,12,2,0.3849329656596928,0,4
15.793509038545238,0.17399031373033177,18,4,0.20208860728070518,1,0
1.5263783272256637,0.15316762677579718,9,6,0.15316762677579718,1,2
2.792886656476078,0.010700359291862527,17,0,0.06957838957633933,0,4
3.394615360312386,0.20698481075979877,17,2,0.2710315641815708,0,1
3.4725392455399975,0.5169001060581851,7,5,0.7289456090866976,0,2
5.695046883313391,0.2949622632941041,10,6,0.36163546169386906,0,4
17.196212302681175,0.4255360835748949,7,6,0.46032516986232763,0,0
1.6520923456451186,0.6329283643932551,17,0,0.6329283643932551,0,3
0.777245628029714,0.35275111696451517,14,3,0.41999198824911815,0,3
1.3199199113631885,0.18824008558753186,9,1,0.37344965026509835,0,2
13.078218486603312,0.39345044303655796,10,5,0.39345044303655796,1,0
6.227544486457367,0.19114077073714159,16,4,0.19114077073714159,0,1
2.02045066727411,0.1991154633405661,6,2,0.1991154633405661,0,1
10.155187126648322,0.0,21,5,0.07574224963700688,0,1
11.855680435198172,0.48525149821687846,11,0,0.48525149821687846,0,1
11.244888767886453,0.22279948487011214,21,0,0.22279948487011214,0,3
15.074397259645393,0.3364196491631724,6,2,0.36572642364217484,0,0
1.7440474344876926,0.09280761427867207,14,1,0.11533346862550921,0,1
8.440009324938332,0.38718952594309447,7,0,0.5266106878231046,0,1
3.703114247112685,0.14761175237298324,20,0,0.14761175237298324,0,1
11.07090652244071,0.27165825565963514,8,5,0.2825866597718341,0,3
7.82255281160854,0.47556520624782517,14,1,0.47556520624782517,0,5
8.988652523193558,0.45815186244650585,21,4,0.45815186244650585,1,0
6.4055051441052555,0.2955939854966119,11,6,0.32482694399632284,0,1
1.1719211857436753,0.0,14,3,0.0,0,1
4.725102145153228,0.8985621140121283,11,0,0.8985621140121283,0,1
25.067559570101672,0.6491717940546272,21,5,0.7110974837866622,1,0
16.624796328044596,0.44453496497765965,14,5,0.496988265862912,1,0
0.26480067670551644,0.1493592436818058,21,1,0.1493592436818058,0,2
1.0806108069045295,0.27728156765960704,18,0,0.34762930934174785,1,2
0.8475068409161115,0.1913159140446966,19,2,0.1913159140446966,1,3
7.7673231243623215,0.5527711878192777,16,6,0.5527711878192777,1,2
10.215418684175077,0.35250057817036673,19,1,0.4921141762664416,1,2
1.4410620501003173,0.1431672283280334,10,5,0.27315018964243787,0,1
4.229529683037174,0.2058489801750436,8,4,0.27419051819519963,0,3
11.021910422866823,0.5242376285139809,14,0,0.5242376285139809,1,3
7.918581711883059,0.6200195693640957,10,6,0.665014020462861,0,1
4.68842486972277,0.6056663126972491,19,4,0.6560906118064345,0,4
5.354679027420193,0.4514064130107955,12,0,0.4514064130107955,1,3
4.260057900410436,0.24947502623947262,16,3,0.24947502623947262,0,4
2.1190731000097234,0.0,11,4,0.1084084518997613,1,2
4.994758844808933,0.35943200476164433,19,6,0.35943200476164433,0,0
7.005561786580875,0.2996342482311799,16,3,0.3079430761566317,0,2
12.396684450644715,0.32799641926427076,17,4,0.32799641926427076,1,3
6.068412929249126,0.31077946940664125,16,3,0.31077946940664125,0,2
8.590802277513156,0.03474756761016856,14,5,0.03550526807491256,0,3
1.0466320229347428,0.41148171137023715,15,0,0.41148171137023715,0,0
3.714447111998256,0.42644326280637,22,3,0.4407198445328168,0,1
0.05625259298673694,0.4364677564119318,20,4,0.4364677564119318,1,0
1.6995820041472014,0.48931540071467733,10,2,0.5452139422518235,0,5
7.777882113667715,0.42081032898432463,12,2,0.49459139457274265,1,6
28.829012645316833,0.21799411769221783,10,2,0.21799411769221783,1,1
0.6266862582665567,0.2858326304167819,20,4,0.3853189296677336,0,3
3.079915540328516,0.31822497345067535,6,0,0.31822497345067535,0,2
9.658756913410489,0.3215398898213237,19,6,0.3215398898213237,0,2
1.3692051675693824,0.49964353119434596,10,5,0.49964353119434596,0,4
4.859231474085695,0.42873375060449814,10,6,0.42873375060449814,0,1
7.924642095408814,0.7154686879139907,19,4,0.7154686879139907,0,2
5.742449022988595,0.7412937959769345,10,4,0.7412937959769345,0,1
1.2497124038007004,0.315929916522785,19,4,0.315929916522785,0,1
2.634608223137944,0.0,14,2,0.033483494110517625,0,2
9.189080249363926,0.5473664932254533,7,1,0.5473664932254533,0,1
4.847666011177059,0.1919247322025891,14,3,0.1919247322025891,0,5
0.031460015005469855,0.13970321563379862,14,6,0.23645427287113047,0,2
8.587518400965742,0.2203109450021266,21,5,0.2505621274544876,1,1
0.21569926386932523,0.21067139063707868,7,4,0.23931988274723803,1,2
8.216240768118263,0.42245396202107854,9,3,0.42245396202107854,0,1
1.357494411911233,0.0,10,1,0.0,0,1
19.031020317358717,0.08445585084167967,19,5,0.14040299983143273,0,1
2.7526328477376203,0.3686317108394833,6,3,0.3686317108394833,1,2
2.375450065820138,0.42458880608266164,8,4,0.5826160117845965,1,0
0.9672696500107134,0.4283083289872024,7,2,0.4283083289872024,1,4
2.1882791180931433,0.14259274421334017,9,0,0.14259274421334017,1,1
12.556413673059833,0.10434687014675198,21,3,0.2035159317815776,1,1
33.65247738425434,0.19867303324241614,22,1,0.19867303324241614,1,0
2.7561346096126806,0.34797455045694503,10,5,0.3869416482058452,0,4
3.571884363062217,0.5970954738545099,7,6,0.6122181428220459,0,2
7.682336227469458,0.0,16,2,0.0,1,1
13.039654076778085,0.2558542486083267,15,6,0.2558542486083267,1,1
5.3943061720717,0.033464311794959234,7,4,0.033464311794959234,1,1
2.980803596735589,0.0,10,2,0.0,1,4
3.1925186589020234,0.4933913290689633,22,4,0.5661444438903229,0,1
7.1368336125350655,0.4089249148998677,7,5,0.41672482325808313,1,1
0.01934072011340775,0.38988670318945245,6,3,0.38988670318945245,0,0
5.799023513355511,0.48420516794619867,15,0,0.48420516794619867,0,0
2.6356176703784975,0.20405622064677276,12,4,0.2857228781379806,0,1
9.485024928664775,0.21347249673329433,6,4,0.21347249673329433,1,0
0.5856150539391363,0.7371461233445149,14,1,0.7371461233445149,0,4
5.32333793626702,0.25068578914808515,15,2,0.25068578914808515,0,1
3.9347949713616686,0.44702642261081826,12,1,0.530856832923283,1,1
6.168791978847868,0.301276308192663,10,5,0.301276308192663,0,2
0.4023130710640912,0.0,12,2,0.021469667994383462,0,3
5.204771802528866,0.0,19,0,0.0,0,3
4.946161923617283,0.18420315601201903,14,0,0.18420315601201903,1,0
4.934891358604104,0.5112202503339978,14,2,0.6553895563644826,1,1
5.5502887962444705,0.45765833132720074,14,4,0.45765833132720074,0,2
6.770742346942525,0.4828154328448067,14,4,0.4828154328448067,0,3
9.808195860695957,0.10259076421273691,7,4,0.10259076421273691,0,0
1.8867911167574958,0.6231744980244627,8,2,0.6231744980244627,0,2
10.459510132867386,0.10702133996272312,10,2,0.1883324281041716,1,2
4.137987697557657,0.34256487973399374,20,4,0.4927838436384312,0,1
0.4811351247802148,0.2979295420184527,22,3,0.2979295420184527,1,0
0.3620101564503456,0.2652252359370827,17,5,0.3369149232696416,0,1
2.440941050161529,0.5677184276591214,15,1,0.5677184276591214,0,1
9.21982913638205,0.15897789596680786,7,4,0.15897789596680786,0,1
7.379456304124705,0.030078948857614363,8,0,0.05639431843692566,1,1
9.324443978841586,0.3039990972412838,10,1,0.3039990972412838,1,3
4.369774999291129,0.22003465314269469,6,6,0.22003465314269469,0,1
3.4810434713874194,0.9754765838165291,16,4,0.9754765838165291,1,0
0.9571583053612971,0.435301495287995,9,0,0.435301495287995,0,1
2.386702891994192,0.2181318849562751,6,3,0.2181318849562751,0,1
3.4151725033153992,0.08877768616258266,19,0,0.08877768616258266,0,2
0.5566432296153704,0.0,14,2,0.0,0,2
1.495477331883678,0.09495618285251337,22,2,0.09495618285251337,0,2
5.471182682752565,0.3229883543518263,12,0,0.35511627368211196,0,3
7.983185441458206,0.5854657303189539,8,4,0.6057965034745845,0,2
38.43283728380486,0.5243378284775838,21,4,0.6509164358179254,1,3
16.228533626425893,0.3458189663292759,12,1,0.3458189663292759,0,0
6.172813858817235,0.23536646685950305,19,0,0.23536646685950305,0,2
3.281287859691586,0.3537624712824308,13,1,0.3537624712824308,0,3
6.066532774679127,0.1962724005030848,6,4,0.3294657564420923,0,1
9.240915808458556,0.6436727991527751,7,0,0.6436727991527751,0,2
0.7556667869162041,0.262161963744984,11,1,0.29216050595475,0,0
3.1648293070183735,0.2827324283506546,19,2,0.3643766959691499,0,3
10.988079071028183,0.0,13,0,0.020205357522945774,1,1
2.9054230217094794,0.26091303069544725,20,1,0.38154613594728387,0,0
5.090002177260271,0.4672968275929882,12,2,0.5416119484282031,0,1
5.317033695190434,0.08645548459229094,7,1,0.18519368074313394,0,2
1.2235484277021056,0.1498559331014374,18,5,0.1498559331014374,0,3
2.6987165672935824,0.4585422035467329,19,4,0.5355647550889661,0,3
2.44340162453181,0.004668555296389321,8,2,0.047314782888580355,0,0
0.15927573128801767,0.5115602015083837,6,2,0.5115602015083837,0,0
0.1469351476231819,0.19357122196537957,21,3,0.35249710329527617,1,0
10.691937672834836,0.22228635590175938,10,3,0.22228635590175938,1,2
1.9135572385802102,0.07522431897488116,16,0,0.07522431897488116,0,1
4.379847562311124,0.3756092520855766,7,0,0.44752434193488855,0,1
2.129135940479358,0.791974397005876,15,4,0.8417066521283819,0,0
16.94877621695114,0.4562994478921264,21,5,0.4562994478921264,0,1
1.800931309203566,0.12714294761189282,18,2,0.18470365350207593,1,2
3.3691020985115427,0.5271241170982952,14,3,0.5271241170982952,0,1
12.368678598693556,0.2366640908131501,21,5,0.2837095111102777,0,0
11.06843922589277,0.5748969962855118,19,3,0.6501749846425251,1,1
1.2355170761433718,0.4613352804328726,15,4,0.4959117787404272,0,0
9.736455463492764,0.0,16,1,0.001805546188047456,0,4
3.6770048788947296,0.09918407340899449,12,4,0.09918407340899449,0,5
3.9579131853227554,0.4888770445670779,12,0,0.631458068882089,0,1
0.8596203413874159,0.3303314544290035,12,4,0.3303314544290035,0,2
0.5042138524399402,0.09524881045842987,18,3,0.10528392871047929,0,6
7.810380608708634,0.17328209690123744,10,2,0.17328209690123744,0,3
4.1165664875811006,0.0,11,1,0.033946205841872155,1,1
3.4452630248467875,0.2823253424947208,9,1,0.4081781269859539,0,1
7.8450816078902275,0.7421379452031529,12,4,0.8638965072219148,0,1
8.702128193804311,0.4609866781464651,12,2,0.527400649083828,0,2
1.0383265845623968,0.7380834002376846,21,2,0.7632517740585221,0,1
5.653116077501082,0.47647941795799603,11,4,0.5172895197450619,0,1
0.8726111971672483,0.5054958686705383,19,2,0.6473883840611827,0,1
8.350859326964096,0.6948157375490047,19,1,0.6948157375490047,0,1
6.419364603695664,0.3754526518684453,14,4,0.3754526518684453,0,2
18.825796715761946,0.26255453569862397,12,4,0.26255453569862397,0,3
0.4287054450511937,0.5065315033244024,20,1,0.5737303912584835,0,0
0.3524821609490248,0.5907680474243769,14,2,0.5907680474243769,0,3
1.9892777615691841,0.2040070714575582,14,4,0.2040070714575582,0,4
1.820476388138299,0.15568618353199412,7,0,0.15568618353199412,0,5
1.7019713777743635,0.327771206486176,7,0,0.34346845342637233,1,4
14.203034845297857,0.46629977338633244,12,6,0.5131455420988581,0,1
1.7224631313816399,0.4596182097323123,14,1,0.4596182097323123,0,4
1.9043110539251686,0.015166479962480162,20,5,0.015166479962480162,0,0
8.547673521582967,0.6823212134126644,19,3,0.8253144982793372,0,3
3.584184593190342,0.1717670141206299,16,0,0.22296345876267082,1,2
8.995718389550758,0.24698700062228413,12,4,0.29128158286738665,1,3
0.40560263257155094,0.11946912800243603,8,1,0.1472697453868285,0,1
4.01156095262242,0.8396657671874175,13,5,0.8396657671874175,0,1
0.20514914962769898,0.34841413405759347,22,1,0.3602387609994468,0,1
0.38821170906379154,0.129804983863687,12,4,0.129804983863687,1,2
14.214750708872904,0.47278470999248917,19,0,0.5136558687178169,1,2
0.8996747942786703,0.4538271558620066,18,0,0.4538271558620066,1,0
4.561117686373259,0.2624545952840232,14,4,0.2624545952840232,1,3
3.176948531511368,0.46812134255667665,7,4,0.472034065264368,0,2
2.5602243335672195,0.13494160783382708,22,1,0.16097033455302812,0,1
13.805519622052962,0.20141634501014954,12,0,0.20141634501014954,1,3
0.13239029613000916,0.0,6,3,0.0,0,1
6.540110284996137,0.035209783156087415,14,6,0.035209783156087415,0,1
19.8453298768102,0.6615261611341372,16,5,0.7772182001327481,1,0
4.928177161685112,0.6282857255444629,18,1,0.6282857255444629,0,1
16.570838717514714,0.3131577297297925,7,0,0.3131577297297925,0,1
0.3220370297749443,0.6325862894379675,6,3,0.6538794011885696,0,0
3.2558931137837765,0.267985102678339,22,2,0.334818712698925,0,0
1.8079100793041323,0.2513179394864184,6,5,0.30193514734847643,1,1
7.874271378438842,0.3113021296931113,10,4,0.3698586832569666,0,0
23.874457073050095,0.2750156809352869,7,2,0.2750156809352869,1,2
1.7785616855019084,0.2569607352879639,20,0,0.2983021049977792,0,1
6.37092755898019,0.5286796214299105,18,2,0.5286796214299105,0,2
1.3246104908056777,0.33002713079124063,12,1,0.3699519939316763,0,0
4.99901245288775,0.4424963528867609,6,2,0.5685186611688368,0,0
3.740971009033931,0.5062761050554662,12,4,0.5062761050554662,0,0
21.45444678544869,0.3776371591309467,13,2,0.3776371591309467,1,0
5.6270365682264,0.1059457348183522,7,0,0.27211077203723666,1,3
2.5801426605174633,0.029426822207192227,6,2,0.029426822207192227,0,0
0.726878661453721,0.329756126961461,18,1,0.387450323584841,0,0
0.9839211823286177,0.2657487390350131,16,5,0.2657487390350131,0,4
1.5318076508452938,0.3174782857840243,19,3,0.4089378508534351,1,1
1.733830713368219,0.29678919215028277,6,3,0.40352355210832047,0,0
11.407412965578663,0.8167147320333135,17,2,0.9750204793170126,0,0
4.942580910700768,0.03395474887173239,12,2,0.21219921499138306,1,2
4.446351868712661,0.0,13,1,0.0,1,2
0.7314390380477874,0.36647536670392195,10,0,0.4903179832529949,0,1
11.802666984930525,0.22471548908236094,7,6,0.2751804470459528,0,5
7.698405671243163,0.36321357394599024,12,4,0.36321357394599024,0,4
0.4204001563170978,0.4167766044568002,14,5,0.44113180959399906,0,4
7.382621403614726,0.5568209390357794,15,6,0.7632502616221359,1,1
4.705501803704303,0.0,22,3,0.0,1,0
0.5115524728180096,0.1886564204285674,13,2,0.20666837397165086,0,0
3.678264723640215,0.38575225177615274,20,1,0.5015014189581545,0,2
3.9779929104896103,0.4540927191374453,7,0,0.48573508023833956,0,3
1.0875094657308988,0.7386899100576771,22,3,0.7386899100576771,0,2
17.479181564396974,0.49114079422277346,20,2,0.5007451044302211,1,2
11.38173484940811,0.28864228082274457,12,3,0.28864228082274457,1,3
6.634226341561307,0.12191284941146766,15,2,0.12191284941146766,0,1
3.722677438013314,0.18714202945619612,17,4,0.18714202945619612,0,2
3.183778030541064,0.18145943540857867,14,6,0.18145943540857867,0,1
6.3156440058843515,0.43104672570275215,14,1,0.5320220352641695,0,3
4.730444845822754,0.3513994891171661,21,4,0.3513994891171661,0,0
0.38577918016275936,0.03527008583156421,19,1,0.03527008583156421,0,2
4.310822531604213,0.21281970618191337,10,5,0.3754510018303169,0,2
9.851878730208794,0.47550951069028413,15,0,0.5046808845609302,0,1
3.6886769707933804,0.3703324709948118,7,5,0.3703324709948118,0,1
0.320129841050696,0.4137289232025541,14,6,0.4137289232025541,0,3
9.258480640867422,0.37658434201145263,19,0,0.4132107855715502,0,4
1.3490984021152441,0.6252861469217719,14,3,0.7577634565384229,0,3
1.7954585444902214,0.347208612764874,22,1,0.347208612764874,0,0
1.0798316605044098,0.22279544042586039,20,5,0.26030769306323776,0,1
2.4047916628302852,0.11684899177328786,11,6,0.11684899177328786,0,2
8.482030486899097,0.3499218916419424,12,4,0.3499218916419424,1,2
4.396143201144257,0.0,7,1,0.03064113171411691,0,4
1.3755830087225305,0.2631421996334576,13,1,0.27873704864355825,0,6
12.614054407592926,0.2588320280157312,7,3,0.2588320280157312,0,1
12.700710306479007,0.027105829276543814,17,5,0.027105829276543814,1,1
12.26808108061462,0.1143468322688008,14,4,0.1143468322688008,1,2
1.6371249984415246,0.4619315060296483,16,1,0.5048569740832245,0,2
3.6005573785937584,0.3461423498149925,19,2,0.48965777048335946,0,1
25.194094349579707,0.3203576667414655,13,0,0.3203576667414655,0,1
8.870786233096672,0.3612695067864045,9,6,0.3612695067864045,0,2
0.16525967182128914,0.3185255175897847,10,0,0.49087925500038376,0,3
0.4045655269146631,0.548572512571663,16,1,0.6750375934756454,0,3
3.7409585866263773,0.3246858363407297,12,2,0.3246858363407297,0,1
14.395911297922085,0.008357377236249908,7,6,0.008357377236249908,1,0
4.642263516023523,0.6260259929748822,10,6,0.6665635469010188,0,4
4.132690434293353,0.37406805346576916,7,3,0.44675639006030765,0,2
0.6687658470996266,0.18214925384098646,21,0,0.2946138603203387,0,0
6.4163036587857745,0.049319656340996276,13,4,0.049319656340996276,1,1
10.359308703781197,0.3791828441916091,17,5,0.3999244786502604,0,1
2.8722807718031054,0.2765655990051249,20,2,0.3005566908625855,1,2
8.96626751003023,0.6148293572064818,14,1,0.7277108691351659,0,3
20.02539097231259,0.23081854386663442,13,5,0.2813657794723808,1,5
1.3671764586804787,0.1325238420635066,21,0,0.17995325103253873,0,2
4.445580466212814,0.4791592436471857,17,2,0.5161308467631325,0,5
2.0308042013343233,0.48505637854336625,8,0,0.48562817231345684,0,1
9.446000659304843,0.3337302735220391,10,5,0.45233402913568976,0,3
5.170721045637869,0.43527140953498167,9,1,0.43527140953498167,1,2
6.0402871069996555,0.2924625758515524,6,2,0.416209677734647,0,3
9.594376316706398,0.3467730202018494,7,2,0.3467730202018494,0,2
3.0247931755306823,0.5329981765127846,7,1,0.5329981765127846,0,1
14.796985275677793,0.42506366680430063,12,2,0.42506366680430063,1,1
4.568927024732287,0.26614511233347504,16,2,0.26614511233347504,0,0
1.0315296695359102,0.5704725091852301,12,6,0.751285468311738,0,1
7.142374706978328,0.0,6,3,0.0,0,2
9.45779907554373,0.710414662284387,7,2,0.710414662284387,0,1
2.285469268774262,0.0,19,4,0.0,0,0
11.676989883080173,0.17458143504554077,6,3,0.17458143504554077,1,1
14.195913876187,0.29181649296098616,14,5,0.29181649296098616,0,4
1.9452837574227864,0.27070386585436773,12,5,0.27070386585436773,0,2
24.63418273369043,0.501282208005311,11,0,0.501282208005311,1,0
0.909903542283033,0.08843267627795309,22,1,0.08843267627795309,0,1
1.3539978978880547,0.35215336349661264,12,2,0.4513858579097933,0,4
1.2216990016054303,0.1843575803560492,10,2,0.24689037048830642,1,2
13.465314685104795,0.3590281958674833,11,4,0.39432295311966314,0,2
6.37297433120822,0.2870455480404247,7,0,0.2870455480404247,0,2
0.9899857575018227,0.31858713053659554,12,2,0.4600607243175867,0,6
3.4823771693392316,0.19001503350713084,7,2,0.19001503350713084,0,0
5.731718013287771,0.1979872099807835,13,6,0.27966142222080065,1,2
0.5229241520019441,0.3574545028054854,18,1,0.4182457774071159,0,0
12.843632642053638,0.4887431011512089,12,0,0.4887431011512089,0,0
9.765719306721648,0.18034413316043044,13,0,0.21392172312399446,1,5
4.221691968491017,0.12624649108541802,8,2,0.13555133661187213,1,1
20.490551538300526,0.42269203313436743,10,1,0.5292449731919133,1,2
3.2452453621763686,0.29349922138846213,16,3,0.29349922138846213,1,4
24.852512258707044,0.4660996267971904,17,1,0.48276225817603907,1,5
6.614276229808134,0.11884055732577045,19,0,0.11884055732577045,1,4
6.041746256961126,0.0,11,1,0.12369096319327458,0,1
1.0888067742398087,0.19339918363473313,9,4,0.19339918363473313,1,0
12.818751744528335,0.14672947814699677,12,2,0.14672947814699677,0,0
3.3463471881013516,0.28424231998394,7,4,0.34569681465570584,0,0
1.0620944668961063,0.17263095714592208,13,1,0.2786639489124204,1,1
0.07612601473761374,0.44820339026728984,19,5,0.44820339026728984,0,3
4.922552650283254,0.24236994751549673,10,3,0.4503820234918452,0,1
4.4970306879510185,0.3300948997547802,14,6,0.48165272839787243,0,2
7.623959068482565,0.33152691168818876,16,6,0.3358665307824091,1,1
13.257741634412568,0.33899101848243746,19,6,0.33899101848243746,1,3
0.49642080108329695,0.2951741779090053,20,0,0.2951741779090053,1,0
7.889347762563555,0.4021201380820627,12,1,0.4021201380820627,0,2
1.2451859649316148,0.14086897323483846,12,1,0.14086897323483846,0,3
11.71905511541135,0.5798835853307767,14,2,0.6391786597731669,0,1
10.257655287666026,0.25269252332629294,19,2,0.25269252332629294,1,3
4.669535005794603,0.03769017242026362,18,2,0.03769017242026362,0,1
7.4322716598723755,0.3376146713983546,19,5,0.3376146713983546,0,0
2.2643289036683787,0.129763903510503,7,5,0.18287180971013667,1,2
3.8225057207367694,0.43306690690177496,16,1,0.43306690690177496,0,1
10.343603435753776,0.7419211152084755,20,3,0.7434341572214476,0,0
3.688957910544495,0.14268558168842996,14,5,0.14274194795123926,0,1
2.6571167771193376,0.36647446664479694,12,2,0.4687229053333947,0,6
4.089831324509186,0.0,14,3,0.0,0,1
10.570265971604544,0.39078104588826945,19,1,0.6252318413860563,0,2
2.449686842786002,0.12285724004006199,7,6,0.12285724004006199,0,2
1.1452315136477735,0.1750330763131035,22,2,0.1750330763131035,0,0
7.4690608904117015,0.07974270203203437,22,2,0.07974270203203437,1,0
10.491448639709388,0.4464302452109471,18,2,0.46160073364987253,0,1
0.6364144565885305,0.5014608714946525,16,1,0.5014608714946525,0,4
1.6456273098488117,0.3046770429317015,11,1,0.3046770429317015,0,0
0.9187112043650109,0.12711465893285606,12,3,0.16346430267726242,0,3
2.565725169336337,0.6179046072207726,12,0,0.6179046072207726,0,0
3.590852087521273,0.14991797444906874,12,5,0.30516151248921064,0,5
8.289664166902936,0.0,14,5,0.0,1,5
6.31863795321301,0.39167780199141367,14,5,0.44471765863567836,0,4
5.820183692093586,0.07904506527169664,11,2,0.07904506527169664,0,2
2.606660228441826,0.4977217586998349,16,5,0.5992771679447764,0,3
11.050019070205849,0.2237724606653162,11,0,0.2237724606653162,1,1
3.823859064263557,0.4207426481088392,20,4,0.4207426481088392,0,1
23.209454499569347,0.5803000693104317,11,0,0.5803000693104317,1,0
6.033062262058635,0.05822822707585559,14,5,0.08832559378003554,1,1
0.8098671430861515,0.1868125738215189,19,0,0.1868125738215189,1,2
6.765359667064532,0.2848657854685873,13,6,0.2848657854685873,0,5
2.3591801815176616,0.6075102638068688,12,5,0.6075102638068688,0,2
6.956429184149318,0.1683234564119109,16,4,0.1683234564119109,1,2
0.4331094304172659,0.18109926081019856,16,3,0.1835658199933498,0,0
1.153369142754729,0.3956281151111617,14,0,0.3956281151111617,0,3
11.616714306108783,0.1845542548578858,19,4,0.1845542548578858,1,1
1.5462512598407092,0.3305051765795233,14,3,0.3305051765795233,0,4
10.88554447267699,0.0,13,1,0.1384398140947187,1,3
1.9649948362724838,0.7428659885113194,15,4,0.7428659885113194,0,4
6.178132606501409,0.030458153938119292,6,4,0.10154222553524682,0,0
7.107974210577832,0.23564945920195832,21,6,0.2749992253918359,0,1
4.312694887731297,0.29350379283158107,7,0,0.29350379283158107,1,1
2.1857433011338925,0.6825376268713592,6,4,0.7546402646828251,0,3
1.4344515609881148,0.03503084381345195,10,0,0.03503084381345195,0,2
0.20251571526336432,0.6967408270957502,10,3,0.7968339158744373,0,1
2.173971671407256,0.45143536422040453,14,0,0.7104337264112544,0,3
6.35339847655332,0.3834190648846492,16,4,0.3875528409737936,0,0
16.71329667545624,0.1030732625964089,13,1,0.22374287782597746,1,2
12.297175596578395,0.41422824840761474,16,2,0.5183313863235846,0,2
8.716266148484268,0.15530267551604,6,0,0.15530267551604,1,0
9.319688060482209,0.5533322506396825,6,2,0.5533322506396825,1,2
6.561478103530039,0.10578759417845335,19,4,0.10578759417845335,0,3
1.808956879783621,0.2773683011087832,22,4,0.3919594275018526,0,0
14.263530553170543,0.1889453823973657,18,0,0.1889453823973657,1,5
6.6653053045204125,0.10249540751460104,14,1,0.10249540751460104,0,5
4.931894927318282,0.4482639633815828,20,1,0.638373548354899,0,2
0.7058771873055879,0.4070917494819267,12,2,0.4070917494819267,0,1
3.554986340303623,0.5418020397801995,10,4,0.7055363207880436,0,2
3.7010989488179735,0.0,15,3,0.19497108083697234,0,0
11.995519151141785,0.5128341404682087,10,1,0.5128341404682087,0,3
4.746521393914586,0.8010897810713788,19,1,0.8749676787502776,0,3
2.872092338685471,0.2096717821646106,14,3,0.25713770780588285,0,4
22.581702962114033,0.679029722421794,15,0,0.7582451896953646,1,1
0.704062797760551,0.24736774558803468,6,0,0.36429786062161584,0,0
3.2947841919080103,0.025518052487738585,10,5,0.025518052487738585,0,1
0.25759954984128847,0.23887351151864086,19,5,0.29704545429303336,1,0
8.080229697978876,0.5096407935350552,20,1,0.579016213963528,0,1
15.011820186983266,0.1323647035336937,11,4,0.1323647035336937,0,0
1.9713354894841162,0.17993226819870256,19,6,0.27411797982766345,0,1
11.726023773076978,0.41870788645863816,19,6,0.5424639526035587,1,2
2.073716807509796,0.3006120233477146,21,2,0.3006120233477146,0,2
14.499238707683826,0.41692459049734815,13,3,0.41692459049734815,0,3
8.413613349673017,0.34756590815166716,16,0,0.5333999754205169,0,3
9.805666603058631,0.39592506391031457,14,5,0.39592506391031457,0,0
0.10902387848498676,0.21353976283809178,16,0,0.21353976283809178,1,4
19.750349834618383,0.3463461884060785,12,3,0.366171989056664,1,0
7.782474312988098,0.11452539886081325,10,3,0.11452539886081325,1,1
2.180912168386338,0.5576867245006777,14,4,0.5657573914996209,0,1
10.610414229629447,0.17314505663653723,7,1,0.2568057569156324,1,4
1.9837144656439147,0.5257694975098779,21,2,0.5257694975098779,0,2
12.369790784486499,0.2532786078034269,21,2,0.30623545336059055,1,1
0.7166240548865653,0.34039980215146426,7,1,0.388399765958907,0,1
7.2980130002651205,0.20100708982185983,10,1,0.2515819309815506,1,2
4.668290225803532,0.09680091376639416,14,6,0.09680091376639416,1,2
0.6091039291590572,0.0,8,1,0.003779036568274228,0,2
1.661591009329808,0.08893516828150808,17,5,0.10744070145982826,0,1
0.07488965085016812,0.23521822935681563,6,1,0.2425751653141492,0,1
3.795338259961692,0.3423758357657768,10,1,0.3423758357657768,0,4
2.150904569023167,0.5020758626566527,14,2,0.6826933747421171,0,2
5.473157102493432,0.2108485080406302,12,0,0.24330716017003898,0,0
2.11642031967142,0.12360784714656517,10,4,0.16515397109098892,0,1
2.1393563737480443,0.011457042799457473,13,4,0.011457042799457473,1,0
8.156587336962158,0.3960127235808208,7,3,0.6260645251128435,0,1
0.29604175943973216,0.5766389030658686,6,4,0.664614925390027,0,0
13.991774173147071,0.5532660535912577,14,0,0.5866680822278256,1,2
11.473965189684456,0.4419865496294475,18,2,0.614030493097218,1,1
6.612193077080472,0.42770866345351977,11,4,0.42770866345351977,0,0
5.396919840458041,0.6395247559418682,15,2,0.6395247559418682,0,1
13.370573342658336,0.3664162922833621,13,0,0.4720559409494467,0,3
1.2298342565039326,0.4292259352048343,20,0,0.5549820094436705,0,0
0.49357056194461446,0.23584322762960017,20,5,0.23584322762960017,0,0
1.6427552402059136,0.027591325829048496,16,3,0.027591325829048496,0,3
9.496141415176403,0.16323021990008474,12,0,0.16323021990008474,1,2
0.21171326097195903,0.29816819229306896,10,2,0.3950019774328303,1,4
5.245235635317403,0.31215707450026053,12,0,0.3217269403740295,1,0
32.3393286531605,0.6852571709710786,18,2,0.7312105853696055,1,2
11.615002463014614,0.3162554335182137,9,4,0.3162554335182137,1,1
4.421913432052906,0.5357686888051287,7,2,0.5620487212201072,0,6
0.3945373929151891,0.2129845516847368,9,5,0.2129845516847368,1,3
10.680414925960436,0.23766482284695317,21,0,0.3201726211614773,0,0
5.482441545262233,0.03419847255531033,8,1,0.21410672070648087,1,6
0.7325515638169038,0.15153439742468564,14,0,0.15153439742468564,0,1
0.5913507784467691,0.4053962782727506,16,5,0.5432439690896746,0,3
14.422846384706034,0.30151203607882665,12,0,0.30151203607882665,1,2
6.637452664128307,0.4885877239794467,17,6,0.5240771771443865,1,6
10.60662191713443,0.33625078966901006,7,5,0.33625078966901006,0,1
12.670742224529649,0.22950925367245162,14,3,0.22950925367245162,0,3
5.088602022389521,0.7296593727573919,22,2,0.8970831263690866,0,2
4.371979057869472,0.28121928625739057,14,2,0.28121928625739057,1,1
3.377214252567446,0.5326001939410608,8,5,0.6868061234561054,0,1
2.287093320680299,0.21975815869106446,13,0,0.2997178971790385,0,3
3.4212881392988033,0.4419198958767133,7,6,0.4419198958767133,0,2
8.920127548000355,0.4856031318303374,10,5,0.6569902634506248,0,3
5.526665446902662,0.34169839411511616,6,0,0.34169839411511616,0,1
13.382886633776018,0.0,12,3,0.13221905941071282,1,1
3.515235143531664,0.3036504921712226,12,3,0.4293374915813065,0,1
5.605041772591733,0.5460920095519951,16,1,0.5460920095519951,0,3
5.986754758145558,0.4054961666055461,10,0,0.4054961666055461,0,2
5.3744767839570775,0.3891677750458493,7,2,0.3891677750458493,0,5
7.276744875317867,0.0,10,1,0.0,0,0
1.6263931182996765,0.15590898586498822,9,1,0.2021230219343686,0,3
4.309113581414484,0.3822715262302878,13,6,0.3822715262302878,0,1
0.6603947608699849,0.3820766553573784,14,1,0.3820766553573784,0,1
2.912032424994358,0.5429333560265805,12,6,0.5985765743503632,0,3
4.0126836520125195,0.2710266489707811,16,2,0.35783100192772477,0,0
6.33718458551573,0.3811648173347628,6,5,0.3811648173347628,0,1
18.038460787391656,0.30327484838625873,12,4,0.30327484838625873,1,0
5.5075183459986015,0.1026114526996886,15,4,0.1026114526996886,0,1
8.165956958139553,0.0,12,2,0.054808253224078785,0,3
4.234550933134064,0.38620193842601536,11,3,0.38620193842601536,0,0
6.032437348304409,0.33478944168256225,9,6,0.33478944168256225,1,2
0.4414414709767802,0.1763649915799662,10,2,0.1763649915799662,0,2
1.7613283433108347,0.0,14,1,0.0,0,0
2.6951205642569427,0.4259479028817476,22,3,0.4259479028817476,0,1
3.8375628994032525,0.2468159851608896,14,4,0.39590485685486976,1,5
0.2803409040140472,0.4113749444736291,15,4,0.49270913242831377,0,0
0.9051054632279832,0.6728097060823517,20,1,0.7740426058851181,0,0
1.944535524620047,0.0,12,4,0.0,0,2
21.353993395389544,0.1600798382595272,6,2,0.17486314026834565,1,1
2.4149402918646716,0.25812487733761735,19,1,0.31559635761971383,1,4
3.947155815772506,0.5909652348293302,7,4,0.7486299863543762,0,2
1.3096653026738578,0.0,7,4,0.03922023817246755,1,1
5.661664350839496,0.6871722051361209,22,3,0.6871722051361209,0,1
1.9767205674684725,0.3271711803132581,10,6,0.3934329988914142,0,3
1.391536191295501,0.28079986765322834,18,3,0.28079986765322834,1,2
4.361125135946524,0.2603880473562187,16,6,0.2603880473562187,1,4
0.03312607162385864,0.21274739356399422,11,4,0.2233039230923096,0,2
0.046161313622401806,0.5096233518538309,11,5,0.5741117935647989,0,0
1.4836094212045836,0.08629584918351221,19,1,0.155802933804919,0,2
0.22447539502917496,0.3690828363287707,10,1,0.3690828363287707,0,1
0.6859081149765973,0.2231636668586049,19,1,0.2231636668586049,0,3
2.482743860430185,0.1475733102971804,19,4,0.1475733102971804,0,2
9.734703656553876,0.8171950351367792,10,3,0.8861452410554512,1,2
5.092474455547876,0.383810146950692,6,4,0.4369468284357262,0,0
4.312854605928376,0.42265310893222874,11,2,0.42265310893222874,0,0
2.0844975422198844,0.5275553561337325,17,3,0.5275553561337325,1,2
16.107794061517296,0.01573001093629056,10,4,0.05463427022219364,1,1
3.0351781594480096,0.6504583818244063,12,1,0.6600748289797727,0,6
0.5467260606994535,0.0,12,3,0.15081154571787783,0,1
5.759363857259724,0.14624671799229588,16,2,0.14624671799229588,0,1
0.7251356692239774,0.2081936653642199,12,3,0.2081936653642199,0,2
2.5407646645395934,0.41634467299410116,10,3,0.41634467299410116,0,1
4.248492178318477,0.34374365322829753,7,6,0.49648685610032733,0,0
12.4394460137935,0.26663705186032133,6,5,0.2749246388505891,1,1
4.081937547935718,0.2976005310744552,10,1,0.32161622377776106,0,2
7.269183072555061,0.10439539529548633,22,4,0.275458922268677,0,1
29.616094451868662,0.0005535211031653109,20,1,0.11675214227899576,1,2
0.8458509954958893,0.4453023244672121,21,1,0.4453023244672121,0,2
1.92728029828141,0.438741222507237,7,1,0.5588163506046422,0,2
3.0109581890188495,0.6168988750314117,19,0,0.7328734933512755,0,3
3.287305113128784,0.14199658063695836,16,3,0.14199658063695836,0,3
3.1761892644376966,0.4385630420601845,19,3,0.5898255855790975,0,4
14.290484296271487,0.24325865432705363,10,2,0.24325865432705363,1,3
7.511265697016553,0.5380949970386965,17,3,0.6138733439310703,0,1
5.617510005790516,0.5043925553356283,17,1,0.5043925553356283,1,2
2.2209299389763935,0.34224187984489135,12,1,0.5696049189000928,1,2
10.416485963266268,0.23209396866680265,10,4,0.25294047612694254,1,1
18.614630362788937,0.49218643572165227,17,6,0.5826210261441945,1,4
10.328866865190397,0.4293809046513132,18,0,0.44493528535650695,0,1
0.009397987488250489,0.16311191958276347,16,3,0.16311191958276347,0,3
6.070228110402727,0.034440265304113815,8,1,0.034440265304113815,0,3
0.31493488497026734,0.24229341986364075,6,5,0.24229341986364075,0,1
1.787260939334854,0.6030827630696418,8,0,0.6327741179087648,0,1
0.36821936149179785,0.5292974317466077,16,4,0.5292974317466077,0,4
5.554948008772753,0.07753450606588383,12,2,0.07753450606588383,1,3
6.961456592668563,0.06644851682001576,7,0,0.06644851682001576,0,3
0.729533168740878,0.5549367699358972,9,3,0.5549367699358972,0,2
2.905480776896163,0.07287281904843418,10,4,0.07287281904843418,1,1
3.6554453146247354,0.4018590647284016,6,2,0.4018590647284016,0,0
2.7632006887124363,0.17678575693273524,7,0,0.2493767158515734,0,1
0.7739929419847038,0.6234089849043365,15,1,0.6234089849043365,0,1
3.2574879851032845,0.1459150401724242,7,5,0.1459150401724242,0,2
8.346106138368445,0.5286723060411657,13,5,0.562728772645246,0,3
0.44192874304341667,0.33697173081207293,6,2,0.34307621472490696,0,1
0.5014637733885587,0.3504389708468573,6,1,0.42556469553454185,0,0
2.628902632418582,0.0,13,3,0.0,1,1
17.055565833167044,0.0,7,2,0.05510759851741842,1,1
6.626079833045505,0.2558868119465372,16,4,0.2558868119465372,0,3
6.811719070198097,0.34938121268332234,10,2,0.34938121268332234,0,1
2.6957495837388334,0.07496043445245532,9,2,0.07830771931879037,0,0
5.403401871440677,0.08226131790473154,20,4,0.08226131790473154,1,0
0.06109712251525851,0.4122945259652266,16,1,0.42681871216293144,0,1
6.065191859556255,0.4125708960914261,22,1,0.5005915157544402,0,1
14.670905157238876,0.2724517879224146,19,6,0.2724517879224146,1,2
5.68937426335706,0.456040344237215,21,6,0.4860874331928134,0,2
12.41450467942526,0.06515954085597067,15,2,0.06515954085597067,0,0
7.723540757442965,0.22881301658260583,10,6,0.2753596104570123,0,1
0.7708088221559823,0.6295755211567347,9,3,0.678489296454986,0,1
13.964544695890645,0.3136644259879635,10,4,0.3136644259879635,0,2
0.4125249707408226,0.3252625029173999,14,4,0.35964672154047184,0,0
4.580999075357082,0.761189317193548,17,0,0.8204852209328481,0,4
0.9198660612450937,0.020131566830245806,14,5,0.03476616303273929,0,2
0.07065403568689216,0.4592860733284221,14,4,0.4968321708223736,0,1
3.2894441138624257,0.63279725596162,12,2,0.6493966737333645,0,0
2.097691315142266,0.23502841470029076,15,3,0.23502841470029076,0,0
3.9931978453389547,0.4719261573709692,12,2,0.4719261573709692,1,1
5.165134542554444,0.10359610055781904,13,1,0.12055906440983274,0,1
0.26834679753547536,0.16265352088652968,6,0,0.16265352088652968,0,2
0.7875122633080889,0.37699328320952685,14,2,0.37699328320952685,0,2
4.90739903836948,0.45971333462211805,14,2,0.45971333462211805,0,2
2.5219560971463473,0.5241873024812491,16,2,0.5241873024812491,0,5
7.83766103136875,0.6139257173878987,7,6,0.6139257173878987,0,1
6.338347327510261,0.2865106882889636,20,0,0.2865106882889636,1,0
11.209421396984208,0.5387223510345176,22,1,0.6632388396061192,0,0
7.075541184616185,0.23153903131017017,22,2,0.25866957665021323,0,1
3.371988051624037,0.4804182623176536,8,4,0.4804182623176536,0,1
6.70615824663369,0.3414977595704364,19,6,0.3414977595704364,0,2
1.9326571198807756,0.38913558141638477,14,5,0.629624252999636,0,0
2.194410887285967,0.3847015748044075,9,3,0.3847015748044075,0,1
9.334960895101904,0.0,18,2,0.05373685207103595,0,6
3.548088773494052,0.07517562822784532,6,0,0.07517562822784532,0,0
9.60823338161608,0.3205082879635045,19,1,0.3696772093633104,1,2
10.370084605331236,0.0,9,1,0.0,1,2
11.693104993547673,0.46624222063995113,8,0,0.46624222063995113,1,4
14.907177305959063,0.4743111932576284,21,1,0.4743111932576284,0,1
3.3830932241988556,0.365434110575558,7,3,0.365434110575558,0,0
2.303984544858883,0.07577319744841554,22,0,0.12241459949368344,0,2
5.2364965791005,0.576027787773703,12,0,0.576027787773703,1,4
2.78338909783554,0.7074421279436716,7,3,0.7895648717647805,0,1
5.51387856645158,0.3294153654891948,19,0,0.3294153654891948,0,0
7.336607234216766,0.4021070756902473,6,0,0.4021070756902473,1,0
6.996306424044523,0.3403477309592088,10,4,0.3930725499453183,1,2
2.8157310254446792,0.40607383779975986,19,0,0.40607383779975986,0,1
1.0953229548288983,0.27608824867472076,19,1,0.2801761248357117,0,5
3.3782880815871663,0.2930871520312393,19,0,0.34494978959958966,1,1
0.9230633699166031,0.4811435200994731,6,4,0.5027592383429428,0,2
13.248944643222401,0.7691248323792881,19,2,0.7691248323792881,0,6
2.5467634570436406,0.019985753119652228,14,0,0.019985753119652228,0,3
1.0066770211511995,0.2792375031194066,16,3,0.2792375031194066,0,5
0.15466292638005996,0.06390790295358356,11,0,0.06390790295358356,0,2
6.227740548123643,0.6184049797152167,12,2,0.6184049797152167,1,0
6.07850029798092,0.18245240613602032,22,3,0.3270165255478543,0,2
2.4985876026644496,0.011359841242841173,10,0,0.21947045341936916,1,3
0.4464787786576472,0.4276373997697147,15,2,0.4276373997697147,0,3
3.1620236886704776,0.6488622229486223,20,2,0.6923705567516107,0,1
2.2369783531697,0.4327195737121525,14,4,0.4327195737121525,0,0
6.782859138952209,0.34095957545638345,18,4,0.34095957545638345,0,3
5.585065476035013,0.3818281845551988,19,3,0.3818281845551988,1,1
2.7209441193533506,0.5829681325651109,7,4,0.5829681325651109,0,1
1.4745788953454897,0.12516014599717,12,3,0.12516014599717,0,0
26.55510185618718,0.27763057918273737,10,4,0.27763057918273737,1,1
3.6308356347917625,0.20946197029809333,6,2,0.20946197029809333,0,2
6.993788631115948,0.06642693854165793,14,3,0.06754652914683891,0,2
0.9087964925680952,0.2343249481166395,8,6,0.24903997896231686,0,1
3.9884044936135234,0.5215442191964897,21,5,0.5215442191964897,0,0
0.16753777453755186,0.4133204296785451,12,0,0.44857312224867374,0,0
4.224704216824212,0.42886210002164005,19,0,0.42886210002164005,1,3
19.94831993107289,0.3292951223306636,16,4,0.3292951223306636,1,1
2.909063668768452,0.4046647565457177,16,2,0.43746792598487044,0,1
0.2386603246486988,0.1398819315303789,12,4,0.2904521218662567,0,5
0.1886702683550192,0.23809802281455414,15,3,0.23809802281455414,0,3
2.946008175780489,0.3384008473937353,19,4,0.3384008473937353,0,2
1.0462984431067852,0.355503171776378,18,5,0.4071254805945712,0,0
0.14177446248720338,0.3640375709843746,15,1,0.4183890137853094,0,0
8.468777424857464,0.2723329435967244,12,5,0.2985901232501932,0,0
3.6807282267228922,0.22451531977393405,12,4,0.22451531977393405,0,1
2.0485630369760135,0.9315542566088597,6,3,0.9315542566088597,0,1
13.82050361592926,0.4813574545864797,21,2,0.4813574545864797,0,0
0.7407325409871919,0.38262949519052447,13,3,0.38262949519052447,0,4
18.730335288845847,0.2533583003587212,7,3,0.2533583003587212,0,2
2.2609748129431577,0.20975623461122467,16,4,0.2904935079314763,0,0
13.157202813408649,0.27383988125460884,19,6,0.27383988125460884,0,1
5.542050724108634,0.3585657687173367,6,0,0.3585657687173367,1,1
10.516641308258304,0.0,12,2,0.0,1,2
24.815937576001694,0.0,21,1,0.05606443617329189,1,1
2.04148178939167,0.17262352221220847,16,4,0.24450612866230148,1,4
19.48604199575793,0.3414278873557137,19,0,0.3414278873557137,1,2
2.9606839781497314,0.2521453705696297,7,4,0.3808926382056279,0,1
2.921794339259761,0.5956242452198969,6,4,0.5956242452198969,0,1
2.4966128257828775,0.0035206426008462244,21,0,0.08973713007901601,1,1
4.677560981363282,0.1497309060793259,22,5,0.20927581500473758,0,2
1.0044442794713195,0.6040183481982202,10,2,0.6040183481982202,0,2
4.840737853749404,0.32622386493502936,6,3,0.32622386493502936,0,1
4.681450728537076,0.4769685165602317,20,0,0.5673227094634498,1,0
8.610432829838974,0.7102493886538928,6,4,0.7269053708413964,0,0
10.76196628625072,0.16123911641963548,7,3,0.16769576875934813,0,2
3.483641589270393,0.28013713244159355,12,4,0.28013713244159355,0,2
2.1600823489736802,0.24551461981382566,7,3,0.24551461981382566,0,1
1.8012402542528239,0.0,6,2,0.0,0,2
1.2986749626607312,0.2379206392488062,19,0,0.2379206392488062,0,3
0.3562557468502848,0.47621243747613307,6,0,0.5443158548323137,0,2
2.5153883905019385,0.40811790836244816,20,2,0.41253750279694806,0,0
1.8903006402310139,0.42381663387760204,21,4,0.42381663387760204,0,2
20.362480694577965,0.22489820387210008,8,0,0.22489820387210008,0,4
4.894721097924693,0.1687805527988717,16,4,0.1794161978467565,1,4
2.559614973102605,0.5538511343797241,7,6,0.6001327592382654,1,1
5.211687141735435,0.2005365707284661,13,1,0.2752545125037171,1,5
0.8993355450128686,0.3588164077586428,20,6,0.41213494750875446,1,1
3.5223940406574177,0.3326669361355077,7,4,0.3326669361355077,1,5
5.904757234692068,0.5923434032514237,14,0,0.5923434032514237,0,3
4.02711462587685,0.4942824715344719,12,6,0.5283643331786575,0,1
3.0827681691345123,0.04094827586657579,20,0,0.04094827586657579,0,5
30.54624758365476,0.06248936664499197,17,6,0.07266792744531583,1,0
12.737340001480781,0.41578196361382685,7,3,0.41578196361382685,0,1
5.859524902840847,0.2871324705241667,7,1,0.367007859892377,1,5
5.055138722286821,0.2089656432092472,15,1,0.2811708867430899,0,1
5.815941859919725,0.5031255767988941,16,5,0.5615543623888246,0,0
1.3487101955147103,0.33749187641778217,18,0,0.38539923941923504,0,4
3.0165271301411813,0.3104914773778888,21,4,0.3104914773778888,0,2
0.24155499819456128,0.45596572815100994,7,2,0.6110885587378649,1,1
3.8723857742614776,0.22497820101128707,19,3,0.2840055331942481,0,2
4.698754102517848,0.6137037970945108,12,6,0.7621447893206695,0,1
1.5506796327536743,0.14239047535339838,6,6,0.24801111219688132,0,1
19.95022783139866,0.43138581326841763,11,6,0.43138581326841763,1,0
14.411424104391859,0.5867665677319689,15,4,0.5867665677319689,1,0
7.68389720114277,0.024540902145580024,14,3,0.07375214538379013,0,2
4.573525578395595,0.23133296482951016,9,0,0.23133296482951016,1,2
12.239901739095723,0.5284414785771115,18,0,0.5284414785771115,1,2
0.8400730144573856,0.531448909546205,14,4,0.531448909546205,0,4
9.378469748569408,0.26570087992235214,11,0,0.26570087992235214,1,1
0.7999597773121431,0.15306578126462808,16,2,0.15306578126462808,0,1
9.48541360304501,0.49118716446615246,16,2,0.7051359974755346,0,0
1.9358573987480558,0.536709820516321,19,1,0.6067877360358782,0,0
12.577845755702695,0.06706733029752104,9,2,0.17057322643045048,1,5
17.298933278100982,0.05921727020672393,16,2,0.07468621600400989,1,7
0.9666205512876574,0.3450513363967199,6,2,0.46502978810403073,0,0
3.7269196767546995,0.4258721266857784,14,6,0.48195077100070405,0,0
23.77591327885783,0.24018618295398902,15,4,0.3227005822210102,0,1
3.963004754924287,0.43585876399646983,10,6,0.48476247368198166,0,1
11.950673251591276,0.15797267863252357,11,2,0.2937396508584879,0,1
5.3310542815455,0.0,18,5,0.0,0,0
2.823189727682185,0.21521978553348076,16,4,0.3713588139809999,1,0
2.0194153143604554,0.3126464293026202,6,1,0.3126464293026202,0,2
1.3630833174503183,0.24483200802070867,6,5,0.24483200802070867,0,1
8.607822175301733,0.06827934726810295,18,6,0.11204232685416005,1,3
2.9318462568142554,0.0,14,4,0.0,1,1
4.295737593684373,0.1971822391264204,21,2,0.1971822391264204,0,0
4.067488472453454,0.47953115432994875,9,6,0.47953115432994875,0,0
5.166257767041301,0.5512394878827365,12,4,0.5512394878827365,1,2
12.040588907478881,0.537542676827691,13,2,0.6347416861684532,1,2
23.698144748014094,0.13681809297028938,13,4,0.21949810107544082,1,1
3.1412792414920014,0.06925873527392717,12,0,0.06925873527392717,0,1
10.544806451384119,0.39932692299597905,18,5,0.4435199900698198,1,2
8.676974379015517,0.42702000231958503,12,4,0.6378156041910131,0,3
5.113264775067977,0.3800339210400995,6,4,0.3800339210400995,0,0
18.74782599118761,0.0,21,5,0.0,1,0
1.342421230226701,0.12662308302330666,16,3,0.1313789654069786,0,1
0.694244566918587,0.2940622419428043,14,4,0.5652072493118716,1,2
11.543329145356717,0.3974436389260854,19,0,0.3974436389260854,0,5
3.4698087716848587,0.45346147252049734,13,0,0.45346147252049734,0,5
11.262682866195558,0.328850704456408,21,0,0.3848211594138543,1,0
13.414619035722701,0.3661567613076472,15,5,0.460960655249372,0,2
0.3869597321255004,0.3169730916722208,20,1,0.3177028869038209,0,1
12.897369528421937,0.4371238748436966,16,3,0.459908715450853,0,2
3.568712392010548,0.36257313029818217,6,0,0.36257313029818217,0,1
4.285397449476634,0.31314753200945744,7,1,0.3311556786224687,0,1
5.910509952511813,0.24632624017252383,21,5,0.24632624017252383,0,1
15.653243757388655,0.31625828500849623,15,2,0.3337037331019879,1,0
0.11580701619351505,0.396918275767855,19,5,0.4005149541513113,0,1
3.8872473836269394,0.35349507777961225,14,2,0.38988677224209434,0,1
6.9831695888019505,0.3761652836690508,14,0,0.3761652836690508,0,3
7.696082505270628,0.5685443722702371,12,2,0.618622641051149,0,1
7.0763139942666475,0.35303278454931747,19,0,0.43429987196119546,1,3
0.866237733571856,0.17020029590536845,22,3,0.4226644696699205,0,1
2.1348712278586444,0.4767213571988338,6,0,0.4767213571988338,1,0
2.665692734456008,0.026760332466216452,19,2,0.026760332466216452,0,1
9.791242576719128,0.08371732385214253,14,6,0.10132973844407828,1,2
1.960698895059792,0.3671694529440138,11,6,0.41908936973067623,0,2
1.4196905474174912,0.40327933355731577,21,1,0.41517521987496114,1,1
18.942173213700052,0.05098975529920097,10,3,0.06375373478029443,1,0
0.053416786033711416,0.22343650380264998,8,3,0.22343650380264998,0,5
36.77293796342452,0.17878323355606823,14,4,0.17878323355606823,1,1
6.77729912662052,0.20266473542368063,7,4,0.3271992371203191,1,1
10.57795809863022,0.48871955525458916,20,5,0.6500764294875537,0,1
2.094106551029524,0.4413010927094505,11,3,0.4413010927094505,1,0
0.08651237842806914,0.2961755640292585,15,3,0.2961755640292585,0,1
8.033477270608202,0.1908076145770144,8,3,0.1908076145770144,1,2
10.779833618960405,0.030070065955971836,10,3,0.030070065955971836,0,2
8.093439621288564,0.5840369877563898,8,1,0.6182325839636371,0,4
0.9248560902613301,0.4184227800569837,20,1,0.4184227800569837,0,1
8.400605541625524,0.1586661791853719,10,6,0.2338686385493972,0,2
8.790020086368099,0.4439198995249783,18,3,0.4439198995249783,0,1
6.447157483991287,0.28595527588507486,15,6,0.3488011738162166,0,0
8.71757835415448,0.2425780990275314,12,0,0.2735179536352604,0,2
11.22175604807283,0.38704230565792047,21,5,0.38704230565792047,0,1
5.705356945877583,0.151700350017455,21,4,0.151700350017455,0,0
0.5566714343694945,0.231248696097978,19,1,0.30238000871163784,0,2
4.012223902725733,0.32429221283990917,6,3,0.5965442740885472,0,2
0.484978779445952,0.20010976142295728,19,4,0.20010976142295728,0,4
3.1408622089520115,0.4338170420535048,20,1,0.5332986127210774,0,0
3.1364428383037866,0.6738133007356522,16,4,0.836867443572587,1,5
0.4097362834413045,0.14914037347857143,14,4,0.14914037347857143,0,2
2.573819983796284,0.0,7,5,0.0,1,1
0.705935429268435,0.0,19,0,0.0010595258559801168,0,3
9.908914260452882,0.26990637170100357,12,6,0.2876466237341664,0,3
17.703179910371993,0.16736708197476344,16,1,0.21787433841081963,0,2
0.45038780239473464,0.3415721002134161,7,4,0.3415721002134161,1,3
18.621937404412115,0.3265195344052202,21,1,0.40106484424377087,0,1
4.436109296332567,0.0,10,4,0.0,1,2
2.136328057671612,0.0,15,0,0.0,1,2
0.4798597484374325,0.35918664806921907,19,6,0.39070925883901725,0,0
4.1663789806283615,0.3270857669439914,15,1,0.3270857669439914,1,0
9.494309341185707,0.2148364003266897,15,3,0.2575885766743249,0,4
7.367267146701899,0.0,15,0,0.0,0,0
0.30918737697627874,0.39427825255299814,16,1,0.39427825255299814,0,2
0.4541749443495149,0.5543799090847887,15,5,0.5850159876830644,0,0
3.093755587296526,0.35559648804378446,11,0,0.35559648804378446,0,0
2.099817656280294,0.13050522188698704,14,0,0.17066731065157703,0,2
1.5867965503953572,0.3089104331142303,8,2,0.3089104331142303,0,3
1.9794010707330698,0.026777183813262995,19,1,0.062162499577438086,0,2
9.762030186940295,0.5115921427677586,9,3,0.5223849823998555,0,2
15.889755567260568,0.31636886690590776,7,5,0.46667582769681093,1,2
3.1161989050652017,0.0,8,3,0.150434507415423,0,3
14.193852409457342,0.23986512791126346,16,4,0.31687118403353354,1,3
2.3271867843434975,0.39266030204684615,8,4,0.39266030204684615,0,3
3.8825873159371453,0.2333904758048955,19,2,0.2333904758048955,0,1
1.5373252258367316,0.2448208557119652,15,1,0.2448208557119652,0,2
6.137846771829268,0.055119558590545625,14,2,0.055119558590545625,0,1
23.174003807857932,0.41330819741633124,18,2,0.5211032844267857,1,5
5.5503709548605755,0.1703061599961725,14,6,0.1703061599961725,1,2
2.657264571640105,0.0,14,2,0.0,0,4
6.261633710852903,0.2257485258659212,6,0,0.2257485258659212,0,0
0.786947065513864,0.4962299431140706,21,6,0.5093949556147774,0,2
13.170950613997839,0.22261411068001052,17,3,0.22261411068001052,1,2
4.196005093219408,0.6475969970247041,20,0,0.6475969970247041,1,2
3.579932471436611,0.3857935897097034,10,0,0.3857935897097034,0,3
5.289376563239762,0.36775163245607323,6,1,0.39384439004245675,0,1
5.881518318910961,0.2743203468164782,14,6,0.27900703576171487,0,2
0.4468919235339899,0.28634275844714185,16,1,0.28634275844714185,1,1
6.88588037714628,0.24731527297609918,12,1,0.24731527297609918,0,1
1.6618905953490628,0.2395461215834947,21,0,0.32543452171767157,0,0
7.509587167617202,0.40617343241342974,18,0,0.40617343241342974,1,2
10.373884283890314,0.11283375404188686,18,1,0.20406933089990031,0,4
9.776573675972877,0.08482123425514804,12,6,0.08482123425514804,1,3
4.824485418449415,0.07536098982492445,14,1,0.07536098982492445,0,1
4.405939080279781,0.7091309095354308,9,3,0.7091309095354308,0,0
0.9250358097855054,0.40606858033411597,12,2,0.46324301482317404,0,6
8.95916704582457,0.36089844033602897,12,2,0.36089844033602897,1,3
1.899859614651639,0.08849706594131368,7,2,0.08849706594131368,1,0
4.119358625398336,0.42466846013496573,12,1,0.42466846013496573,0,1
2.0067479799824524,0.2766857307093343,16,4,0.2766857307093343,0,1
0.8620331694437771,0.34283378822634997,15,5,0.34283378822634997,1,0
5.958345440855535,0.10467593682728876,7,1,0.10467593682728876,1,2
0.3351825583554982,0.33205377148351534,9,1,0.3451067548682927,0,1
8.285339567508483,0.21523329235870337,22,4,0.21523329235870337,0,2
2.292719595323379,0.14687776859396243,11,4,0.1560206182308664,0,0
0.0008082124584160423,0.44682126716144976,6,4,0.44682126716144976,0,1
4.293941476826671,0.0,11,2,0.07059316302346272,0,0
0.2879099541675131,0.4129552528628301,22,4,0.44278586262284947,0,1
1.9391886594586782,0.4368972267105992,10,0,0.46297644799424803,0,0
7.365014553559939,0.12407126488975184,13,3,0.12407126488975184,1,3
0.3884448279529607,0.1359343077735065,10,4,0.1359343077735065,0,3
10.970733385288717,0.25539486374671955,12,6,0.25539486374671955,1,1
0.02296342317837634,0.3564072420924441,13,1,0.4724344842092334,0,5
1.700737038548973,0.2694290016371549,7,3,0.40313045523978497,0,2
8.103341077866625,0.3867124920383759,14,6,0.43116125803138333,0,1
2.2811543707184985,0.6525959305074798,7,0,0.6525959305074798,0,1
0.644792296462761,0.1984566461700572,18,3,0.260982842248212,0,1
2.679916005388848,0.0,16,6,0.0,0,1
1.8914978309325363,0.46518471660613064,10,0,0.46518471660613064,0,2
11.098056822822175,0.6366629151855059,11,2,0.6366629151855059,0,0
2.2555652717630386,0.3785536726102249,7,3,0.4796685135319688,0,3
9.333462946388103,0.08245026492926638,18,0,0.08245026492926638,0,2
13.34664544622417,0.2752215273529598,7,0,0.28472947950466887,1,2
3.413032035259778,0.07629530315767352,14,4,0.07629530315767352,0,1
14.44388443896718,0.4285710987925895,16,0,0.4285710987925895,1,0
2.842316463357096,0.02974191946031307,9,2,0.02974191946031307,0,1
19.958501713012296,0.23997424263435999,19,4,0.23997424263435999,1,1
0.561181450874169,0.09913243474121869,6,2,0.11589335641923859,1,2
6.969681867959929,0.3253649370269924,14,0,0.3253649370269924,1,4
4.0851070093869195,0.22673166457244845,11,1,0.279805080526463,0,4
2.9426958825750784,0.3353524206500528,14,3,0.3353524206500528,0,2
6.009652004431967,0.30447011099327315,19,3,0.3173604198958934,1,1
7.301478855810746,0.10266819445517789,6,3,0.10266819445517789,1,0
0.026236898950478475,0.42537541270580437,6,0,0.42537541270580437,0,0
1.095991934227254,0.2902468696313769,20,5,0.39554532322980573,0,1
7.490601187611998,0.10229419842681989,13,6,0.10229419842681989,0,1
6.586613311004834,0.7481853112411585,9,3,0.7481853112411585,0,3
20.296757646243247,0.39528603334342494,21,2,0.4457733530225955,1,0
8.588699146540442,0.2693478893201389,17,0,0.2693478893201389,1,1
18.067842530261274,0.5830409053403647,19,3,0.5830409053403647,0,1
7.274863217262524,0.6683631218773214,14,3,0.6683631218773214,0,2
2.123377494019589,0.27093011553722296,22,5,0.27093011553722296,0,2
0.6680362692722155,0.3694794972869524,7,2,0.3694794972869524,0,2
9.134715456686884,0.10239943639941179,6,2,0.23611104231380425,0,0
6.19946278471215,0.2705614498463977,11,2,0.2705614498463977,0,1
0.29631392670925194,0.26018748924802604,11,3,0.26018748924802604,0,1
2.6781957522465425,0.3369654067243308,14,3,0.3559457010320326,0,2
18.851463075264686,0.36655209572740205,6,3,0.36655209572740205,1,2
4.163698763930102,0.411965689765612,6,1,0.411965689765612,1,1
3.4015102504352943,0.34752853125999184,18,3,0.4496428587932555,0,2
3.6716111822999933,0.05785147467416707,16,1,0.05785147467416707,0,2
1.4058543555155747,0.112306578851783,10,4,0.112306578851783,1,1
2.759912715355021,0.1907184761072654,19,0,0.1907184761072654,0,6
2.770434506712224,0.24355188161535424,19,0,0.24355188161535424,0,1
0.3226520444165869,0.5101548580944226,18,6,0.5231470587904833,0,2
8.754935829678299,0.06741220262941738,17,1,0.06741220262941738,0,0
3.2323105359826187,0.22851699036585998,16,0,0.22851699036585998,0,4
10.361897038697387,0.49060189964281,10,6,0.49060189964281,1,1
11.396656126433143,0.24002450510067755,17,6,0.33170247885030457,1,1
1.429497866124375,0.3920831299685648,19,0,0.3920831299685648,0,4
6.426335540827857,0.2720915914144193,10,5,0.2720915914144193,0,0
3.835157146564459,0.35135665146494455,13,0,0.35135665146494455,1,3
12.72942323581416,0.2543054912380919,16,4,0.3054628848682892,0,4
1.4580932817977834,0.4334130945456708,20,4,0.4334130945456708,0,4
6.795742670300669,0.0,15,6,0.13247889004075733,0,0
5.615167787058541,0.22733759832229097,6,0,0.22733759832229097,1,0
2.099911172340954,0.3593145353388616,7,0,0.3593145353388616,0,3
0.8812694548841252,0.4067390496012386,22,2,0.5247143933743605,0,0
6.32710898151257,0.5985905245507656,13,5,0.6687413778312932,0,2
8.050162522712826,0.2217950666268847,20,1,0.3615641388345715,0,1
2.2755161439610605,0.5958963523721745,7,6,0.6856566246976795,0,2
6.2109963760829885,0.16819523466806588,14,5,0.16819523466806588,1,3
3.0164593234882044,0.5657292823089287,11,1,0.5657292823089287,0,0
7.493965024996504,0.46349342533967447,15,4,0.4864429661487929,0,0
1.332978754236426,0.11730828407355542,7,1,0.11730828407355542,1,4
13.255388371637949,0.36140784745036436,14,6,0.4573388865866218,0,4
2.0330909564077126,0.2897528328935617,14,0,0.2897528328935617,0,3
2.751163891130034,0.4251169187350001,22,3,0.4251169187350001,0,0
0.3590857370622365,0.2553456823133381,14,6,0.2553456823133381,0,0
0.7094062581402681,0.2385507548676537,20,0,0.2385507548676537,0,0
4.352310527930436,0.5738189165525702,19,1,0.5738189165525702,0,3
1.8685108033543476,0.2802558211088654,14,1,0.2802558211088654,0,3
10.828347046482037,0.4652844648383533,14,3,0.4652844648383533,0,1
0.08881443416665025,0.25492970299116,11,0,0.25492970299116,0,1
2.859453933928243,0.6333326518455047,14,3,0.6333326518455047,0,3
2.469009668049858,0.1643330741329013,10,1,0.1643330741329013,1,4
0.11710111001926268,0.17717129375056306,14,2,0.17717129375056306,0,3
0.7968589398275323,0.6049034362231807,6,3,0.6049034362231807,0,1
3.202955432854473,0.21101072182094943,14,5,0.23658474343363273,0,0
4.073863315403952,0.6202148612328786,21,6,0.7916473474574048,0,0
3.1080052994383314,0.47836811591896256,19,6,0.47836811591896256,0,5
4.542117825079935,0.2690700586878333,14,4,0.34058513209902175,0,4
5.425160327781101,0.0,16,2,0.0,1,3
0.05984034274891631,0.29613633914563287,18,1,0.4437467479467696,1,0
3.7427920197997135,0.3203260107066849,7,1,0.5157972664861257,0,3
19.86253332605783,0.5334435466608746,13,0,0.5334435466608746,0,3
4.391730729508954,0.6176894352480224,22,3,0.6313831108854273,0,1
6.790699279343379,0.16300256417125045,14,1,0.1975313195805773,0,1
2.242611478139282,0.4602363527976365,18,4,0.5993029195729542,0,5
8.923092784025986,0.4530804312026699,14,1,0.4530804312026699,0,2
8.89475655893808,0.5146825404820891,7,2,0.6158273280527422,0,1
4.420037557216539,0.3997379824271089,7,3,0.40379784580694134,1,0
22.381665507215068,0.0,6,4,0.0,1,0
0.8049624437062494,0.26891551349444803,20,0,0.26891551349444803,0,1
0.1025575203508032,0.06885848501661693,12,5,0.1364704622965318,0,2
8.822184503758695,0.2594788454163852,11,4,0.3959080169914708,0,0
9.875227848395678,0.4960008472267788,12,4,0.5121080871616709,1,2
0.768413321270824,0.36103016717499453,13,4,0.36103016717499453,1,4
1.852068386088209,0.5296181732794866,7,5,0.5296181732794866,0,2
0.10624939623879001,0.36835078414270783,8,2,0.40179265329837777,1,1
2.0829672951099396,0.04033481206621947,18,4,0.04033481206621947,0,2
8.900582712768673,0.0,13,2,0.0,1,4
4.37837565343242,0.32976175233591803,16,2,0.4182771352528797,0,2
2.5671440585600496,0.25721470672976693,7,2,0.31085515231918837,0,1
2.7888003789561924,0.10461085212362356,7,4,0.15187424158957397,0,4
0.008127256166086888,0.0,10,0,0.0,0,1
2.1383401434672424,0.15305135730545813,6,4,0.15305135730545813,0,3
6.238530519363104,0.2611017030270448,8,1,0.2611017030270448,0,4
21.94299272571108,0.43317556474127805,8,1,0.43317556474127805,1,1
11.266289991748147,0.337726216313596,12,0,0.4462798010421732,1,3
0.143266700493099,0.6216134494345458,14,1,0.640073517180899,1,5
13.729762495333553,0.09287918879092111,20,4,0.27789530296586384,1,3
9.172636144260915,0.47621177841148665,17,1,0.5205956359466899,0,2
9.095033090093997,0.30945974862574555,12,3,0.451643953641671,1,1
3.6748887171386757,0.4389338248237169,19,0,0.4818129357141026,1,1
3.045039755971174,0.21269702734689128,7,4,0.3233859594308136,0,2
2.1650938198938783,0.5143360747781179,15,5,0.5156499922701662,0,2
0.4077131438056252,0.35904495166904854,19,1,0.48450050048085525,0,2
1.554453902598165,0.1641110030164501,17,6,0.25079152051422976,0,0
1.6989828510055998,0.29759519421736236,7,6,0.29759519421736236,0,1
3.9707873073562014,0.25208882821258005,15,2,0.34174047126298013,0,4
8.256743295640295,0.3978356701275587,14,6,0.4658606368064927,0,5
3.8525555316939295,0.06404465012509825,12,4,0.06404465012509825,0,1
0.3575093403749045,0.2941296595768611,12,4,0.2941296595768611,0,0
18.99056042638054,0.3790614505298662,17,1,0.484455205789013,1,2
17.15927497411226,0.30660466143860665,19,4,0.30660466143860665,0,0
9.227995414367506,0.5693882488777992,13,6,0.6367417755924175,1,1
28.48586690015966,0.4548045548142105,16,5,0.4918952607012984,1,4
4.717924659877738,0.29850384065185065,14,2,0.3036174187973485,0,4
19.7435764786974,0.3433378194995346,12,5,0.6598963899073413,0,3
0.47169512069501895,0.35913311029639994,11,0,0.43129660439513695,0,1
2.731217397877661,0.3806599208333648,16,1,0.3806599208333648,1,1
1.5323059763915463,0.0,6,3,0.0,1,1
1.3076905473138491,0.23969474084613057,16,4,0.33001982334187263,0,1
0.91054192422651,0.003112186361314717,14,5,0.06390360978439702,1,1
5.843735834351886,0.5556561894918973,9,2,0.5556561894918973,0,5
9.120925746738958,0.28783009599941445,19,6,0.3883368292282998,0,3
5.18074393617496,0.26133181006407546,16,1,0.26133181006407546,0,2
0.953712094006951,0.47935946640664706,7,4,0.5685844250501594,0,2
9.999980074887926,0.38446495948997494,7,2,0.38446495948997494,1,1
6.062861929304382,0.07427309712415855,10,1,0.13988249163762695,1,2
2.947762768666685,0.28581892749452625,20,0,0.4669185950952806,0,0
6.727545942402408,0.23296660535472302,6,4,0.23296660535472302,1,2
1.8058601675923027,0.0,15,0,0.0,0,4
2.540481206963777,0.16194475335255906,21,4,0.16194475335255906,1,0
14.968712411776227,0.2632919355967069,12,1,0.3267992234732779,0,2
2.059206797342784,0.27700981370163147,12,3,0.39328838534782834,0,6
3.809136822779365,0.0035537152645382375,12,5,0.0035537152645382375,0,1
13.251352825570503,0.5303331166094951,19,4,0.574431157501958,0,2
7.380285911062393,0.2795793882217122,18,2,0.312421346100587,1,1
0.3853320748444365,0.30751061533211255,14,6,0.34264985823620514,0,7
0.9561063804279346,0.38012832766796734,20,1,0.4454380997521216,0,1
0.047234986343841684,0.14238474921926575,16,1,0.19762179034170727,0,1
5.980480240808949,0.39127119462653925,22,4,0.39127119462653925,0,2
3.561694722061403,0.22658507079636336,15,3,0.22658507079636336,0,0
0.865126803540621,0.12068289187056166,20,4,0.12068289187056166,0,1
19.011110059891333,0.4146894986710798,7,0,0.4146894986710798,0,4
4.525793127770776,0.5983347717603615,8,6,0.5983347717603615,0,1
1.6615867818552283,0.4449658746971663,10,4,0.6157730068900809,0,1
4.166130312315094,0.4845955130280862,10,3,0.4845955130280862,1,4
6.829491157639538,0.1958738786875402,8,0,0.1958738786875402,0,1
0.47581280862030484,0.0,19,3,0.006234689381274334,1,4
1.9270510595105572,0.5980275044199682,14,3,0.5980275044199682,0,2
9.869317814105113,0.7109029778809519,18,2,0.7109029778809519,1,2
3.693394329344083,0.6085613547539364,7,6,0.6436682098935843,0,1
4.745580765634821,0.23284281220405006,11,5,0.25352714198648474,0,1
3.4024291008138676,0.06907313225423112,16,4,0.06907313225423112,0,7
0.26935625340094216,0.08686346043608667,7,1,0.08686346043608667,0,1
1.0873313845511619,0.0,11,1,0.021285850301317247,1,1
3.5385814045336565,0.2785242763179909,13,3,0.2785242763179909,1,1
1.408150849494144,0.6211355916164909,16,3,0.7294712705474351,0,2
0.30762731721676106,0.2716674736255513,15,5,0.30035372652098097,0,0
11.133936278324585,0.360464580069655,19,0,0.47319320709380125,1,3
23.841006619171438,0.5751193928608417,18,3,0.6259056680254189,1,2
9.454361619406455,0.21918093763352003,22,0,0.21918093763352003,1,1
11.53605961361687,0.707106291343919,18,0,0.8081083635436623,1,0
1.662250336255268,0.6984188814994907,22,0,0.6984188814994907,0,1
19.40804612915273,0.27377773226390345,12,3,0.27377773226390345,1,2
1.3158482810482695,0.18449314719615742,7,3,0.18449314719615742,1,3
18.14847190921231,0.4394476092780626,16,5,0.4394476092780626,0,1
31.57688359193577,0.23049501149622836,18,0,0.23049501149622836,1,5
7.462996690108092,0.0686889565865327,6,3,0.0686889565865327,1,0
23.825459336558676,0.5562477307045961,19,0,0.5562477307045961,1,1
5.0574021753564375,0.543289477455416,6,0,0.5951015080953239,0,0
1.802916434953917,0.3311023207527122,14,2,0.3311023207527122,1,0
3.4468100579568572,0.04742704925436442,7,1,0.04742704925436442,0,2
5.401927582569707,0.05409474975652276,14,5,0.05409474975652276,0,2
0.45533821328306323,0.32144585768383055,6,5,0.3640757759275418,0,0
5.842617620369706,0.20002579309899354,12,0,0.2678405550068242,0,2
23.83632124725233,0.23178141357167836,19,4,0.23178141357167836,0,2
1.2651236466920022,0.5043926310120007,13,2,0.5043926310120007,0,2
9.43849461693747,0.44663586348451156,11,6,0.5335048736924084,0,2
14.309203433707545,0.5756285360995226,7,3,0.5756285360995226,1,1
17.262534215354975,0.10187535532454844,14,6,0.13919053567783352,1,1
19.33363016668919,0.23136168626265757,15,3,0.25446840745970656,1,0
4.422088332341726,0.45179633909202255,6,3,0.45179633909202255,1,2
22.714432709156135,0.3896156682025783,7,5,0.43191717386143813,1,4
8.495827342345041,0.6064760765175243,16,5,0.6230040512182344,0,4
1.0580710468851375,0.38410734118081385,22,2,0.38410734118081385,0,4
3.887896992829922,0.6696218208211104,6,2,0.6696218208211104,0,2
7.602139673527511,0.40800356034462815,11,6,0.40800356034462815,0,0
1.7048525998787754,0.512433489517732,16,4,0.5922798332125248,0,3
6.140169314768118,0.23529701064310854,18,0,0.2542078429906265,1,0
6.590482473113777,0.3028574423767978,10,3,0.3158178777709789,0,2
1.0654352627910575,0.48218888076789507,14,0,0.4903049280578728,0,4
4.995632326251947,0.622595634118611,7,1,0.6613236600384502,0,2
8.860647792248376,0.44584738986215056,9,0,0.44584738986215056,0,2
4.145645670959616,0.2833656456130761,17,0,0.5581005685535332,1,2
0.073061735326202,0.5754670059056683,16,5,0.6471851445552741,0,0
0.054477383105425714,0.0,14,1,0.036236345086131445,1,6
2.6499371509206404,0.015553099698625283,15,5,0.20043352508977835,0,0
15.63789706231441,0.4363268447336778,12,2,0.47141197644621585,0,4
1.5578866257835018,0.302821671250625,14,2,0.4953930789428829,0,2
6.03669675033132,0.421102730224833,9,2,0.6331581010884082,0,0
1.5067576783830583,0.3128815044863884,16,4,0.44924167100174117,0,2
2.3287282112793344,0.4141891389207745,10,3,0.4141891389207745,0,2
11.304910210524753,0.13711943580136185,15,0,0.13711943580136185,0,0
7.830751833758383,0.4140972172159382,8,0,0.4140972172159382,0,0
0.6015697382200139,0.4988829056415169,10,1,0.5799032039715349,0,1
3.3590661046810713,0.5441101207862465,7,5,0.5441101207862465,0,2
0.17762195881351284,0.70271085892974,13,0,0.70271085892974,0,2
3.9338385278148342,0.3488196887004773,9,3,0.3488196887004773,1,1
6.515965601373273,0.35478221736943577,10,0,0.35478221736943577,1,5
0.7567995206217505,0.0,6,5,0.00993475349844105,0,0
2.045526193962207,0.193717719772315,12,3,0.2523896402723893,0,1
3.0433589056971018,0.26138358519867744,11,1,0.36214417132037857,0,0
15.11930140978266,0.510063910455271,9,2,0.5177955535782844,1,1
29.993736455414105,0.17779977518207415,6,4,0.17779977518207415,1,1
0.27570637309009643,0.45926800394976647,7,6,0.45926800394976647,0,1
8.587949281803446,0.299675656607324,7,2,0.299675656607324,0,2
2.788654945832934,0.2645663769770476,10,5,0.4679726029469159,0,4
2.9900056613050383,0.3497787938266513,19,4,0.3497787938266513,1,3
8.421008705972051,0.22176872554943147,14,3,0.2603970621825274,1,4
15.037499957023034,0.2141925503814669,9,0,0.2141925503814669,0,2
18.086872719523235,0.0,16,4,0.0595437699800261,1,3
5.164037660672783,0.2504091585344221,7,1,0.2504091585344221,1,0
2.6507940038964843,0.20400637077025469,6,0,0.20400637077025469,0,1
9.294265857462593,0.19680380213018406,7,2,0.24210325388059845,1,1
1.734108853672637,0.3833746125180081,7,3,0.3833746125180081,0,2
4.981697045710641,0.4317263905581019,12,3,0.499089147248685,0,3
2.6644104712599215,0.3464389009284655,7,2,0.3991565430528622,1,2
6.413698937926763,0.4990830380898949,21,2,0.4994187194451334,0,0
1.649771213331058,0.415112385166073,8,4,0.415112385166073,0,3
1.2761374037066555,0.24098876203887157,7,5,0.24098876203887157,0,3
15.02373589073812,0.20742874285712404,15,6,0.28931550645162224,1,2
0.6441997122227507,0.3625644473533693,18,0,0.4143769858151346,0,0
4.230807350458906,0.4147534219803802,6,4,0.5718555743991451,0,1
1.4973316133431507,0.5795688614062997,16,3,0.5795688614062997,0,2
0.2382479622831999,0.5382346089880191,7,4,0.5382346089880191,0,1
0.22010103366796258,0.19170539869856618,7,0,0.19170539869856618,0,0
1.1558444607499612,0.27959874397454765,14,3,0.27959874397454765,0,1
12.094085891224335,0.43420356098355395,21,4,0.43420356098355395,0,1
1.9917162400082966,0.5135995556117944,21,2,0.6657062701780558,0,1
18.029748675214556,0.48779389374095844,14,3,0.5214132372961149,1,3
5.2282238950431825,0.28722443343373066,10,4,0.30921739906844664,1,2
3.4427436588905262,0.04919546951429665,12,2,0.04919546951429665,0,0
5.206272607164619,0.10021272475088172,15,3,0.10021272475088172,0,2
4.36268615397052,0.3545267028638829,21,6,0.36890589845834443,0,1
8.532182211296089,0.3684451158848691,17,2,0.3684451158848691,1,3
1.9918610903923586,0.08026412531312299,22,1,0.09692298757569781,0,1
2.6129212351357594,0.3089139221778543,20,0,0.35047986629239025,0,1
13.471237364283123,0.42624487139435663,18,6,0.5181334455790078,1,0
17.563566701664904,0.06975466849857115,14,0,0.1617768229582886,1,2
13.384837375183842,0.5209994403608829,16,6,0.5578583812376384,0,2
3.2626553609849642,0.22449377028803497,11,2,0.35057688502361456,0,0
9.094742949309163,0.5515226225153302,7,3,0.583771524562262,0,1
3.88142707447009,0.1933095108448199,10,1,0.1933095108448199,0,0
4.129433699684217,0.09467490342316418,12,6,0.09467490342316418,1,0
1.3740652002962706,0.20837260203165608,18,1,0.34634982300909245,1,2
5.366152581443965,0.28097037538453595,14,1,0.28097037538453595,0,0
1.2357712648459847,0.22230401864570382,7,4,0.31452779231552497,1,2
2.41689401743751,0.2567997156853773,10,3,0.40592036589583924,0,1
11.587379071742129,0.36679302993523805,21,4,0.36679302993523805,1,0
1.3921659594786184,0.2657641260407201,20,3,0.2657641260407201,0,3
0.44290162201815764,0.2867775212095986,16,3,0.37958607115859133,0,2
0.4290249424137278,0.0,12,2,0.043567003747437744,0,2
16.959433759701277,0.37833960320209453,15,6,0.37833960320209453,1,0
4.242508407094798,0.2821593404616664,14,3,0.31260146688780527,0,4
3.1598204988099825,0.6220585960965742,12,0,0.6966231067226518,0,1
9.992196249970998,0.11208696654920833,10,6,0.19750917651765676,0,0
10.840967993285819,0.0,16,0,0.14746497001443523,1,2
2.4225187443773257,0.4236136987860084,10,2,0.4236136987860084,0,0
7.097536662998094,0.36930540366260006,19,1,0.48871379723236585,0,0
8.847418398355572,0.0983133958937708,12,0,0.29492866214669666,1,3
6.379193234083323,0.0,17,2,0.05380979587100106,0,2
0.9863835061682958,0.607479346136858,10,0,0.7613309812766331,0,3
12.519187696451688,0.5828220781213563,22,0,0.5828220781213563,1,0
4.6473741634255425,0.0,9,1,0.01975829519006017,0,3
1.9916634116426621,0.2083553941486998,12,5,0.26053593730971625,0,4
3.322692967126609,0.63283841095678,7,4,0.6508771837516814,1,3
0.22977045421621367,0.2047874884444266,10,2,0.2047874884444266,0,4
0.820878695079984,0.20187755319466943,16,4,0.20187755319466943,0,2
8.702994441072843,0.24344813447412633,7,0,0.34177638118367926,1,3
6.980893830259394e-05,0.0758206052463681,21,1,0.16562501186452427,0,2
3.2329419012796263,0.0,10,5,0.0,0,1
4.435274645603238,0.5105094621469497,6,6,0.5807901111894009,0,2
0.3371014149389815,0.0,19,0,0.03918925482498281,0,2
21.688905217672655,0.3494542904217512,19,3,0.3494542904217512,1,4
1.5380720710986768,0.4773158985515299,21,3,0.5149758781377975,0,0
2.176147056805021,0.009754740219768299,19,1,0.009754740219768299,0,1
2.1739381483437517,0.11514631948098566,12,1,0.11514631948098566,0,2
1.571436181352368,0.542635837678318,9,6,0.542635837678318,0,4
0.008849455382310347,0.406578344045408,13,6,0.4959465202159286,0,3
7.841457426448125,0.17654285862422253,12,4,0.17654285862422253,1,3
20.439460913416493,0.5404498006722342,14,4,0.5404498006722342,1,3
1.523886182665266,0.5413071446908605,7,4,0.5413071446908605,1,1
6.526874360763523,0.35381053860314143,11,1,0.4285874268341223,0,1
8.126363647683744,0.11996795442526739,11,0,0.1825211987261478,1,1
11.320063368222208,0.2173102593056409,18,4,0.2173102593056409,1,4
3.295623476323353,0.35727734879107803,14,1,0.4016194419591835,1,1
2.165224452356095,0.26228103417050236,21,5,0.26228103417050236,0,0
2.360879515887812,0.48779143564697025,11,1,0.48779143564697025,1,2
7.481727215954539,0.0,16,1,0.12036920197343236,1,2
10.182388503780317,0.0011472941867522457,12,3,0.0011472941867522457,1,0
1.202526789849839,0.33617422229648647,14,4,0.33617422229648647,0,4
2.781181439800682,0.20169111723861907,10,3,0.3781303422737876,0,1
13.933066495062196,0.1745902770604518,16,3,0.1745902770604518,1,3
9.860870212376225,0.0,7,5,0.0,0,1
25.141857232094257,0.3039091689596363,18,2,0.3039091689596363,1,3
8.420600629920244,0.28944897839984685,19,1,0.28944897839984685,1,0
2.9972887373019863,0.43069579639034816,13,0,0.5663770672197015,0,1
5.358930139799748,0.3137812266241944,15,0,0.3137812266241944,1,1
6.4907833224775455,0.27347918435190066,6,3,0.5059405513385243,1,2
0.49022733272898666,0.5354001273580674,11,5,0.5354001273580674,0,0
4.718117318114463,0.03750653931029002,14,4,0.1381273828414754,1,1
7.413210740140967,0.40727784376951526,6,4,0.40727784376951526,0,2
1.098644581877668,0.0,9,5,0.0,0,2
9.10201983584467,0.13232762399983844,7,2,0.13232762399983844,1,2
5.259143802881657,0.05746857347533724,7,3,0.05746857347533724,0,0
18.247113066663083,0.45638850709038364,16,5,0.5454980248234673,0,1
0.26009046313267503,0.2869179532809212,8,4,0.2869179532809212,0,2
1.849971616856628,0.29729935108140465,16,6,0.2976243264834288,0,2
5.521097970973463,0.07865340245410979,7,0,0.18802059092264484,1,1
2.1106354146278115,0.24006130081342214,19,1,0.24006130081342214,0,3
7.519485961132554,0.14730693933817765,19,2,0.3521976342310184,0,3
8.537881589459086,0.3766910029708432,14,6,0.4994060913921706,0,1
0.6489596762315645,0.10178177293367724,21,3,0.1516503588511553,0,1
4.327483461270456,0.5659588730410152,12,5,0.607006886715134,0,3
4.266529649938893,0.0,10,4,0.02556914006239959,1,2
2.7653668571235404,0.1386960335086877,19,5,0.1386960335086877,0,2
16.211651002603052,0.6354401019932192,16,1,0.7226833328401502,0,5
10.544368080768491,0.2129722504075931,14,2,0.2129722504075931,1,2
7.1682824504902785,0.037024267119117604,21,1,0.037024267119117604,0,2
7.517437222953298,0.3438143125075337,10,3,0.47292335710316646,0,3
3.7162154653756554,0.20492155155709152,13,2,0.20492155155709152,1,2
15.229428454272227,0.1328259488763388,6,4,0.22363056539101955,0,0
7.116707480005254,0.08082583784025649,7,4,0.08082583784025649,1,5
7.833399464131698,0.8536747211251887,8,4,0.9118970144834346,0,2
11.869585625229432,0.2496896199631727,16,6,0.2496896199631727,1,2
1.921823261572647,0.0,20,2,0.0,0,4
9.872595210747594,0.5987419518011068,16,1,0.6759132414241577,0,4
1.3032715913941995,0.42221418102211417,7,2,0.577026130085679,0,2
2.5418534649960867,0.14670671379604244,12,4,0.2679599880837539,1,4
2.453319817621367,0.11337618226277163,17,0,0.14666788939592174,0,1
23.045325733515693,0.4346945592316461,10,3,0.4346945592316461,0,2
11.650078058234655,0.2506163345021091,14,5,0.2506163345021091,0,2
7.2472797959093285,0.0,6,4,0.18985758663110688,0,2
7.790948540521286,0.6574479929209337,14,5,0.6574479929209337,1,2
4.954215478104786,0.21320190755680857,6,1,0.34637210282793207,0,2
17.63505318305521,0.5991143472964853,13,1,0.6577953321823391,1,3
4.114155247926335,0.555686991593143,18,3,0.555686991593143,0,2
2.873226994093025,0.09979809110343713,14,0,0.09979809110343713,0,2
1.0678405676409104,0.5066379728726296,7,1,0.5530138576180275,0,1
9.256444307298718,0.16971149002726374,21,1,0.16971149002726374,1,4
7.955575691833214,0.0,19,5,0.0,0,1
2.9105090570945054,0.21508036679557146,22,2,0.21508036679557146,1,0
0.15309720572634644,0.3795275003552558,14,2,0.5219463576254553,0,2
10.958005896663849,0.2074526704007324,10,4,0.2074526704007324,0,2
0.06890201462558132,0.23859033181497968,14,1,0.2828911112681528,0,3
7.298292483961427,0.5287132089857226,20,3,0.5287132089857226,0,2
21.090990947638872,0.32129879605801837,11,3,0.32129879605801837,1,0
3.4539059498217535,0.1313403377430095,17,0,0.1313403377430095,1,0
1.6070680862922413,0.44040606473346533,7,4,0.4511900023570938,0,3
7.322056584718789,0.339535113390849,10,0,0.3445200727080972,0,1
10.193817606055951,0.0,18,3,0.0,1,1
4.743638179133403,0.3856705827542897,13,3,0.47764279587711833,0,2
20.473903418418498,0.37836574154322034,19,3,0.5331459054181364,1,0
0.3183083282553698,0.304024225916172,7,1,0.32256156845215495,0,2
4.216708013571442,0.47834011621391503,6,2,0.47834011621391503,1,2
7.604755484098669,0.16552128313469955,6,3,0.2761122119023771,0,1
11.910920954584075,0.3672999577641802,7,3,0.4226776653407866,1,0
1.1852613609597293,0.0,14,4,0.0,0,3
9.656731928424255,0.38141807667976635,13,3,0.38141807667976635,0,2
4.8272495243989795,0.6906119391079792,14,1,0.6941534259215516,0,0
3.0305891610166755,0.10102872950649175,13,0,0.10102872950649175,0,2
0.8474118606869563,0.14803957360244493,11,3,0.1765729277015328,0,0
12.02804226362553,0.15799691142168953,7,3,0.30806423550901907,1,1
1.026674783257866,0.32599964516031904,6,0,0.32599964516031904,0,0
2.2245376693345946,0.08739274542925635,19,0,0.08739274542925635,0,3
2.055326643166325,0.384249475738196,10,6,0.46968192447826307,0,1
12.30694562220186,0.46936798909383304,17,2,0.6888189630949465,0,2
6.701323474356776,0.40686944269075687,10,2,0.6079642089629241,0,3
9.557886349863844,0.0,21,5,0.0,0,3
1.7298367931593575,0.4990335330317212,19,5,0.5666636053071002,0,0
5.882961449859398,0.487473482850736,10,2,0.6128334666925603,0,4
5.088232572735215,0.4660322744692609,7,3,0.4660322744692609,0,3
10.732477645157505,0.374568449731165,10,0,0.374568449731165,0,3
14.192322607260445,0.34403786284102655,9,1,0.34403786284102655,0,1
0.07338761645382749,0.5064778796252793,12,6,0.5064778796252793,0,1
6.7255140053372156,0.6847026975206909,14,4,0.7196372217104309,0,2
0.31936550427733645,0.10939190732703002,16,1,0.10939190732703002,1,0
4.775847644219337,0.5156250791589544,12,4,0.7013925716866907,0,2
2.0349700234193158,0.2827565803985094,11,0,0.35648619800040865,0,1
2.198417787176771,0.27406538959427984,12,0,0.27406538959427984,0,2
2.612069098074703,0.0,22,2,0.0,0,0
5.825946030829567,0.24304211809692097,10,3,0.29163079545671533,1,2
2.439243808697004,0.10054700840631689,19,1,0.13434536341742223,0,3
7.916280623956611,0.20722911409881084,10,2,0.20722911409881084,0,3
3.110399272642975,0.08036272324437002,19,0,0.08036272324437002,1,2
0.42480903848153273,0.2102183225373987,7,5,0.2102183225373987,1,2
9.188193891500001,0.21877792859531933,12,1,0.3714470503428422,1,4
2.019203357710283,0.31935098368776005,12,2,0.4585597605975785,0,4
3.401909475965657,0.0,7,5,0.0,0,4
6.939556722190955,0.010896370450935278,21,3,0.05676426091893902,1,0
2.4249012521429867,0.3723828541461053,7,2,0.4248632374693699,0,0
0.3494982229433885,0.1405123765859802,14,3,0.1405123765859802,0,2
2.8096727571128843,0.5149059580459863,12,2,0.5149059580459863,0,5
17.342677495008193,0.34505394440300935,6,4,0.4829556857341663,1,1
6.158883964026673,0.4213524300412815,16,3,0.4213524300412815,0,2
6.678929812170249,0.5821384640841789,10,3,0.5821384640841789,0,2
6.002636140416831,0.2380578376386855,20,3,0.2380578376386855,1,1
1.3313071075726355,0.18510265891674485,8,6,0.18510265891674485,0,0
3.2511518730653535,0.47434051711976266,13,1,0.47434051711976266,0,1
8.340363828592043,0.4019027127859372,10,3,0.4019027127859372,0,3
0.6413227323261819,0.2625339380357398,6,0,0.2625339380357398,0,0
1.95315749785977,0.5782915933911884,13,0,0.6450041465415864,0,3
1.9404284478486118,0.2575511380320139,19,3,0.2575511380320139,0,5
3.3940031042758854,0.30655472751115626,16,0,0.30655472751115626,0,2
23.583792799677937,0.30424453016685166,6,4,0.30424453016685166,1,1
0.41933315097673796,0.11308122102030577,12,3,0.11308122102030577,0,3
4.387599412235684,0.3155170778972782,7,3,0.3155170778972782,0,4
1.186058764053068,0.5793520354796983,9,6,0.5793520354796983,0,0
21.17620551135464,0.38899366307523514,12,5,0.6202660546932861,1,4
0.721515150933255,0.3062126852797863,11,2,0.3356327431179811,0,0
3.1010722606784324,0.2676465437668662,21,1,0.2734013157508143,1,0
8.033831294206248,0.3661734056812702,7,4,0.3661734056812702,0,1
7.315623892218936,0.44995332569783697,16,0,0.480105664510788,0,0
3.296656938119458,0.4218477661779506,6,3,0.43948088389877016,0,1
2.5526983735909226,0.23362702763560417,12,4,0.31375070946756906,1,2
3.041124908604756,0.3649563188220229,16,6,0.3649563188220229,0,3
1.8414035296202362,0.3959879482296557,6,2,0.3959879482296557,0,0
1.3789922572280249,0.09856100249460431,20,2,0.09856100249460431,0,2
3.9587351512102806,0.33364610823673885,12,4,0.33364610823673885,0,1
1.8762252357236107,0.0,11,4,0.017497228146827012,0,1
2.033529387802283,0.396506741964237,12,3,0.5289516905331711,0,3
6.415883396299105,0.43206861091253634,12,5,0.5583489482464232,0,1
20.753721415837894,0.44950922515729186,6,2,0.44950922515729186,1,4
5.552551961656004,0.2209906295660865,20,0,0.47181424003702543,1,2
0.48062279315967055,0.3618093670048069,8,0,0.4126601034668864,0,3
0.4715560469313065,0.5847907691082334,10,3,0.6436369158602548,0,4
18.14765794459458,0.5827539296582518,7,1,0.6667442089374369,0,3
2.1168726883101567,0.29416546015468786,6,3,0.4222069025383157,0,1
0.5795080579248406,0.327863926145912,8,5,0.42761660295516535,0,1
5.483430286552944,0.5221822289468866,19,2,0.5221822289468866,0,1
5.8633948278035035,0.0,18,1,0.0,1,1
6.273355684938791,0.2353848514645951,19,3,0.2353848514645951,1,2
1.8669491800173956,0.5671140911073513,22,4,0.624790309132368,0,0
0.09135608330934668,0.4950401083369532,15,3,0.5922453673986431,0,1
20.11707864724778,0.37385275552998093,14,5,0.47658378853741945,1,2
1.733241057115595,0.0,20,2,0.028577566906817,0,1
6.762557414676966,0.2900179533917676,14,4,0.35578489724272633,1,1
7.357921346700457,0.18201692075001336,10,2,0.18201692075001336,1,0
5.649765349150918,0.3662077805634427,11,2,0.3662077805634427,0,2
2.2517171909045355,0.13813066304102392,20,1,0.13813066304102392,1,1
1.8972815461953958,0.09485532100507849,16,1,0.2421325841067389,0,2
5.462870179322153,0.0,20,1,0.03546456270261805,0,0
12.063776504963942,0.5443609369953403,8,0,0.5761807896229029,1,1
17.59471176565538,0.2200458977113885,16,2,0.2200458977113885,0,4
0.6716648709445628,0.3314291567405069,7,6,0.3314291567405069,0,2
1.0092950811785821,0.29955237670516377,14,3,0.29955237670516377,1,2
17.373829558193513,0.08651321340790011,22,6,0.1640799242504486,1,1
8.003013682852336,0.048187017710361324,7,2,0.048187017710361324,1,0
12.873171398066681,0.09893697480055288,19,3,0.24637321299152834,1,0
1.3586386232999523,0.1553663122341214,11,4,0.1553663122341214,1,0
5.314363603588253,0.373321249402761,12,1,0.42793207261052413,0,0
7.246672113426488,0.1408564672958777,14,1,0.1408564672958777,1,1
6.8387039180950655,0.6492981263189244,22,2,0.7752667155951083,0,1
3.1470294690236607,0.5054302071786302,17,3,0.6985171686151886,0,1
0.09308774078648985,0.46167190993314167,19,4,0.5245205666148688,0,1
5.246950506544027,0.27606821950536997,11,2,0.27606821950536997,0,0
1.7509561942710872,0.6028561471440967,10,4,0.6028561471440967,0,1
3.5897962400862022,0.2563988737757752,19,2,0.2563988737757752,0,3
18.96095555700326,0.29374771716915077,11,5,0.29374771716915077,1,2
3.055314665818273,0.33399490794985387,21,4,0.33399490794985387,0,1
10.988053641086651,0.4403646081086688,20,1,0.5699199947117031,0,0
1.2535255870277793,0.4273816158005971,17,0,0.43988254612472966,1,4
6.6968796867778355,0.20497494431107932,12,4,0.2613754004108776,1,2
22.635380854113986,0.19340125611480924,6,1,0.19340125611480924,0,2
0.6447970585237658,0.4279805914304169,18,6,0.4279805914304169,0,1
0.05012847675146914,0.4430473167782465,18,1,0.5058273154205151,0,1
3.410546140950413,0.22132977503542542,14,2,0.22132977503542542,0,2
0.5831999744316599,0.0,8,0,0.03252383329249566,1,2
8.279115317374567,0.2585367807983511,16,1,0.2585367807983511,1,1
14.758849397377894,0.42470515976517176,8,5,0.5452774090254887,0,2
3.4151895343274266,0.6610833692839562,14,4,0.6635298012931397,0,4
1.7961934949719156,0.060408407531867575,11,1,0.060408407531867575,1,2
3.419244195200073,0.21468574943388527,20,2,0.24654633856645175,1,2
7.712134511736357,0.22211928769492467,14,3,0.25423431934147805,0,1
0.054572397643371656,0.5711610678863003,22,0,0.6680303209806888,0,2
5.341603633736868,0.2930116999082734,12,5,0.2930116999082734,0,2
5.700507467112875,0.11853468812554685,15,6,0.11853468812554685,1,1
6.091501448119008,0.4117390565843638,13,3,0.43593553657123,0,3
1.6626061381584096,0.21907229599181072,19,1,0.21907229599181072,0,2
7.511686995794019,0.0551225453284091,19,0,0.07022265013359015,0,2
0.575045733635016,0.12144533854476985,10,6,0.14596967011304476,0,1
1.3333913255363905,0.6468083908845239,22,2,0.6468083908845239,0,0
12.596398570683125,0.37684184432989243,12,2,0.40514504348546204,0,2
8.053048251871976,0.32155201109050857,12,2,0.32155201109050857,0,4
0.0830453931535589,0.25002125283759075,14,3,0.25002125283759075,0,2
1.7131165589020847,0.3584297684237598,11,4,0.3584297684237598,1,0
1.447894645550836,0.3560471892004988,17,4,0.3560471892004988,0,4
1.8948954856156668,0.35843376564146523,7,3,0.35843376564146523,0,2
1.7066022867427346,0.32296901805555056,19,2,0.33386137433924057,0,2
0.3873994219398882,0.4737596676611099,19,0,0.5233267786446819,0,1
3.685356332052813,0.3046208692001462,14,1,0.3046208692001462,0,4
7.9170533801956235,0.10441223288947224,13,2,0.18972878980496963,0,2
5.599579594169504,0.17751542181982632,10,4,0.17751542181982632,0,2
6.704416405818882,0.0,19,0,0.0,1,3
0.5077889809691698,0.7053634232084784,20,3,0.8543415668906352,0,1
18.155999739804084,0.4725509183905373,19,4,0.4725509183905373,0,2
10.939197438949735,0.13398590097415258,7,4,0.13398590097415258,1,1
9.811313996929186,0.24363103012058002,10,5,0.24363103012058002,1,3
10.389084321928385,0.1726247051587133,13,1,0.3174714826634072,1,0
16.192507159178305,0.6085094422748234,12,0,0.6085094422748234,1,2
4.714917407100211,0.016024567145814184,10,1,0.18485988485674343,0,3
1.3409768147960823,0.32289521176375585,14,3,0.43126094907313245,0,1
5.75493274078547,0.2782944314870304,18,6,0.3200556352071301,1,0
8.149309117409013,0.46536772614182287,6,5,0.5517073733971838,0,3
8.034573194240403,0.27919815445506097,14,2,0.4750816109154463,0,2
4.421955247180291,0.0,16,2,0.0,0,0
0.42548864152222243,0.24977643307151182,18,2,0.26627873446927347,0,5
2.7828215445377666,0.10556755641133497,18,4,0.10556755641133497,0,3
15.212144752219597,0.31591590931131214,7,0,0.31591590931131214,1,1
5.26889826823849,0.5868354073040654,13,2,0.5868354073040654,0,2
4.637454828209318,0.0,12,6,0.028969350058327865,1,2
1.878848691515183,0.13995545292001924,22,1,0.36574785450079395,0,0
2.757458721318883,0.18946140924330057,19,5,0.18946140924330057,0,2
13.542578760354035,0.22367378091735773,13,3,0.22367378091735773,1,3
6.588009706476392,0.44802513282104883,18,3,0.44802513282104883,0,1
9.289690758449762,0.26529111648772247,14,6,0.322122892055167,1,3
3.634614878527791,0.38316054514408904,7,5,0.4414175432534012,0,0
5.969523944130131,0.1748453912536447,10,4,0.1748453912536447,0,0
1.7131752191780292,0.3459848690835875,12,5,0.36339572574219814,0,2
7.334059683623906,0.45555952617554296,22,2,0.45555952617554296,0,3
3.3475173679341736,0.1535400900525823,16,6,0.2667077649377341,0,2
3.5062465194238515,0.45627162396130294,12,0,0.45627162396130294,0,2
6.287326686319222,0.3104745537455137,6,2,0.3104745537455137,0,1
16.51959928265843,0.5090920480964505,7,1,0.5530084044570417,1,2
0.39687949855379445,0.25971601998460525,6,4,0.25971601998460525,0,1
10.44901899124291,0.37624893103241974,15,2,0.4134439825279486,1,2
2.0751146888768135,0.291878753664294,15,4,0.4729278597873459,0,1
3.5210527753673784,0.2807575475918842,10,0,0.38799856449164094,0,3
0.13294195193681635,0.35178608564513797,8,5,0.35178608564513797,0,2
2.149022751417833,0.40736149384498077,17,2,0.40736149384498077,0,2
4.190541368805776,0.05008701761519896,16,4,0.05008701761519896,1,3
0.34689391708773,0.5867267217635755,22,2,0.6917978324087989,0,0
4.052972121383847,0.0,17,3,0.05017024502506154,0,2
15.71287470674747,0.1630375780522208,12,2,0.1630375780522208,1,1
0.6682260425449474,0.28114618584701984,8,0,0.31351018894049665,0,2
8.674756270432807,0.38247119381718964,7,3,0.38247119381718964,0,2
3.1624521647839505,0.6152345055482757,16,3,0.6515546082098395,0,2
6.388287054720738,0.0,16,0,0.12866253512985065,1,0
1.8085492254873912,0.19846117432205784,13,0,0.27044898351489594,0,2
1.0424947223710996,0.0,8,2,0.028245678540512034,0,5
1.0494256207693136,0.30632439478204954,16,2,0.4122359400067997,0,2
0.4385988396040301,0.3543367169000061,15,3,0.3543367169000061,1,0
1.2321659020661346,0.6181591484342506,14,1,0.6181591484342506,0,2
6.547783582717992,0.3241269521786908,15,3,0.4632943584611225,1,0
12.80671291354917,0.508805025888476,12,3,0.5977604121265329,0,4
10.096107375968446,0.4167674163078118,19,3,0.451094746812734,0,0
6.9336546698187425,0.21295036059896633,6,2,0.22371452450600177,0,0
0.7021150428637889,0.018207850641592138,9,4,0.10133216582113487,0,1
2.0480791289065783,0.35500045965836213,6,3,0.4379880448583767,0,3
2.2247029782957815,0.0015795965709272108,13,4,0.0015795965709272108,0,1
1.7257480157772114,0.5590414145339289,8,3,0.6905918313297349,0,2
4.34170834570396,0.2675875795926352,8,0,0.34555924663936,1,3
4.601457497639064,0.5390354823022833,11,1,0.5390354823022833,0,1
2.6485994275035463,0.2039571131735201,7,1,0.435280409886986,1,1
2.6197766927089927,0.3537701572801984,14,6,0.3537701572801984,0,4
10.580977505862524,0.34186977146693776,13,3,0.34186977146693776,0,3
9.34371609761447,0.2909911763978152,7,2,0.2909911763978152,0,1
2.2072459557402224,0.21346809732068156,12,2,0.33313746891902274,0,2
14.705706291016998,0.37849120369410405,10,2,0.5024428546682399,0,2
18.32207756307603,0.1147673473033583,16,2,0.1147673473033583,0,3
2.3737648187267415,0.05811293420818825,8,0,0.05811293420818825,1,2
2.625682842745119,0.5485653786653655,21,0,0.5485653786653655,1,0
4.226876734625161,0.44543359777842007,7,5,0.5311093418206344,1,2
16.99360562688812,0.31317832172044796,7,1,0.31317832172044796,1,1
12.540318665356722,0.6330284765087564,10,0,0.7316966619132966,0,3
0.6493073148843256,0.24644689625503102,18,1,0.2656118265549531,1,0
2.992698001404286,0.5645406439977959,6,1,0.5645406439977959,0,2
4.8361645888090425,0.3351148169851644,7,0,0.3351148169851644,0,2
4.196590996704409,0.09504984998472193,7,2,0.09504984998472193,0,2
1.2930099600490648,0.66960803835417,6,0,0.66960803835417,0,2
11.746180421735119,0.49814216932481703,10,0,0.49814216932481703,0,2
6.7795178291283404,0.2757957937980871,20,3,0.4857278308092876,1,3
10.917561097796645,0.4454342519067898,13,1,0.5033157750214651,1,2
11.74395004083257,0.21925931320041864,9,2,0.3104916815117772,0,3
8.278435843018507,0.4658298070119084,16,1,0.48131070628774947,0,2
3.470459083428463,0.0,14,4,0.02935579164813027,0,2
5.658068756562299,0.09603973326108123,9,3,0.09603973326108123,0,4
1.0487309344398206,0.4958519488573926,12,1,0.6093264421170401,0,3
6.718624873497341,0.2500688923562161,19,1,0.2589524151078539,0,0
1.185244136363413,0.3415084589777484,14,0,0.3415084589777484,0,0
7.104032722214857,0.030642867576913035,19,3,0.030642867576913035,1,4
1.5650581866603877,0.6695733991404207,12,2,0.6695733991404207,0,1
0.750327734076977,0.5381059287435354,14,1,0.5381059287435354,0,3
1.083985913658291,0.25986295632493406,20,5,0.26562550267021534,0,1
0.011964732958263755,0.21906082862733472,16,1,0.21906082862733472,1,1
7.6108464710775845,0.5059208722839386,22,2,0.5059208722839386,0,0
7.909595225902808,0.6964940900337855,17,4,0.9180188088134618,0,2
4.340813847762307,0.4907520511622707,6,4,0.4911209619054864,0,0
1.0558625210445296,0.7343605334793204,13,3,0.7343605334793204,0,2
0.5235150091441254,0.11552973418761639,13,4,0.1349011588842966,1,1
0.11588575390289799,0.13612263390024185,19,4,0.13612263390024185,0,1
1.0873198566904074,0.06221177638933023,12,4,0.17144913570918469,0,3
13.29049744289781,0.3883521299298959,19,1,0.3883521299298959,0,2
1.6587663189710127,0.335120709960874,10,1,0.335120709960874,0,3
2.6242552476065626,0.2696097753056028,14,1,0.2696097753056028,0,1
0.6679059084658003,0.4618517256246597,7,5,0.4618517256246597,0,2
1.5089595879700983,0.5464657210429328,14,0,0.5464657210429328,0,4
4.394130006114986,0.0,12,1,0.044106900888909145,1,3
5.615176365970439,0.1806055944197769,14,0,0.23890014411490623,1,1
1.6890256795427216,0.464028718824612,18,2,0.464028718824612,0,3
0.3567942767260892,0.20645226322828358,7,6,0.20645226322828358,0,1
2.975945910140255,0.14035878472836916,7,1,0.15371834394485573,0,1
1.601031850710335,0.5037074855300789,12,6,0.5037074855300789,0,0
1.4873377768321379,0.042099986055203986,14,1,0.12204842482712322,0,5
19.292710569036043,0.239684038441779,14,5,0.3954189612890655,1,3
5.7473732889059805,0.36572880516096173,12,4,0.41297252672778567,0,0
4.883466911585671,0.18523601721797622,11,6,0.1853613288138573,0,0
3.224815641467851,0.456631131202635,13,1,0.456631131202635,0,1
3.3616115067808323,0.18622460496052617,10,4,0.18622460496052617,0,1
4.670988762118898,0.5817238986891838,8,1,0.5817238986891838,0,0
7.15285450154283,0.27485074050084546,16,3,0.34878612215617083,1,4
7.266913010010276,0.43425402734107066,10,5,0.43425402734107066,0,2
1.130235097357366,0.44920479059656326,16,2,0.5724847042641275,0,1
4.160236260858503,0.17449199945118543,17,2,0.17449199945118543,1,1
3.1857424000444334,0.0,12,1,0.0,0,6
12.265695919599711,0.37215115093276696,13,2,0.39417986562129936,1,1
5.98856740634226,0.3144576694249739,16,1,0.3144576694249739,0,0
4.562187771043374,0.41116520551502544,20,2,0.49727889273215375,0,3
0.7356819407616412,0.25469450552343237,16,3,0.25469450552343237,0,3
5.582914374796415,0.21391446023985683,19,5,0.21391446023985683,0,0
0.7479661728320864,0.70169460219634,17,3,0.70169460219634,0,0
2.4677514862123826,0.00552918769784444,16,0,0.00552918769784444,0,1
0.9247978336045515,0.44679009567284766,7,0,0.5245861179348466,0,2
7.067367829897731,0.18507962836332176,9,1,0.28904173921297277,0,3
1.3859363512766785,0.23284427645191558,20,4,0.23284427645191558,0,0
2.984094777970109,0.23657943348520682,10,5,0.3924940867479969,0,3
13.56145272532278,0.13931314516574855,14,5,0.13931314516574855,0,2
1.3713218323809213,0.4142448420472479,18,1,0.4142448420472479,0,1
4.253282576969814,0.5781287191899914,19,2,0.5781287191899914,0,1
3.260833239805443,0.3940027322493323,19,2,0.3940027322493323,0,1
0.10974175989939092,0.32067639924241903,14,2,0.35815621287740185,0,1
9.443211806735546,0.10271190018015067,14,3,0.2523844324647647,1,2
0.42927186917623206,0.4033650531648902,19,5,0.4033650531648902,1,4
3.8576340874051454,0.7312699263458597,12,3,0.7315471438414577,0,3
4.935139925595917,0.22386107524098148,13,6,0.22386107524098148,1,2
5.940050826384551,0.22480328412962675,18,1,0.22480328412962675,0,3
7.000671576343137,0.18778217380380052,10,5,0.18778217380380052,0,2
1.752328781531967,0.2021171531011159,16,2,0.35180040736759,0,1
0.060173390187288255,0.0,12,6,0.0,0,4
7.712044355936391,0.38100707717114257,17,3,0.38100707717114257,1,0
4.602785477236166,0.13088956472907723,7,2,0.2892220842524895,0,4
10.851640867877311,0.0,10,1,0.011428193514707847,1,0
10.335248731988676,0.4506379899465098,10,3,0.4506379899465098,1,2
11.121534818807527,0.08359644299161276,13,0,0.11560956782609333,1,1
3.9826332059896163,0.23226618922324846,12,6,0.23226618922324846,1,2
2.43544679902193,0.593288478237716,13,0,0.593288478237716,0,1
9.408572554991576,0.018156840395097296,12,1,0.0414750830360026,0,2
3.6011562361936234,0.0,16,5,0.01216706725847785,0,3
1.2159454482925742,0.3538612379124676,15,0,0.38505613963222,0,2
11.585054263040739,0.5298974728020737,10,0,0.5298974728020737,0,7
12.850959989008189,0.0,19,4,0.0,1,1
3.767638056027045,0.3815379473674354,20,1,0.3930827885457108,0,1
0.4723097381277471,0.4161999079923384,14,0,0.4161999079923384,0,1
2.944433220210897,0.0,21,6,0.09062673191495124,0,2
9.76370710349663,0.45970026758144406,13,4,0.489813020146335,0,3
13.922907740998602,0.47532117596843587,10,5,0.5946297302483111,0,0
1.3649635717205106,0.23764288534879505,16,3,0.3505396501279383,0,0
0.4159307736218084,0.5504692724596016,17,1,0.611660389427564,0,4
12.590545216824857,0.527291114864969,15,1,0.527291114864969,1,2
2.9599277246677556,0.32062358514344097,17,0,0.35321711710689574,0,2
4.6821859136228134,0.20971092193501326,18,4,0.2524732113002205,0,3
20.66446872317527,0.10543442148340856,16,5,0.22536942350546985,1,3
0.41330194415476407,0.2924872981267617,12,0,0.2924872981267617,0,2
6.270167651908498,0.4139517839408358,21,6,0.45621694500203647,1,0
0.4619693885407498,0.23516462779187175,7,2,0.23516462779187175,0,0
2.82452517838321,0.0,15,2,0.0,0,2
9.772169214732887,0.5537427789153141,14,0,0.5766564010378241,0,3
3.4093751056771198,0.33804464436897874,12,1,0.3759026620152557,0,3
35.2311207597656,0.2240751006646332,18,3,0.28638418120314113,1,3
4.913069073346243,0.47143167768465766,16,2,0.47143167768465766,0,0
2.3242379453678845,0.6049277192965512,10,0,0.6104051805645803,0,2
1.49162457002202,0.0,14,6,0.0,1,3
2.5895043534022903,0.38685272998441433,18,2,0.5708483826449755,0,2
2.7963878117625374,0.01467015783793052,20,5,0.01467015783793052,1,1
0.42713103757587023,0.39982210135978824,22,0,0.6123851318033223,0,0
2.7681588838243285,0.32558544047491583,21,3,0.3931211544612164,0,2
3.744397298798888,0.42714530528811,12,2,0.42714530528811,0,3
7.696748867117526,0.20015047710106892,14,2,0.20015047710106892,0,6
6.415418810251848,0.0,15,2,0.024567503221023967,0,1
7.401762164440001,0.20992636174866636,16,3,0.20992636174866636,1,2
0.050393122272700736,0.3813695270279566,15,0,0.3813695270279566,0,2
1.472851851782058,0.5030784657350447,10,0,0.5030784657350447,1,2
6.502654568827422,0.06563373990549495,8,0,0.07756494304270059,1,0
3.969767456460147,0.5054120853746035,15,4,0.5054120853746035,0,2
0.03196585431283922,0.1704255420706957,18,2,0.2539565526036526,1,1
9.79300497294843,0.3724899763189053,10,0,0.3724899763189053,0,3
8.891800373903264,0.19802120942687343,14,1,0.2572067622634179,0,1
4.77000528697341,0.3364341255424203,11,3,0.3364341255424203,0,0
0.4126501798585674,0.47837552691405494,21,0,0.47837552691405494,0,1
8.727825935459876,0.054597184542292815,13,3,0.15789420518309494,1,3
5.2582905875503085,0.1640188206506337,7,4,0.1640188206506337,1,2
9.138459852151685,0.3369925174684173,19,0,0.3369925174684173,0,3
8.359841165442258,0.7803167322060705,12,6,0.7803167322060705,0,4
9.747372407111586,0.12736205756663438,15,0,0.14734111520264526,0,2
4.378967402105267,0.7080267771993838,22,0,0.7080267771993838,0,1
0.9072018461065445,0.7008846607350342,14,3,0.7008846607350342,0,0
6.673057711764615,0.28053776985968176,12,0,0.28053776985968176,0,3
5.812989641611706,0.24036949476001992,10,2,0.31806301098016015,1,3
8.134665129770378,0.16158696026706162,13,2,0.16158696026706162,1,4
1.117117333581073,0.28635949393346616,12,6,0.3819629437584563,0,1
1.3012931667650212,0.018656113488088377,16,2,0.046158249890399905,0,1
13.266028465088752,0.28475219653588046,16,0,0.28475219653588046,1,4
8.31723335322726,0.5993760547701712,13,1,0.714540567729375,1,1
14.330720183673364,0.17778298750465643,16,3,0.17778298750465643,0,3
8.530666815736684,0.2518551392021898,10,0,0.2518551392021898,1,4
5.455224995862691,0.0,16,1,0.0,1,2
6.370201263353553,0.3748124176262087,7,4,0.3748124176262087,0,2
13.196269261197921,0.3528963369902748,6,0,0.3576182310789505,0,2
5.187981211224213,0.3127404719531542,10,0,0.36977361393579,0,1
6.004417727588436,0.2566345899555713,12,6,0.2566345899555713,1,1
1.0210066401032571,0.24144841624550906,6,6,0.38918008675763616,0,0
3.853825834900138,0.4003800467401344,6,0,0.4003800467401344,0,1
7.5610818052285715,0.29423667968227535,19,5,0.29423667968227535,0,4
1.8960176815799132,0.3629943743110664,12,3,0.4056143815957332,0,3
1.3557915253907558,0.34299656349090957,13,4,0.34299656349090957,0,6
2.2597513018517956,0.5246854574191524,19,5,0.5246854574191524,0,0
1.6584798488060741,0.4353988194750108,16,0,0.4353988194750108,0,4
1.4517616619552998,0.33857236863003815,13,0,0.33857236863003815,0,3
3.318755208698617,0.6036844061304361,6,2,0.7744767951239591,0,3
14.305277740613331,0.38405370581131226,17,3,0.5256941501267209,1,2
4.2442025973517925,0.5609925377580838,10,3,0.5712472076322141,1,1
1.2489413426655511,0.42138852167732754,6,2,0.42138852167732754,0,0
0.4805721053306784,0.0,16,4,0.10595365293577863,0,4
7.1474480691230795,0.5609669526638659,22,0,0.6790082809624405,0,1
2.8953609396589615,0.3270352482685338,19,5,0.3732258393945415,0,5
10.350134646729634,0.2896090458198444,14,5,0.42840440929224,1,4
6.464230679140584,0.3562696694979154,8,1,0.39154069063379965,1,1
9.544917403249938,0.2310033676085865,11,1,0.24402262932957616,1,0
1.9042806711262315,0.34540577207778905,6,2,0.372538644819545,0,3
7.072929049214492,0.1816247867313815,10,5,0.1816247867313815,0,1
1.839656292802085,0.554854451746874,13,1,0.6317588596833886,0,1
16.788027956106323,0.2772823772757899,10,6,0.2772823772757899,1,4
6.069781117942547,0.2234832314555133,20,0,0.2525211767839888,0,2
2.353917543215157,0.11501483685614519,16,2,0.11501483685614519,0,2
1.8842537190980893,0.3537551578297283,7,0,0.39746118698380195,0,0
1.271193709756174,0.33742142002501835,7,4,0.36005848255371314,0,1
7.117602064544883,0.37768492273550125,15,0,0.47554819389444425,0,1
1.4808963812251223,0.0945496224989742,12,3,0.0945496224989742,0,1
5.427703782774878,0.0,14,0,0.0,1,0
1.8443300460545942,0.42511826050131196,15,6,0.49339342197616465,0,0
6.5077050504700935,0.5969283723753015,12,3,0.7646328074710669,0,2
10.122442291737807,0.09472927552202076,11,1,0.09472927552202076,1,3
9.031149668603305,0.6178882567123397,16,1,0.678360332357641,0,4
8.58401924475912,0.3567822117472762,7,3,0.3567822117472762,1,0
1.247478793991601,0.29858741908983405,14,0,0.29858741908983405,0,0
0.5552248140304787,0.22049026069084438,15,4,0.22442767402943822,0,0
7.202850141943086,0.02309639611500064,13,0,0.05342072028135572,0,3
2.7564925483186737,0.4975457031849199,10,3,0.5209443029566021,0,1
3.3974615978477134,0.14487872771247937,11,4,0.14487872771247937,0,0
0.18986724876782285,0.1440386648524799,19,1,0.1440386648524799,1,5
1.8031973440694848,0.4983852619773909,19,0,0.4983852619773909,0,5
0.2055390913654787,0.0,6,0,0.1303753284946481,0,0
12.681007343620736,0.0,7,4,0.0,1,1
1.6734970979696735,0.29637315129838365,11,3,0.29637315129838365,0,1
4.889681423133023,0.35865688580097044,7,2,0.3772245248666957,0,2
0.23855611008327576,0.39694692959378475,9,1,0.6282703897370666,0,3
6.594927657687049,0.23964030132074943,12,0,0.23964030132074943,0,2
2.3407463965939823,0.8060739337283378,12,3,0.906058567686488,0,2
13.691942967965804,0.2544214882468332,16,5,0.2544214882468332,1,2
13.141873339222448,0.25384276957945556,7,5,0.25384276957945556,1,1
2.360839359252816,0.14060266623722448,13,3,0.18843301967636283,0,0
13.873443082867077,0.3247813633042142,6,0,0.38676761305602825,0,3
33.37006341689023,0.42299224640935496,16,3,0.4616378708662931,1,4
10.47208412365357,0.540715610906692,9,1,0.5443415864488985,0,4
11.18100295111218,0.0021431471119564005,7,6,0.0021431471119564005,0,2
1.7181675595256087,0.2508009323288598,10,4,0.3773923897897278,0,2
5.158078791063993,0.3893407221618288,7,3,0.5387777229803916,0,3
0.4177464435438066,0.4174115069189071,11,4,0.4174115069189071,0,1
0.5983779710883281,0.30130973156090785,9,1,0.30130973156090785,1,4
40.0,0.40848479390642034,14,4,0.40848479390642034,1,0
2.3728443564575357,0.1382072214148399,22,4,0.1382072214148399,0,0
8.274337605774672,0.6115810864636714,14,0,0.6882461322433762,0,6
9.859986706389567,0.4985256205958859,13,2,0.4985256205958859,1,4
11.712552690859951,0.031014442586965507,10,4,0.05248073289583344,1,2
36.264883116259405,0.08497939037664887,6,0,0.12586754895032162,1,1
1.6584470783795826,0.09061564997861876,7,2,0.09061564997861876,0,6
0.24712503574165764,0.43559399417930567,6,3,0.43559399417930567,0,1
3.1779258365482965,0.043054446716506545,10,5,0.051538663617571354,0,1
0.8361287734437384,0.23379513315838385,10,3,0.3072875335662719,1,0
0.1360870396952875,0.39094087928335486,9,1,0.5457428274761649,0,1
2.681725455151997,0.28676681309071306,22,1,0.2883317937324621,0,2
9.187594826148366,0.35177750314254114,18,2,0.35177750314254114,0,2
5.010763024819475,0.08683945773024832,7,5,0.14177184997576095,0,0
2.2505872749264983,0.41897087467944893,12,4,0.41897087467944893,0,1
6.373832687697999,0.17735762150480067,7,3,0.37732982787122243,0,1
1.5839353103505296,0.23507606512041174,12,6,0.35779571720567804,1,0
0.08691516823223606,0.34754634558119724,9,3,0.34754634558119724,1,2
8.672531978009461,0.3206156443061696,14,3,0.3206156443061696,1,3
5.864898503933796,0.30479600380311855,14,4,0.4526807059106734,1,1
8.62054167545653,0.14987463560464884,18,3,0.16034170717065802,0,2
0.23829823996598837,0.24009011776016156,9,5,0.2976740806444106,0,1
10.888435564157401,0.3004367181674072,14,1,0.3004367181674072,1,4
5.798027765483759,0.024982953366583016,6,4,0.20502587440940911,1,0
4.972363116445512,0.20749340673732422,16,5,0.22202463224525637,1,2
5.8788034635131154,0.3775359758065693,14,0,0.45811706319638934,0,4
11.98974670159932,0.04451267923093144,19,5,0.04451267923093144,0,3
5.304923764151669,0.531316330318848,15,2,0.531316330318848,0,1
5.218595645902914,0.5539226525199685,19,0,0.7612385888591279,1,1
28.053013264722317,0.05096988480798287,6,2,0.05096988480798287,1,2
8.481504168718198,0.5715239266100278,10,0,0.6331870257284722,0,5
3.5035379300075356,0.2712836822575731,16,5,0.3642373849908433,0,1
7.373631225937308,0.383702911831411,14,1,0.41248587116446006,0,0
2.9582135702886516,0.20066978957435067,21,0,0.29861883962890134,0,0
1.5594323472250466,0.48460896544535237,7,5,0.48460896544535237,0,3
5.450707400512987,0.3812188037697334,7,6,0.5029108546549146,0,2
15.801729024697405,0.13716934868047928,19,0,0.13716934868047928,1,1
15.882254435193369,0.06695960000694229,14,4,0.15314336736711975,1,2
2.510438422621578,0.007939512958155426,14,0,0.27784719093397303,1,1
4.500559154922436,0.3375883552865513,16,4,0.4640733455530498,1,1
1.42677142912538,0.41449428235594715,11,6,0.4227124188492359,1,0
32.599477152088895,0.43019313575588825,15,4,0.43019313575588825,1,0
23.817247873945874,0.2764037810785244,8,1,0.2764037810785244,1,3
6.290520299316576,0.06860070886712719,20,6,0.06860070886712719,0,1
9.790532422239458,0.16358504039524338,15,6,0.16358504039524338,1,1
7.5337056215087275,0.5304697277923851,7,5,0.5304697277923851,1,2
5.395985482134109,0.2030742870799837,16,1,0.2030742870799837,1,1
0.32894235835180474,0.3286835261362952,12,0,0.4188052800491809,0,3
3.6392230727427113,0.08486990328502247,10,2,0.16559968088602123,0,1
6.73963668563479,0.36731660909180697,6,1,0.40850900623185626,0,0
6.790501050585798,0.20846308766418442,15,1,0.22533779506514082,0,2
2.802025926878087,0.5093425427551528,6,2,0.5093425427551528,0,2
17.05209446970929,0.4547115412413627,21,3,0.4547115412413627,0,1
1.0989020329383508,0.20085881068502004,6,4,0.20085881068502004,0,1
4.163197989108839,0.2746671945304673,6,0,0.2746671945304673,1,1
7.044231552848842,0.18977675199187422,22,3,0.18977675199187422,0,1
7.166824669258311,0.016113360690998002,10,1,0.1125666314712154,1,2
6.275645825892432,0.12851151409055667,20,1,0.1605975833915028,0,0
1.9318874337686016,0.339643465544164,7,5,0.339643465544164,0,1
1.0190853838257437,0.3650518996459164,11,3,0.5019464731491393,0,1
6.062624924954338,0.32970958071852774,6,4,0.4282776650537124,0,2
5.4872852547638455,0.23965338920827284,21,5,0.23965338920827284,0,0
1.1859953618794423,0.4866133211441971,19,6,0.4866133211441971,0,2
7.327510282910932,0.31270838091218744,16,1,0.47228357968955664,1,1
3.6437106917266755,0.4406507656191895,6,3,0.6086905375650499,0,0
6.61139676186729,0.0,11,2,0.11661712379248874,0,1
10.897557845536742,0.0,20,5,0.1116707877854568,1,0
1.116014623333807,0.35675760556761604,14,2,0.35675760556761604,0,0
0.1159830247238462,0.015046869255702089,12,6,0.02567471501328642,0,6
9.060341262425435,0.2575096594573888,11,6,0.39366105177692523,1,1
5.644998046315438,0.23958059179507885,14,2,0.2645494665819927,0,3
7.2166325452680065,0.6174801204831074,18,4,0.6174801204831074,0,4
10.92669622410065,0.3799993105887213,7,3,0.3799993105887213,0,3
9.741553732677211,0.33317180535973456,19,0,0.4427603631417099,0,6
19.452889269049148,0.4673982309267347,7,0,0.6785382100519972,1,4
4.606384921657579,0.37369951736780777,12,5,0.427502597374039,1,1
4.022394931965611,0.20846460140231338,8,6,0.43062770748910373,1,1
3.0838554832466434,0.514295186050912,18,4,0.514295186050912,0,3
1.001224730763827,0.07804997442234513,10,4,0.07804997442234513,0,4
5.100311155326911,0.3646494375067124,16,1,0.3646494375067124,0,1
1.946180278155651,0.0,21,3,0.0,0,2
15.253245491406009,0.340788771503199,8,2,0.340788771503199,1,1
5.250760356668684,0.3385979283545859,19,1,0.4565467058933471,0,1
5.391296962396096,0.6352909923829326,14,3,0.6352909923829326,0,2
2.630328984994044,0.0,12,2,0.09228861188237808,0,1
0.3203372681950131,0.17982256482923747,19,3,0.17982256482923747,0,2
0.19355112924362886,0.4645364853148288,19,0,0.4645364853148288,0,2
3.3029641218804353,0.36706345127946155,12,2,0.36706345127946155,0,3
0.530137979200541,0.33606101026750057,15,1,0.33606101026750057,0,0
5.601337900878154,0.10877285940829212,13,2,0.2095337016443048,0,2
12.770429809388698,0.18183633038171415,14,6,0.18183633038171415,1,3
12.869121270910885,0.5490082016446514,20,3,0.6181624628643883,1,3
6.45603586865645,0.2896981612492144,6,0,0.3957893576950661,0,0
1.4236969848561074,0.37507193922889465,19,0,0.3871831872422095,0,3
11.926507347924725,0.2769623342447042,8,0,0.49502611815257497,1,2
13.034260647963144,0.06338289695004692,9,4,0.06338289695004692,0,5
1.3138155420432656,0.4867620852149993,21,0,0.4867620852149993,0,1
8.023335951417844,0.40064647690649924,14,3,0.40064647690649924,0,1
2.025601446462406,0.7611273674734378,11,0,0.984084095583797,1,1
9.73636433650795,0.09688372406989096,13,2,0.18089248409104192,1,4
35.35058390461411,0.4645145842400961,13,3,0.5839212048788134,1,2
0.18291610477214107,0.03769120679259974,19,1,0.10693180036525578,1,5
13.65950825687419,0.3314693135346155,13,0,0.3314693135346155,0,4
5.8471833267453786,0.4953013178126329,13,1,0.5104099325512428,1,3
21.757145170324065,0.0,6,3,0.0,0,1
3.753037932080363,0.2590135051516784,19,5,0.46722675003569303,0,3
11.279136427972036,0.18735805319147592,6,5,0.18735805319147592,0,2
0.3865532041541061,0.1596085403409756,11,6,0.1596085403409756,1,0
2.450327703426204,0.37704253045187086,14,2,0.37704253045187086,1,1
0.41620682184914787,0.524137141284519,14,6,0.6967548613099049,0,2
22.216199139584813,0.27334425695416886,14,0,0.37828346480890074,1,2
10.188759318544378,0.341097285512004,7,4,0.3914055092955538,1,3
11.485491929202839,0.3228617506118495,22,4,0.3228617506118495,0,0
16.680361606757803,0.30036070127128284,14,0,0.3400960824258753,0,1
0.5336659181239254,0.08213147245757874,18,3,0.08213147245757874,1,0
2.9226310723261313,0.5216889203445786,10,1,0.5216889203445786,1,2
0.4421045781410462,0.3590390736317672,13,3,0.4989310721197443,0,1
1.4203605828300763,0.3789762980005155,11,1,0.3789762980005155,0,2
1.5632486218584476,0.13869807419488353,12,4,0.13869807419488353,0,4
3.799171093019808,0.20815592040215186,18,1,0.20815592040215186,0,3
1.876458290397494,0.2647731604578443,15,4,0.2647731604578443,0,1
0.6386873519418799,0.0,21,3,0.0,0,1
1.0998681203637704,0.0,19,0,0.09085955031613147,0,1
0.955913015477726,0.17985041387228642,7,0,0.17985041387228642,0,1
21.688600997995458,0.404504153288478,6,3,0.424490116514331,1,0
8.545036825809326,0.16937252201401182,15,5,0.16937252201401182,1,1
20.607556867105746,0.09623896048185726,9,4,0.19492200118036035,1,1
3.4761311138835085,0.13706286935246595,19,4,0.2090218601072082,1,1
1.9574437966931253,0.20893151537093746,16,3,0.2140506899685762,1,2
9.60564064391082,0.22922820743597921,21,6,0.3895382536628481,1,2
2.36941183230161,0.7331042904413114,18,0,0.7331042904413114,1,1
2.1347666219527723,0.5109241256974637,16,4,0.5109241256974637,0,1
1.58774764192906,0.5049548224563456,20,0,0.5206544848482568,0,1
0.8333588690815301,0.5337160728546763,19,6,0.597153252449046,0,2
1.7780209905374051,0.1002358261331901,17,1,0.1002358261331901,0,0
2.6340049150269897,0.05552707700255216,15,4,0.17056883547689705,0,1
6.725040788094663,0.07862594169318865,15,0,0.07862594169318865,0,0
0.3876461313819848,0.5669012266675676,16,4,0.6322374244036059,0,2
1.418185411649049,0.1905616422235018,12,2,0.1905616422235018,1,5
9.933633778538393,0.04972876355214262,12,0,0.1837997388540113,1,1
0.9534252247465973,0.21380075995603737,7,3,0.316894933220769,0,3
2.5171877668053546,0.2522788936570745,7,0,0.3560536255593218,0,2
11.999743092220454,0.3536826547389124,12,1,0.3979446874946594,0,1
1.0099815981101925,0.3501902041424086,12,3,0.3501902041424086,0,2
0.5181651830342378,0.13436388722529835,7,0,0.13436388722529835,0,2
3.976150101224049,0.43713127850274214,14,1,0.4425109352138363,0,1
2.160824255566735,0.17216129324996837,11,6,0.2876758998554052,0,2
4.97254195968763,0.2687447326589914,9,2,0.3487706157236488,0,1
9.77187394903877,0.437354814100671,16,3,0.437354814100671,1,1
0.8850759788083138,0.17163571921113172,14,1,0.47899905308399715,0,3
5.2149986492181775,0.18612971528377248,14,1,0.29200420352460316,1,0
4.225355062369157,0.4183336099386262,10,5,0.4183336099386262,0,1
0.9334616808681451,0.1284533646789961,22,6,0.1284533646789961,1,0
5.86897264651142,0.22304159527918585,21,5,0.22304159527918585,0,0
1.9182605674274666,0.4111484356085785,11,0,0.4111484356085785,0,0
4.014642658169934,0.7108184882871951,10,3,0.8685990555962291,0,2
0.5151274914606481,0.42108090095254935,8,6,0.4661316868661796,1,3
3.6924970290359496,0.39452795259800233,7,4,0.5602550972307891,0,2
2.195708177728282,0.4061603167345459,6,0,0.5644287350365178,0,2
10.368693966866891,0.0853619451865901,6,2,0.22270052507932933,0,1
0.3519986264737019,0.3231193477359816,12,4,0.49216340301059147,0,0
3.253972822170433,0.2940467023327196,10,1,0.2940467023327196,0,2
3.6797134799370212,0.3643169080745512,10,4,0.3816529680854772,0,3
7.74603766315702,0.32330161049517414,11,6,0.32330161049517414,0,0
5.123947317388963,0.37593993548342247,9,0,0.4350328515107803,0,1
6.601503849709218,0.2377065610201597,7,2,0.261663240650498,0,1
9.004827263040172,0.3117217834743585,6,0,0.5116082927339716,0,0
11.891841000947009,0.05443428678860157,13,1,0.05443428678860157,0,7
2.2601770563939843,0.23601854439941722,8,4,0.23601854439941722,0,0
4.633437209504441,0.5781667096353287,8,4,0.5781667096353287,1,1
10.999543093437817,0.3637616679256512,19,4,0.502240652214047,0,3
27.310419751714356,0.29581579252338464,19,0,0.31385545301693735,1,1
13.217487203242683,0.6792246552508694,12,4,0.6792246552508694,0,2
2.7862029852046724,0.02783300433978414,7,4,0.05139330979486226,0,2
1.3027192598910782,0.07810888891075601,14,4,0.07810888891075601,1,3
4.032924953639854,0.6425422822552546,20,4,0.6425422822552546,0,2
8.12044162358442,0.30919218720978675,15,2,0.48217888958901267,1,0
4.070368064010832,0.25148339274204123,16,1,0.2709021717740727,0,0
3.9603737880449437,0.06015913498087133,9,0,0.10153198000156843,1,0
10.92949385165919,0.38953925327900235,7,6,0.3903816234040603,0,3
2.690897498738969,0.4088919739054925,14,5,0.4088919739054925,0,2
11.787883933826654,0.08110112783302073,18,1,0.08110112783302073,0,1
3.133390572369008,0.2719448828899143,16,2,0.2719448828899143,1,1
2.387063292521269,0.23289683359338675,19,0,0.34688468104281556,1,3
3.6307069545102775,0.3511954292837542,19,4,0.39886194072973735,0,4
8.624186091282034,0.0761499515558712,16,0,0.0761499515558712,0,0
0.8080633412388785,0.5503894909026315,16,2,0.6242105240908192,0,5
1.312065351373345,0.4831647563195208,22,2,0.4831647563195208,1,1
18.150327074631285,0.22736488825343676,11,0,0.32956050119881153,1,1
1.1578078935058271,0.25671625767232575,15,3,0.25671625767232575,0,2
5.032192088240331,0.27271556994447677,14,2,0.2881592038650888,0,3
5.195218056589374,0.1443382893986993,14,5,0.1443382893986993,0,4
4.035650851887192,0.21131411635299285,6,4,0.35910396226100816,0,0
6.2095208233358505,0.24594592646507818,12,1,0.39053277275616827,0,2
1.5668385481111073,0.6225736741414256,18,4,0.6956540791666639,0,1
4.826648499497692,0.4893236616660873,11,4,0.4893236616660873,0,0
2.79294620836849,0.48693094146732474,18,4,0.48693094146732474,1,1
6.502352572646899,0.3739851226008781,10,1,0.395439307313831,1,1
0.9134797657262743,0.07653459821375305,6,6,0.07653459821375305,0,0
5.076075955425377,0.29170177908452416,22,2,0.38067668407775035,0,1
1.2293936710241942,0.494097691922676,6,1,0.494097691922676,0,1
1.9597272366308478,0.04834707412654238,21,0,0.058265070559511425,0,1
1.4808517420170335,0.42731064137465286,12,1,0.4521611511710966,0,2
1.2115058878777043,0.7645218450525533,7,2,0.919490220025369,0,2
10.482240960621095,0.5123633291979464,19,5,0.5123633291979464,0,3
2.018776988344132,0.5828058271123975,22,4,0.7635463632750307,0,0
15.713957514243225,0.34366775008843214,13,3,0.4304092889741623,0,3
21.024670418713093,0.49358638975299796,13,0,0.5797308020089867,0,2
5.081434202871082,0.1564293571291929,13,4,0.1564293571291929,1,4
0.9259120222813717,0.4591727624682453,7,4,0.4591727624682453,0,4
2.8156864785289892,0.43087762681215264,15,1,0.44006256791692366,0,1
9.588978181303723,0.35798223480753255,10,0,0.35798223480753255,0,0
2.74741387409201,0.5632014839436996,18,1,0.5632014839436996,0,3
0.5462295456252093,0.19224303243052226,15,4,0.19224303243052226,0,0
4.882200590333747,0.26258849670526746,16,0,0.26258849670526746,0,3
11.1906609194888,0.3190924082716593,11,3,0.4167189198565243,0,1
9.53564701735134,0.09407780578211986,14,5,0.09407780578211986,1,2
1.155126987312102,0.34538638876004957,12,5,0.34538638876004957,0,1
6.70245320063885,0.0,18,2,0.0,1,5
1.494648359690747,0.5093909068856418,6,1,0.5682876842711799,1,4
1.476995778670466,0.30932747331319316,8,0,0.30932747331319316,1,3
12.432258982424147,0.19582141921924734,16,6,0.27778051127129044,0,0
1.7234446409527924,0.13312527754097567,16,3,0.19655311397904368,0,3
1.833018334598943,0.25308419407616245,16,4,0.28468563158203697,0,3
0.003921625884422215,0.43765194215448266,7,4,0.43765194215448266,0,4
12.272283199732334,0.4095477957475121,14,6,0.452879452318791,0,4
9.4384858491875,0.15889241054430778,14,0,0.15889241054430778,1,2
5.922354671535521,0.13079206547447308,12,4,0.13079206547447308,1,1
8.324147893918784,0.4313797412639295,7,4,0.5484618691209155,0,0
0.9895915064197789,0.15553051907699408,10,0,0.15553051907699408,0,1
3.678518962950573,0.3119819548159007,13,3,0.34480628762155674,0,6
2.5959639509060564,0.32475092850485543,14,5,0.32475092850485543,0,2
0.5908160615652455,0.36241242634534765,7,1,0.4363085693187716,1,2
3.9947154482478067,0.4716540860363744,13,3,0.4716540860363744,0,1
15.210103678235562,0.04740741262653542,14,4,0.04740741262653542,1,2
0.24530147256599386,0.0,10,1,0.0,0,1
2.0673003204231537,0.18651054375432966,9,3,0.21562528096672007,0,1
1.3956865744984785,0.6603056815664372,8,3,0.6603056815664372,1,3
1.6320072041816638,0.7044348200174757,19,2,0.7165181839121062,0,2
14.34420769430795,0.6662354271131775,20,3,0.6662354271131775,1,0
3.7874495955460272,0.2614037264478621,19,0,0.2614037264478621,1,2
3.7675217739674434,0.0,10,0,0.02933732001073232,0,1
8.57710648142319,0.0,7,2,0.0,1,3
1.006907340673791,0.17719236769011776,21,2,0.21179713272186065,0,1
4.007980962542875,0.26038527397012795,16,0,0.32184978155064625,0,1
3.3725578701089347,0.5601250802111918,7,2,0.6213268937532149,0,3
5.45158278024544,0.47356109190848916,7,3,0.5411306164822082,0,2
40.0,0.34548101579832413,7,6,0.34548101579832413,1,0
8.803696340836641,0.12203104581177165,16,2,0.12203104581177165,1,0
3.0436486431860756,0.10784408835102194,16,3,0.28933537397800313,0,2
10.545993835371046,0.35082553741428707,7,6,0.4481105482173464,1,2
1.1231003541670082,0.43941019576794527,18,6,0.43941019576794527,0,3
0.18562409339242328,0.3783762524491169,6,0,0.43738553256165735,0,1
1.3723172029856774,0.09308040807866902,11,6,0.09308040807866902,0,0
2.49683524999385,0.43013352575841723,7,2,0.49496502967739275,1,2
4.287214860663362,0.38518219342028226,9,0,0.38518219342028226,0,1
5.72908458564428,0.08586671876196433,19,6,0.12453133273355985,0,3
14.488191298751591,0.14313580593994885,13,0,0.14313580593994885,1,3
4.278311955358427,0.4376991949123133,18,2,0.5121619927830359,0,1
4.174210379375716,0.25309849297082176,10,0,0.4872127698934939,0,3
0.30929476154141183,0.6178294603272915,9,1,0.6258121804102866,0,1
0.21321315938828989,0.40022585521291526,6,3,0.40022585521291526,1,0
4.8065323040188135,0.20267376236214615,10,1,0.22298819131348496,0,0
3.459427780625389,0.29795887992181347,20,1,0.29795887992181347,1,1
10.96483204742888,0.3126766785275436,19,5,0.3126766785275436,0,1
1.050976464027357,0.15432193735165797,10,4,0.15432193735165797,0,0
0.15173246346792235,0.11748236036447465,15,1,0.19097057108559626,0,2
3.5765449891462664,0.4402779787618999,22,2,0.5436893120472834,1,0
1.6267478916232396,0.4690546594084191,7,3,0.5741900981278548,0,2
0.30532472370419267,0.4207562939105917,10,4,0.5838408160514148,0,3
7.737146832660514,0.6030636188647605,14,2,0.6030636188647605,1,1
0.7099518456669017,0.1916453527976796,6,2,0.1916453527976796,0,1
5.623852935399598,0.634854153214226,12,4,0.634854153214226,0,5
1.979778703267494,0.11981577628916942,21,0,0.11981577628916942,1,1
1.1433034978360348,0.09746288732630143,12,3,0.09746288732630143,0,6
2.8658106704680066,0.0,14,2,0.0,0,2
9.70015829109497,0.2108409372346366,14,6,0.2108409372346366,1,3
2.9864059094625324,0.19925553263410925,10,6,0.19925553263410925,0,3
8.336266239551739,0.4051874560509301,16,0,0.4051874560509301,1,2
0.8045238893467992,0.3487781883240902,19,1,0.3487781883240902,0,3
8.890792837913182,0.06140532579617261,7,6,0.23602915496695956,1,0
1.6224591964327009,0.22145475231483647,18,0,0.22145475231483647,0,4
6.787924904706338,0.2257075957824629,7,2,0.2257075957824629,1,1
5.005245249901571,0.0,19,2,0.08067337106876389,0,3
15.882694515770876,0.10381065459732608,6,2,0.10381065459732608,1,1
2.939499671799382,0.1458372738771821,18,5,0.1941835000920939,0,3
0.410734308613681,0.5867250039641893,10,6,0.6548676637346341,0,2
0.11604797383734909,0.3382901431914705,20,5,0.3382901431914705,0,0
10.521878711270553,0.4324337507894999,12,4,0.4324337507894999,0,1
4.4633044648413644,0.00027290057015760816,11,2,0.00027290057015760816,1,1
8.95644084171105,0.5388428966027984,15,5,0.5388428966027984,0,2
1.602773263464186,0.5602204126048186,15,5,0.5602204126048186,0,1
2.5394874435991364,0.0,14,6,0.03482186042163759,0,3
0.18339778783576327,0.15893665521683034,10,3,0.15893665521683034,0,2
19.541386175081588,0.39915311460310204,7,1,0.41217839980881044,1,3
6.61333510687432,0.4288776907076364,16,4,0.4288776907076364,0,5
16.23677019240982,0.16430105390255564,21,4,0.16430105390255564,1,1
1.8513623532073917,0.23890010738926942,10,2,0.31404986245242666,0,1
5.672210692571367,0.1805237877909714,7,1,0.35034637417934034,0,1
6.808545820087543,0.3220836093892239,18,2,0.3220836093892239,1,3
2.292393452788989,0.5394357062923826,11,4,0.593181760937756,0,1
11.307562007449171,0.14579156857175907,19,0,0.3451801362610381,0,2
17.64308691108905,0.5001640995536828,6,4,0.5966709351631003,1,0
12.969384584624354,0.14366558553062245,21,5,0.2032004319137804,1,1
8.060949104308028,0.13047455750062315,17,1,0.13047455750062315,1,1
1.9499338439796334,0.46371892366864265,7,2,0.5876055976668455,0,3
1.984506555412103,0.48438727560152334,18,1,0.6502519580076264,0,2
19.839740910074582,0.47028198735253085,13,2,0.5359209225103718,1,4
0.06202648070447071,0.036840518356371754,18,2,0.12989002221375195,1,4
7.5537421105458495,0.20680980438558982,11,6,0.3115404814553036,0,1
7.350078899804618,0.4645977184006643,16,0,0.5328846487039172,1,2
5.84812158969797,0.3083083681127789,21,5,0.3888609633458724,0,1
27.696686792507826,0.08526143076050713,6,6,0.08526143076050713,0,0
2.2427473061147274,0.39166358782508837,15,1,0.640961927090424,0,1
2.4928368855242047,0.1570385482017059,8,3,0.25394613934287963,0,2
0.493376700269483,0.6589049696784424,21,1,0.750783277134629,0,1
3.508966156559997,0.6089682924836517,14,0,0.6452511648479938,0,1
1.8151381495146985,0.42081948527111346,19,0,0.42081948527111346,0,1
2.5239601294363894,0.5722013409539547,6,0,0.5722013409539547,0,1
10.795307737521158,0.3129582700246762,20,0,0.3632702868170975,0,0
16.4450999019059,0.45308749887500316,22,4,0.45308749887500316,0,0
1.2328022721870422,0.595544059060415,7,3,0.6713044103312162,0,2
2.7961550497730165,0.34909973635886254,7,4,0.34909973635886254,0,1
15.83931325262445,0.24896256569714326,18,0,0.24896256569714326,1,1
0.382806906781028,0.0,19,4,0.0,0,3
0.5814482197223281,0.2833732948557012,21,3,0.2833732948557012,0,2
1.0660891527363887,0.46468463691246226,22,3,0.46468463691246226,0,0
5.426363198222227,0.48912668551352595,21,1,0.48912668551352595,0,1
0.978448181136473,0.40087301314368196,12,1,0.449616812618887,0,0
20.666454898520264,0.19174018100755202,11,4,0.25346413510407756,0,0
3.5512871105165322,0.0,11,3,0.0,0,2
4.177126314095935,0.20095698039905296,8,3,0.20095698039905296,0,0
1.6994207307422815,0.2391310257892097,16,6,0.2391310257892097,0,0
3.8201502766324618,0.23741420656199716,19,0,0.28298292107876577,0,4
6.506723348384613,0.4237112713955849,19,4,0.4723908845615558,1,3
8.34608417440505,0.6971352822029679,19,6,0.7662426345878475,0,3
8.41132582579963,0.3247058403682186,12,3,0.3247058403682186,1,3
5.174951828628316,0.2566536421687077,15,1,0.2566536421687077,1,0
14.08297070255044,0.24815563739918148,14,6,0.24815563739918148,0,2
10.203001722804988,0.3248769533815428,22,0,0.3248769533815428,0,0
8.489351148730485,0.13434124793032018,12,0,0.13434124793032018,0,1
0.343267923289241,0.324039711749211,22,6,0.324039711749211,0,1
0.041410346528968606,0.39016246726635995,14,2,0.39016246726635995,0,2
1.4329497655819363,0.34193721271489763,21,1,0.47752966936704866,1,0
6.535363487983988,0.39150838680095623,11,3,0.39150838680095623,0,1
3.1779866806266357,0.38674952186970707,14,2,0.38674952186970707,0,0
3.0890647156808972,0.0,7,6,0.05514134611211279,1,2
12.955423867010609,0.4273740316790806,18,0,0.5413055118452881,1,2
13.555018836185372,0.16579703086750927,20,0,0.16579703086750927,0,1
14.392941648946639,0.0808321673992084,7,4,0.23304081409655156,1,2
2.2601996161252966,0.07910963442900074,10,5,0.07910963442900074,1,0
7.047567852902892,0.38670832209450584,12,6,0.5028615800871821,0,0
1.9017029148623568,0.25548501455502937,22,5,0.2598297182501638,0,0
1.2688451712672815,0.0,10,4,0.0,1,2
1.224697768913587,0.3956075630384567,14,3,0.3956075630384567,0,0
2.512283511463617,0.012078373840234524,13,5,0.012078373840234524,0,2
3.3722674179239327,0.3279642717036422,12,5,0.4330879336179348,0,1
10.665335077748539,0.3476997851346108,11,2,0.4025108159846415,0,1
0.7662577304989782,0.477115416339009,20,1,0.6035533765899411,0,3
7.966474025923253,0.6563369572933704,17,2,0.6563369572933704,0,4
4.548737685276418,0.027064734819891634,11,3,0.027064734819891634,1,0
2.0376036276720457,0.2895052287873901,12,3,0.3496552051590246,0,2
4.073330937855161,0.24473294099115653,20,3,0.28953299422347456,0,0
2.1395531394092755,0.3867499371921924,9,5,0.3867499371921924,0,0
5.439259686603096,0.3431337541867237,12,4,0.3431337541867237,0,4
3.4133129047174346,0.229490751452676,16,6,0.229490751452676,0,0
1.0776711973098814,0.2118195622778289,15,1,0.2118195622778289,0,1
0.7437481234134138,0.07670982896319048,14,2,0.11086949738878024,1,2
4.747149573236426,0.49757231648130185,16,6,0.5610927462711368,0,2
13.962067993485032,0.39184083631990585,16,5,0.5222344252982969,1,2
2.529179939517452,0.48355363955902747,14,6,0.4843347986009367,0,3
7.923042132988959,0.23792077270489725,8,0,0.27118791428392125,0,2
6.449281202831845,0.1686329062611139,17,5,0.1686329062611139,1,0
16.090341143842434,0.0843369866741544,12,0,0.09517799078104,0,2
10.321580580935919,0.3717835167481319,16,4,0.4326912458622451,0,2
5.016637944134405,0.09204135509435304,6,0,0.09204135509435304,0,3
6.420682511423367,0.6697326137933101,10,4,0.8112222029902976,0,3
13.7194712987726,0.03847148378131188,7,0,0.03847148378131188,1,3
3.0601435171697284,0.35473202384250035,18,5,0.3807057075678998,0,1
2.3742297153101557,0.6133709414427573,16,5,0.6310461698459862,0,3
0.0652196882580883,0.41981795185276183,7,3,0.41981795185276183,0,2
10.511232592053464,0.33513474249835584,9,0,0.33513474249835584,1,0
9.686120856375108,0.10630327060762085,16,1,0.11186406532272587,1,1
0.6619336162792538,0.023646162286459216,19,0,0.033351245151287706,1,4
5.160275977913278,0.4540100217835172,17,6,0.4540100217835172,0,1
3.7415218396994314,0.6012294481549894,8,1,0.636318551360608,0,1
0.7582050569358418,0.2122300019043657,9,5,0.3118539270890325,1,0
23.64507463342501,0.07218769847672976,6,0,0.16022413659624093,1,1
1.4501053902971943,0.0,7,1,0.07574613784609797,0,4
0.41760663912847673,0.10384703126749245,8,6,0.10384703126749245,1,3
5.420948652757255,0.27726863150019193,11,2,0.34573699727949403,1,0
8.056345118994363,0.6198246481673468,13,0,0.6198246481673468,0,2
0.19788841253131823,0.4346267384465937,7,5,0.4346267384465937,0,6
6.450270632460184,0.3610170809413506,14,5,0.3610170809413506,0,1
4.559465065129898,0.2199760677397738,16,0,0.31785735810643034,0,0
0.65396939806013,0.18336685654880872,6,5,0.19332979540504758,0,1
1.1362501587783496,0.5811295195015928,14,0,0.5811295195015928,0,2
5.035621173326298,0.3401477081516779,16,2,0.3401477081516779,0,3
2.108910153761582,0.0,17,4,0.0,0,2
16.71435781190372,0.1652920704205514,14,0,0.1652920704205514,0,0
10.246944482432117,0.12835679364567462,18,5,0.12835679364567462,0,6
24.650858027227205,0.19074719816450703,15,4,0.2559344151967764,1,1
1.803962276726305,0.41258213205701705,10,3,0.5027206605523621,0,1
20.984326986740392,0.2785110236411501,7,2,0.2785110236411501,0,2
3.3857156898785092,0.2846269185992676,20,2,0.2846269185992676,0,3
2.5618376716722837,0.5626946322650473,16,1,0.5626946322650473,0,3
0.3099677112810294,0.1607077820426623,14,4,0.1607077820426623,0,5
0.32525002047039286,0.6728399051774699,11,5,0.6728399051774699,0,1
7.066152251746224,0.16573848172578276,16,6,0.2523517126546049,0,0
3.674149677262914,0.31783963932251424,8,4,0.31783963932251424,0,2
1.541145408216908,0.2437592809194466,12,2,0.329444781779586,0,2
5.711045915144631,0.3246838267001922,12,2,0.3246838267001922,0,2
1.749001058859688,0.38891839901462577,16,4,0.5469731070617113,0,1
5.171266352524387,0.3867670480177753,6,1,0.3867670480177753,0,0
2.6703092005138944,0.14937653387588398,12,5,0.14937653387588398,0,2
10.40838208727797,0.07541706451048585,10,0,0.1380974630290048,0,3
10.312040917539703,0.8006343581811421,8,4,1.048528458540937,0,3
3.893064100450675,0.20320313207988938,17,5,0.33850237298195796,1,1
2.5922632738788995,0.43984248773439727,7,1,0.43984248773439727,0,1
2.701768829237894,0.0,10,1,0.12913850703943844,0,4
9.830560106190715,0.24407745601906464,6,0,0.4718293144262328,0,0
2.386584369777909,0.2745601232035114,10,6,0.2745601232035114,1,1
1.4071942536482105,0.3945630139855665,12,4,0.4109246120048559,0,3
0.530943970372089,0.0,6,3,0.0,1,0
3.7719495738650566,0.33322812261566614,22,5,0.33322812261566614,0,3
3.948210518789079,0.0700517089264214,19,5,0.0700517089264214,0,3
11.029662558675918,0.36486914223898476,12,6,0.36486914223898476,0,3
1.5003041639327226,0.09273416063236739,8,2,0.21044591324433215,0,2
2.8778154535840397,0.1289034608148837,15,4,0.1289034608148837,0,1
9.914252198197513,0.24527447792134635,9,4,0.24783649583090256,0,1
10.41080995290694,0.08953410607936091,16,5,0.08953410607936091,0,4
2.913004885630259,0.20489311065292903,6,5,0.20489311065292903,0,0
3.687391647818511,0.061324846291336915,7,5,0.1437701383032154,1,5
2.1682807545038214,0.0,9,3,0.07986975555584983,0,0
16.178646152387426,0.5035914104858719,19,0,0.5082426824433205,1,0
0.7577602956484016,0.0407902614352143,10,6,0.07211107745172171,1,1
16.28586662845175,0.2642638224784033,7,0,0.2642638224784033,1,2
6.909543203400005,0.450578216298757,9,6,0.5129025371105812,0,1
4.5502391821998796,0.17701117949679135,20,6,0.3344784405684691,0,0
0.19922562903376972,0.1349668200508924,6,6,0.24159935766584995,0,1
3.872959590883193,0.3452476177334843,14,2,0.5688999192383486,1,1
3.142939417744018,0.5235867645454304,8,5,0.6077238451923439,0,2
1.0548324447196245,0.0661369469827062,18,3,0.0661369469827062,1,1
6.4098302334918245,0.2699704335965122,17,3,0.33433077489140417,1,1
21.274060426578227,0.0,17,0,0.0,1,2
4.955805222211341,0.22135979926356197,21,6,0.3525637889884824,1,1
7.526404659149012,0.3068409369076151,16,3,0.3068409369076151,1,1
0.4254353960179026,0.12907507164898685,8,2,0.12907507164898685,1,0
3.244276936458091,0.20860163323495368,20,2,0.2424258024079771,1,0
0.742222948779973,0.018354646338509972,21,2,0.018354646338509972,0,1
5.6928190098497575,0.3154157222762987,16,0,0.35782920445516786,1,2
16.730568215427496,0.5111388497766299,22,5,0.5462587191071075,1,0
6.504312020298158,0.08057122604590725,6,2,0.11676444854199672,1,0
0.479476110804739,0.1754656466895234,9,0,0.21289094442990922,0,0
2.6279255063898175,0.40050924929083637,19,3,0.48776150988594974,0,2
4.799897762521797,0.5424181438645472,10,3,0.5600922480920469,0,4
3.097117358273205,0.0013620375582137356,19,1,0.0013620375582137356,0,2
10.76175162963784,0.26624305251681013,10,3,0.26624305251681013,0,3
10.113736082293084,0.356626164463905,19,2,0.356626164463905,0,1
5.677887113821189,0.2795887218742304,7,0,0.2795887218742304,1,1
2.805236281291669,0.0,9,5,0.08609229351029621,1,0
1.7689360258213762,0.4002180018617544,11,2,0.533320791883453,0,1
0.671453580212166,0.6038672702181289,10,6,0.6835505382406636,0,0
2.6300780670804493,0.32333235023390067,12,4,0.3543429448743801,0,5
3.1981463927141984,0.0937787893411473,6,4,0.10327278730289169,1,2
6.758792310149897,0.19737455072714338,6,4,0.2214183702007551,1,0
6.440471841937508,0.6539826135311186,12,1,0.6791083457479657,0,2
0.4361218726795868,0.4819925081721117,14,4,0.4819925081721117,0,2
3.017733200296243,0.42800532367686583,14,4,0.42800532367686583,1,3
1.203735872626753,0.3712825167068752,6,4,0.3802806863891043,0,2
1.0233970157034062,0.1677725775618055,12,4,0.1677725775618055,0,1
10.537270450317816,0.25988576386884626,17,1,0.25988576386884626,1,1
0.25691402778608735,0.2844154528642968,21,5,0.2844154528642968,0,0
3.2599159935995186,0.4099148632128888,12,1,0.5286968061673589,0,3
1.1050058801377072,0.6017837788533806,15,2,0.7513927286186732,1,0
12.688185115437117,0.5236676273586256,19,6,0.5240155234771057,1,1
4.8856617912426845,0.016123128840791867,16,3,0.022459412649898116,0,2
1.578956446800487,0.34479899378020973,12,5,0.4171775187223052,0,6
4.1880814596828495,0.4473526690335794,9,1,0.4473526690335794,0,0
7.889121386837971,0.4237720660289271,14,1,0.4360056416919053,0,3
19.037396109564014,0.1741532473225161,10,0,0.3726452364681181,1,2
1.4941999389197023,0.8828218431536723,14,5,0.8828218431536723,0,4
13.038915573036995,0.04458308753377621,17,3,0.04458308753377621,1,4
16.33631385577238,0.08336231066678998,14,4,0.08336231066678998,0,1
14.891745222502138,0.34671901625231527,14,2,0.34671901625231527,0,2
6.053962767204094,0.7233606109927707,7,4,0.7662156646907295,0,0
5.962606038225188,0.1327610298591658,7,1,0.16349987982535946,0,1
3.097146283489996,0.24683432687060153,10,2,0.24683432687060153,1,1
8.375593111893926,0.5154587346031385,16,1,0.5736405135262863,0,2
4.54667767153359,0.29642756902245326,8,0,0.29642756902245326,0,5
6.788760803892513,0.23307922909394085,16,4,0.3000961949742585,1,3
3.356502836416446,0.413126580377344,15,4,0.416715782632118,0,1
7.889347174923817,0.35450359804591863,21,5,0.36862863917255934,0,0
10.439723738356227,0.5060877571273583,22,1,0.5276234437778582,1,2
0.9500103289781251,0.5582937778130727,10,1,0.5582937778130727,0,1
10.736044141674956,0.3614006120010723,12,0,0.3614006120010723,0,3
4.663041790150772,0.35834654507566177,7,3,0.4331373949829482,1,2
11.173062338609602,0.34282219645722667,18,2,0.34282219645722667,1,1
3.3864313505861015,0.3978261113298575,21,2,0.3978261113298575,0,0
2.858936358164331,0.3110341275742928,8,0,0.359286758802625,0,1
14.794912668428154,0.2998783035355421,6,1,0.34337074637247333,1,1
1.7354538743472148,0.5393254241654485,14,1,0.5393254241654485,0,1
11.155567550051888,0.6032232360710086,14,3,0.6249223033734447,0,6
3.970130300997862,0.0,12,4,0.011604399637259776,0,1
4.330458349306832,0.3020042303481138,10,0,0.363074510219058,0,1
2.2130775587338984,0.16226111331095303,15,6,0.24606476733779137,0,0
5.106420606762391,0.23780570670278553,8,1,0.29011223924591295,1,4
2.360133122639921,0.3805032419470643,7,0,0.47011724829281376,1,0
0.24036754273636046,0.4338876743084937,19,6,0.5961663249623187,0,2
1.9047138903090688,0.27757471127773103,8,6,0.32391987478718465,1,1
0.03839685867497239,0.0,19,6,0.0,0,0
22.997825760921145,0.10699088388476405,7,0,0.10699088388476405,1,4
20.243923514850863,0.4792999340400332,12,5,0.4792999340400332,0,3
3.0167012636321386,0.0,19,6,0.03735069968082865,0,2
7.819905468490113,0.5374854303364,7,0,0.5374854303364,1,2
2.546108915142844,0.40424599812890827,19,3,0.40424599812890827,0,1
6.671884323293629,0.5632352163060044,12,2,0.6204078360326647,0,0
9.821781028412055,0.2602861626238079,22,5,0.33161082073091214,0,0
17.597248514911186,0.0,8,4,0.033577593922980084,0,3
3.067076876689892,0.38607252830129957,7,3,0.38607252830129957,1,3
9.175392374889102,0.5549306248076682,6,5,0.7524234766146984,0,0
1.8548926584931564,0.4849443611026842,11,1,0.4849443611026842,0,2
27.833791435377528,0.1674617033023929,17,0,0.2591833127395483,1,4
0.15664471042123915,0.3173522150925293,12,2,0.3173522150925293,0,3
5.550911355023674,0.19343274624401519,19,2,0.19343274624401519,0,2
6.464146324828871,0.13614670716212557,19,4,0.14424125445174643,1,3
6.989388708583803,0.4910777142359702,19,4,0.7403465604479263,0,3
0.7696433938200371,0.06049353774696756,16,4,0.1584578327154939,0,2
16.735215033534196,0.12123671388367746,12,2,0.12123671388367746,1,3
1.1993700246981944,0.07919487330552288,14,6,0.13589637755531625,0,1
5.849137215324227,0.00195049534019065,15,3,0.00195049534019065,0,1
1.5113887734124958,0.32928285836852067,16,0,0.39863767687785834,0,1
2.2022257118335045,0.5323006096963951,9,1,0.7264904218157922,0,1
4.744011570868637,0.2630246487509469,20,0,0.2630246487509469,0,1
3.2393994716357506,0.0,12,2,0.027293021575074072,0,1
1.0477319748476028,0.46798890794840553,18,4,0.5063725473540069,0,1
1.1247504646265294,0.6371403508069944,7,1,0.6371403508069944,0,1
3.249201834677012,0.17075153517068106,7,3,0.17075153517068106,1,2
8.495154203242375,0.2042891466564563,16,2,0.22213884976680018,0,5
13.694615557308738,0.40313212601667886,16,4,0.40313212601667886,0,1
0.5272697597976564,0.6243747495570102,14,3,0.7275825704738932,0,3
2.9963861083000043,0.19603317085495475,17,4,0.19603317085495475,0,3
0.6338004088124799,0.03351004380035899,17,1,0.03351004380035899,0,1
0.10039006642569917,0.4262837212544813,16,4,0.4262837212544813,0,2
6.503264578791837,0.4598136146284599,7,1,0.4598136146284599,1,1
5.534598977727315,0.3012262900870454,18,5,0.3012262900870454,0,3
1.0677242691146227,0.18837334806850986,10,0,0.18837334806850986,0,2
1.597972775207674,0.49887574619840924,20,3,0.49887574619840924,0,0
0.14395982789285192,0.40560720090959285,19,4,0.4904417391766892,0,2
10.808939344626808,0.1463128966193014,19,6,0.29031947941207814,1,1
22.059475527752525,0.30981894626113426,6,3,0.30981894626113426,0,0
0.8733430177619452,0.029658493595070667,14,5,0.029658493595070667,0,1
1.5796947826702483,0.437178091287584,12,1,0.437178091287584,1,2
12.168363798763304,0.2475532861234288,6,2,0.2696572746452521,0,2
15.659864695259492,0.21285783352305254,13,1,0.22357886418763892,1,3
3.2645096297014757,0.2934251029695132,11,4,0.2934251029695132,1,1
0.31169245868754003,0.30806153986604956,7,4,0.30806153986604956,0,2
0.241132131185125,0.4789860123131121,17,4,0.4887104475866885,0,3
5.11918952611874,0.4182181062650443,12,2,0.49163541518837284,0,1
2.9943222022131666,0.26871814424143947,16,2,0.38914429840796816,0,2
0.1744255300776426,0.45273362994379907,10,2,0.45273362994379907,0,4
5.251646986618594,0.3801474507383226,16,3,0.49430838578211833,0,1
0.0682013739745094,0.21468007274279255,6,0,0.21468007274279255,0,3
9.289265533153108,0.2750563683527028,12,4,0.2750563683527028,1,2
2.1954430612333935,0.2703554222313758,20,1,0.45215706628838537,0,1
0.24654470265280448,0.40105226863484034,18,5,0.40105226863484034,0,4
5.3255232034288085,0.22659547705567162,14,4,0.22659547705567162,1,2
3.041842455099367,0.22191816271567333,16,4,0.22191816271567333,0,0
21.8520698719799,0.6937514618867917,7,6,0.7325431904885925,0,0
4.714189366691567,0.48794709634942085,19,0,0.5837753418623688,0,1
1.931481500620083,0.14787986711497217,12,1,0.14787986711497217,1,1
7.415647656402717,0.41418819878843965,7,1,0.41418819878843965,0,2
1.9005400525722107,0.32367001313103544,20,4,0.4194459080891374,0,0
14.07566753848296,0.3783102350520188,22,1,0.3783102350520188,1,1
2.8173532858362877,0.3274682649130209,8,5,0.3274682649130209,1,1
4.7892939368764855,0.5379285290970471,16,4,0.5379285290970471,0,2
0.3113804616588741,0.36912406893028915,7,6,0.36912406893028915,0,1
3.3320227254987156,0.2875822603571425,19,0,0.36701899727564513,0,1
10.715745424827361,0.5084381153966034,7,0,0.5164103147615574,0,1
9.828530849229136,0.3466570082175744,19,3,0.3466570082175744,1,1
1.52408014241613,0.3242957158658116,17,4,0.421633434538581,0,1
1.5377134172361853,0.3628045204972229,15,6,0.3631891229363716,0,2
10.19963335304612,0.2812781953267267,9,6,0.2812781953267267,1,1
15.989808079096724,0.30184539859909376,19,3,0.30184539859909376,1,3
0.6013153371825206,0.18266108224762545,16,2,0.18266108224762545,0,2
3.5876617414693377,0.1497665560752242,13,5,0.34800277630092274,1,1
2.46999426371314,0.10028592270351205,14,3,0.10028592270351205,1,1
12.273184273508344,0.021603342640584777,8,5,0.021603342640584777,0,1
0.5233223799928083,0.12405652772308867,6,1,0.12405652772308867,1,1
1.4228915633481665,0.26514659310661487,12,1,0.3348485607956496,0,0
8.377300657272865,0.3206235164891274,20,2,0.3206235164891274,0,0
0.3159370138522501,0.2457406873704719,12,2,0.35468308854739633,0,1
4.069969717137765,0.0,11,1,0.07601389288351913,0,1
3.50152892053662,0.6149172715524684,10,5,0.6834321629682334,0,2
2.4424089647636253,0.5172960245780763,12,4,0.5853909738778973,0,2
3.0109209232264664,0.38915197024342574,14,4,0.5173515052298956,1,3
4.529377088882788,0.6814981345106537,16,4,0.7894346982005527,1,2
1.05589512640991,0.10452717650325785,22,1,0.10452717650325785,0,3
5.091734719609131,0.6775250241252009,13,0,0.6775250241252009,0,1
9.82185153058439,0.1069571846498904,10,4,0.16632615394200875,1,3
8.566722728073,0.3477475850582713,12,0,0.3477475850582713,1,5
1.0027056624593338,0.0452325349731591,15,6,0.0452325349731591,1,0
0.9698180539062733,0.3029388191088733,9,1,0.39188542642016233,0,1
1.8732780041909116,0.3772332995996777,21,6,0.3772332995996777,0,3
2.6878066444419355,0.26906193377308907,18,4,0.3410625610300528,0,1
3.1501110213233643,0.44277548881802753,21,4,0.502988417872252,0,0
6.830931198930908,0.3198028898974514,21,4,0.32283223304036573,0,1
0.35010101712827535,0.19551705432449812,6,4,0.28275656635081037,0,1
0.21172841125217798,0.18663733643953212,7,3,0.23727988262940727,0,4
2.9845998444778434,0.4621827545231393,21,2,0.5491451738221932,0,1
7.167377145198486,0.16925159403860648,14,0,0.16925159403860648,0,5
1.2898272882392634,0.4830805940969874,12,3,0.4830805940969874,0,1
6.155034714228158,0.5445423585663862,12,1,0.5445423585663862,0,2
1.8052372423333969,0.0,14,4,0.0,0,2
13.033874738822565,0.5265852774602069,6,2,0.5265852774602069,0,0
13.562325059934736,0.7120845396889398,22,3,0.7120845396889398,1,1
2.116842069526674,0.3504007522403857,14,3,0.35520818280871597,1,1
1.568139914587537,0.41981683705896444,16,1,0.5809301214637816,0,1
3.1790718609180173,0.5074010648738317,21,3,0.5410001094841669,0,1
1.6508192677102231,0.24490353696419553,9,5,0.2710008536984818,0,3
6.695475658907652,0.33645604470757395,16,3,0.33645604470757395,0,5
10.494430794968252,0.037160094075378125,15,6,0.20821048740283754,1,2
6.708461362131482,0.3277270057060902,14,6,0.34876658136112626,0,1
10.435586679159599,0.3996223991289083,12,4,0.5107693760349299,0,2
3.0349505060512167,0.40323260458529386,8,5,0.40323260458529386,0,4
1.0198704758253572,0.513084944719516,16,4,0.5794249780295863,0,2
8.035341414431356,0.14503956437289417,10,4,0.14503956437289417,1,4
2.682172751373562,0.19347864866530068,19,0,0.22572218587432333,0,2
6.675126265207414,0.6791014691982711,7,4,0.7525091180063099,0,1
1.8935594786009733,0.269934325247258,20,4,0.43751132565536033,0,0
0.5083143750236296,0.34000675746246556,22,3,0.5436062498982506,0,2
29.422909383405248,0.28659799165495575,18,3,0.36855965762101695,1,1
1.0190493981876099,0.13566383473899551,8,4,0.13566383473899551,0,2
26.75136987011267,0.6247058421783613,14,0,0.6247058421783613,1,4
22.70704030264502,0.19445971761587882,22,4,0.19445971761587882,1,2
9.473979054371258,0.07454289525861399,7,3,0.19625806002437965,0,1
6.462683577546159,0.20985194453944966,19,4,0.20985194453944966,0,2
5.173757055295955,0.0,11,2,0.029386615688320572,1,1
12.064041405809505,0.16974250700336363,6,2,0.3726242916127425,1,1
2.050207285165272,0.10637428042953465,12,4,0.10637428042953465,0,2
3.7830764667084535,0.4234857261854649,8,2,0.4234857261854649,0,0
5.79587981805753,0.1653171520880255,10,2,0.2182702457339367,0,4
3.1779152172294056,0.4775607871157697,16,3,0.4775607871157697,0,1
3.346313297135766,0.5796967986138643,13,2,0.5796967986138643,0,0
2.405415202509956,0.45623506725751983,12,2,0.45623506725751983,0,1
4.983869200041566,0.25692234222798466,22,5,0.47943248551034884,1,0
11.405745153615982,0.3282228993411186,8,1,0.3282228993411186,0,0
1.3503351066143154,0.0,10,1,0.06266836020897835,0,3
16.348100096611507,0.27324412549575205,19,5,0.27324412549575205,1,1
7.00946550826944,0.12791230638663337,14,2,0.14454689874062057,0,1
10.398901880460938,0.43886527622985977,16,3,0.5778042600427614,1,1
4.874161780270144,0.8145504778488948,10,1,0.8895297279716587,0,4
9.071599982302217,0.3999643271947619,7,0,0.40361730503059134,1,1
0.09799835102004384,0.0,15,6,0.0,0,1
10.235046153359793,0.2277539614171254,15,2,0.3802343588689185,0,3
0.24579989917754919,0.3244981850748909,19,6,0.5003958045887583,0,2
13.238926412910367,0.31747148505205275,11,5,0.32652255797928875,0,1
28.942007703188587,0.15383737487824936,7,2,0.2425488897622305,1,1
2.089413609274791,0.34905834852738704,10,4,0.45935771615626175,0,4
1.416753903883746,0.05149983261612251,10,2,0.05149983261612251,0,1
8.698303144002953,0.11101825546298658,16,5,0.11101825546298658,1,3
1.750352140482943,0.4291595283207423,10,1,0.5034929940514326,0,2
12.039930017655582,0.0968673538240348,15,5,0.1262479069013861,1,0
0.6511436986438954,0.40764232109845144,7,2,0.40764232109845144,0,0
0.8077418514998623,0.026107245068788365,12,1,0.026107245068788365,0,1
23.22285551208214,0.6529651767583473,16,4,0.7331667181471538,0,5
6.722183055569023,0.14514601551918904,6,1,0.14514601551918904,1,1
11.259483203252255,0.25526668563931115,12,3,0.25526668563931115,1,2
2.352297397705406,0.36612265221808116,13,0,0.36612265221808116,0,3
6.77103559789003,0.1869300094997811,14,5,0.23995014509156476,0,1
5.411987583634105,0.3286811922142609,17,2,0.4451608691464327,0,1
5.545183236818147,0.41507134490402514,7,1,0.41507134490402514,0,4
6.884278203841187,0.49212264650069704,7,5,0.49212264650069704,0,1
5.139069483673092,0.45829948719459146,15,4,0.45829948719459146,0,1
3.362851820956663,0.2656379072394652,8,0,0.35492265372859777,1,2
1.9371426994743908,0.2706736451912795,22,6,0.2706736451912795,0,1
8.781160731738005,0.7698217116050066,14,1,0.8440321005804868,0,5
1.539212664594403,0.48997781364985843,10,4,0.636813494997787,0,1
7.072839016920115,0.11563526873595725,22,4,0.12535547539050787,1,1
1.5942149977419215,0.31999763275311033,10,1,0.3598391835363351,0,0
5.890260564301148,0.23297137224436149,12,2,0.23297137224436149,0,1
8.248051166138104,0.27293315321537803,12,3,0.27293315321537803,0,2
1.4808831408006535,0.05410096845838239,15,0,0.05410096845838239,0,1
0.3708905238270489,0.21761535312280936,15,3,0.31123443757413327,1,2
0.8422916338598236,0.6623111546387827,22,4,0.7463957066489807,0,1
5.588380034592996,0.4158152601751006,16,0,0.4857002167231779,1,1
11.36061692022653,0.0,7,4,0.0,0,4
0.27624365974591536,0.5433446984995893,12,0,0.6098660927398674,0,1
7.948966649717408,0.5179259045818323,13,2,0.5235724133888149,0,1
2.5050923455933036,0.2281429391387167,14,1,0.2281429391387167,0,3
3.906602439802655,0.443452708756643,22,2,0.443452708756643,0,1
15.85859510853452,0.12812015783655983,22,1,0.12812015783655983,1,1
2.4205466926453822,0.20594885674672853,7,1,0.20594885674672853,1,2
3.7567110812834805,0.5997092721339707,6,5,0.5997092721339707,0,0
0.08266129006569506,0.2456539920260583,20,1,0.3200464049284393,1,0
0.5107251581691095,0.0,14,2,0.18372382283493113,0,1
1.7952218787362988,0.2873393554437326,10,1,0.2873393554437326,0,2
0.16948482275233398,0.2842823214171286,14,1,0.2842823214171286,0,0
5.987857778073388,0.5396737138746919,11,3,0.6319621979302287,1,1
3.3349207499374316,0.302867284435152,11,0,0.302867284435152,0,2
4.766366374401754,0.21568353771194143,16,3,0.3278354224369795,0,2
1.1516659836368377,0.5090112290462412,6,6,0.5114851567070496,0,1
2.105282270333657,0.32415804650022206,12,4,0.32415804650022206,0,3
6.540731154892272,0.14999546368685657,14,1,0.14999546368685657,0,3
20.16656451539704,0.5309995121083235,16,3,0.705994555568431,0,1
0.3103925982208786,0.33873235290335985,6,5,0.33873235290335985,0,2
13.264649140860708,0.3005851933358875,11,0,0.3005851933358875,1,1
5.1606137484133185,0.3355816782823309,17,6,0.5191744421458335,0,2
4.979571436374817,0.08586632571668057,9,3,0.1645890587642948,1,3
4.162226437181032,0.19446924476433253,7,1,0.2164866234145249,0,1
0.4315163066943676,0.30071652036655666,19,4,0.30071652036655666,0,3
0.5650521651885368,0.261067260995064,13,3,0.261067260995064,0,2
5.511440095270518,0.554485676563319,6,1,0.554485676563319,0,1
2.5018132839132,0.34348117054540067,19,6,0.34348117054540067,0,1
14.952897694707296,0.4709807845272805,12,2,0.4709807845272805,0,2
3.1312237486424768,0.30187907091516986,12,1,0.30187907091516986,0,3
0.9278750253041623,0.5112576967492246,7,5,0.5424336596257505,0,1
7.525680215505458,0.37950555131463076,7,1,0.46303740031685403,0,1
2.0833477617341876,0.302684097077692,21,5,0.3794710071505373,0,0
4.472586517140513,0.29734338220819606,19,2,0.3735542306718749,0,0
7.1806483467419735,0.10911227474180732,16,1,0.10911227474180732,1,0
13.831378193425765,0.40138314402726216,7,1,0.5734942228610136,1,2
9.426820966720848,0.2919590530927242,11,0,0.3187255396842812,0,2
6.7687607497055975,0.19960160796375906,14,2,0.19960160796375906,0,4
6.829731808074758,0.5212923541624144,10,2,0.5776414592525294,1,0
17.50426034585483,0.04995679482103976,7,3,0.04995679482103976,1,2
2.1043625551420857,0.2155008209135132,16,4,0.2155008209135132,0,2
0.00667627819069719,0.5055437497559067,13,0,0.5319452488390385,0,1
1.904350885945987,0.36310458818405067,16,1,0.40306811794688424,0,3
1.474569884097454,0.29042821446944855,8,6,0.3968433749350152,0,7
6.505320660354239,0.3502007086300293,9,5,0.3700210930389527,0,4
6.026005662542115,0.3358828342097683,17,0,0.4685513491671365,1,1
5.4004581300603824,0.0,14,0,0.0,0,4
0.0982608850460431,0.2301476229304077,15,2,0.33772166105255075,1,1
7.828906836135165,0.6233043309027497,10,2,0.6233043309027497,0,1
2.345206728086908,0.16813517304456646,9,4,0.16813517304456646,1,0
6.562751354928906,0.23633979717913317,10,2,0.2860177244056079,0,2
4.879405996711127,0.19167584733816248,10,5,0.19167584733816248,0,1
2.517970764014006,0.2825969553363725,11,2,0.37154667649098516,0,2
0.8672161642513945,0.18337543373514037,16,5,0.223313849692303,0,0
0.5950706358534039,0.397348300431612,12,0,0.49900408968538257,0,1
10.685570021772183,0.33946268245805333,7,4,0.4100969084177859,0,2
15.035375375497114,0.4547095230214036,12,0,0.5670657940609045,0,2
6.295300362691378,0.08981176676220787,16,5,0.1974847237056468,0,2
0.6551009827585446,0.23193190342341935,19,1,0.25532569906865277,0,0
3.0852602355498,0.254855473677573,18,0,0.254855473677573,1,3
7.832472776462942,0.39112938201771896,21,0,0.5034463489236729,0,0
9.079883401743414,0.14135576055859309,16,3,0.32025397899223257,1,4
0.7548667486727435,0.48313076085166884,21,1,0.48313076085166884,0,3
0.000184315903294857,0.5372831181035218,10,1,0.650891809610828,0,0
7.47162459511571,0.10222553047288321,18,6,0.10222553047288321,1,0
2.6458963244872904,0.20182542102128684,7,3,0.20182542102128684,0,1
1.762050622000062,0.1936136983415815,15,5,0.25491686569257244,0,0
0.07788818570901232,0.8264772409354997,14,3,0.907951893840219,0,2
4.663079314081497,0.21401997895842265,13,0,0.2730088529149962,0,3
11.428926793507674,0.6355250884312269,19,3,0.6519188825907878,0,5
18.968121418642344,0.046673600978678065,10,2,0.0659848595755086,1,1
5.004739476569967,0.10206980676712729,9,2,0.10206980676712729,0,4
4.334978039533655,0.16267909363035982,12,6,0.17520334850806188,1,1
0.5333570345455807,0.1308621377106955,21,2,0.2670349826334577,0,0
4.7760356565201825,0.24642025316830024,12,2,0.3626253392633685,1,2
2.8680123474486012,0.15824435945570034,7,2,0.15824435945570034,0,2
5.605739715234988,0.13613168145308527,18,2,0.19730722748681057,0,2
2.9532632655670734,0.5316943992946656,18,3,0.5819005381431867,0,1
1.6489830399803687,0.5447587245026331,6,2,0.714571220011117,0,0
0.5986917966295267,0.48985929967506314,6,0,0.5842191620091336,0,0
2.2693043328753513,0.4047997911168656,14,3,0.4396605538147244,1,1
0.6098369123004783,0.31854861315591043,12,4,0.3886363748523072,0,5
1.1680432470473419,0.20059386186681824,13,1,0.20059386186681824,0,4
26.214026871335342,0.10936849904898158,15,4,0.1405146712515017,1,0
3.5230395330482933,0.3725991406865375,11,2,0.5782949609906765,0,0
4.554078104412604,0.0652739214906404,6,3,0.07339865080009864,1,1
12.410702376752088,0.10121581416492131,15,4,0.10121581416492131,1,2
32.51464517692608,0.5305826512409619,16,3,0.6594779138850326,1,2
5.243907106680855,0.6801298083444174,12,4,0.6801298083444174,0,2
10.043020933320232,0.3786590276332962,20,6,0.3786590276332962,1,1
2.3755339330577914,0.5212914304589289,12,0,0.6767345583724625,0,3
2.189486694720989,0.25083033651120334,14,2,0.25083033651120334,0,2
3.0920520537269525,0.03246516278246314,8,4,0.03246516278246314,1,0
6.697736401532816,0.4224343237237168,7,4,0.4224343237237168,0,1
6.877841246138615,0.41385786465401275,16,0,0.6066315017214317,0,0
2.2721162487441813,0.3143337107760488,17,0,0.3143337107760488,0,3
0.8577507513056666,0.25152490837897773,12,4,0.31190860273803356,0,5
6.004498229010757,0.4924421157162196,15,2,0.4924421157162196,0,1
0.8240377205111961,0.1028533933145051,17,3,0.2110717870842419,0,3
5.183506365766755,0.14524388422186843,22,6,0.14524388422186843,0,0
7.093700925263895,0.09837869864791438,21,1,0.09837869864791438,1,2
7.2360792350693774,0.31699459252716544,12,0,0.31699459252716544,0,1
8.401680903354075,0.08242139757814831,11,4,0.09275096211336929,1,0
12.37477132739069,0.16315156389695126,16,0,0.16315156389695126,1,2
4.158391007115937,0.1588488875545604,6,0,0.2662959579487337,0,1
7.8615400219446645,0.24787833353320834,20,1,0.24787833353320834,0,0
5.792456281943777,0.002525110719204582,22,1,0.002525110719204582,1,1
1.2394883339905094,0.3174409984074534,21,1,0.3174409984074534,0,1
0.15615231798001383,0.5494607301329355,16,3,0.6520309766135,0,0
2.0089891396528845,0.3270982744633524,18,4,0.3270982744633524,0,1
3.5115033297421996,0.6082642289602642,11,0,0.7629897820608368,0,0
5.759981672245871,0.5667996371753851,7,3,0.5667996371753851,1,0
11.381093349938045,0.45554700944957094,21,5,0.5370908721231782,0,2
1.3107700458452656,0.31493716852737713,12,0,0.31493716852737713,0,4
0.8049595285194868,0.30450007764908793,6,2,0.30450007764908793,0,2
19.859362709909867,0.452759954472652,18,4,0.452759954472652,1,1
0.686034612646492,0.2216658780991935,10,4,0.28842873197476204,0,1
3.9061732872706054,0.0,14,0,0.2825304214555871,0,3
5.285016388943649,0.398400810820592,15,6,0.398400810820592,1,2
4.6771268018179555,0.07378627401300572,8,4,0.07378627401300572,1,2
0.5397593453778318,0.10757175436192304,20,5,0.10757175436192304,0,0
0.35230522552177423,0.3000447895991576,20,3,0.3000447895991576,0,2
0.668831094307869,0.280975024489306,22,0,0.38527163634889056,0,2
5.285363208563299,0.01758487873687392,12,3,0.02623343749909033,0,3
4.71611452897743,0.33309831282662805,16,5,0.498785397301574,0,4
1.5974086493167774,0.4932279321722097,10,2,0.6300509414550879,0,3
6.092924064950328,0.07433168594684342,14,4,0.14434793148169478,1,5
10.29104105907941,0.5544966661697519,14,0,0.5544966661697519,0,5
0.25480859067860523,0.0,7,1,0.0,0,2
4.136484266925699,0.7234648288741907,22,2,0.7234648288741907,0,0
7.013765849405953,0.21774791390330334,12,0,0.21774791390330334,0,0
1.7446164166893523,0.32912339936537827,6,0,0.32912339936537827,0,1
2.207029898629216,0.0,19,0,0.0,0,0
5.7058816444667935,0.2875727867061383,7,1,0.2875727867061383,1,2
13.692889732967721,0.3456964355436383,12,4,0.3456964355436383,1,5
9.962000988232782,0.2827675791801011,6,2,0.2827675791801011,1,0
5.249888291818982,0.18738378458952526,17,2,0.18738378458952526,0,0
7.860929005277351,0.11068709629443702,21,3,0.23761378357454135,0,2
2.7231044681231946,0.5261053239074622,16,3,0.6269580635073446,0,4
6.146021238567869,0.30616142699959004,21,2,0.30616142699959004,0,2
3.7661973368770774,0.6081504753033544,17,1,0.6081504753033544,1,2
1.263853143264681,0.1947035290410154,15,1,0.1947035290410154,0,1
7.258703414132279,0.2130410613255566,20,0,0.2130410613255566,0,1
4.877866470049917,0.4631188489192326,14,4,0.48075858033373586,1,0
2.664813842917508,0.0,19,3,0.015480052593356162,1,3
14.537623887411414,0.05730732796941537,6,3,0.10674272635476703,1,2
0.12693806003815616,0.5194969942706327,12,1,0.5194969942706327,0,3
2.276794596739975,0.06561321415536103,16,2,0.06561321415536103,1,5
0.35137939846572713,0.0,10,2,0.0,0,2
8.728141168058613,0.6737054376146182,10,1,0.6737054376146182,0,2
7.2661346506640765,0.02123647042515886,22,1,0.04043467408650929,1,0
2.4149870574094203,0.33682387966563393,7,4,0.3434512523974237,1,2
6.755831272621576,0.3138170385448542,9,6,0.3138170385448542,1,0
3.0244629378511743,0.0,6,6,0.028318593789187815,0,0
8.469766342672383,0.2465365953664382,11,1,0.3156992080406311,0,0
3.632836430783234,0.3896826498958219,14,1,0.5504201314135669,1,4
3.1890250312959703,0.3708618763037721,12,3,0.3708618763037721,0,3
16.375328829205625,0.48070413676070034,12,3,0.48070413676070034,1,3
1.7331293587485286,0.22250173701891318,14,2,0.22250173701891318,0,2
0.7700510499846863,0.44250088841843216,16,4,0.6320718842263873,0,4
5.27025859456572,0.1621341863839856,19,4,0.1621341863839856,0,0
20.90522024860918,0.017906516717444976,7,4,0.09280134495867169,1,2
2.8473403249028046,0.040454324863753444,14,1,0.040454324863753444,0,1
0.38426714626859015,0.007577908960917035,10,2,0.007577908960917035,0,7
2.4867802337679645,0.5019171935782387,10,2,0.5019171935782387,1,2
4.230488518704423,0.0,12,2,0.020674601153207198,0,5
1.0598718311600654,0.35480776812986065,14,4,0.35480776812986065,1,1
6.439460818800818,0.2468151611855134,11,5,0.2468151611855134,1,0
36.579321291642955,0.27947028530987367,13,4,0.27947028530987367,1,1
3.606028177272555,0.57272145903994,15,2,0.57272145903994,0,0
2.6285052506213953,0.2123145265569453,7,1,0.29497418157650906,0,4
3.071999546267528,0.42232031230993666,11,2,0.42232031230993666,0,2
0.733996925668409,0.3075126702762223,6,0,0.43355268030642297,0,2
12.887535338475509,0.2695962188734604,9,5,0.2695962188734604,0,3
3.2150727084060557,0.7599938248772947,13,4,0.7599938248772947,0,1
2.939028578964853,0.011731650856926068,21,3,0.1623372090116588,0,1
6.467394684460654,0.557826367087489,18,1,0.557826367087489,0,1
3.5007372752181016,0.43128131309799445,16,4,0.43128131309799445,0,2
6.268725522596059,0.20409500107364317,11,0,0.20409500107364317,1,3
0.3804911706644346,0.6258637034883224,22,1,0.6258637034883224,0,1
10.083133866052867,0.0,9,0,0.01591456416521067,1,4
16.93107242151237,0.19564666854018564,12,0,0.3115837817787276,1,0
6.277805179836552,0.058303559146184736,16,0,0.058303559146184736,0,1
18.548957938370535,0.38241669297429204,21,4,0.38241669297429204,1,1
0.9852325593850908,0.07738717976256446,14,4,0.18058581158880735,0,3
3.893819430587568,0.3866127893482638,21,4,0.39116338715154403,0,0
5.524906790747907,0.2627127168356892,6,3,0.2921827806278325,0,0
5.22986408850098,0.2041292114687831,6,3,0.3100343335818991,1,0
3.079589369111746,0.37772944920666207,14,2,0.37772944920666207,1,2
2.475703426622081,0.24627567521238716,12,2,0.26302605944463747,0,2
0.813708993732269,0.08227303138819225,12,3,0.1639985136241216,0,3
2.982941313964087,0.8602745979269957,16,4,0.9049005463503351,0,0
1.065156310542835,0.20256656339417106,10,0,0.20256656339417106,0,4
7.953807837929197,0.0,9,6,0.0,1,2
1.4054615934021697,0.13158026205572226,17,6,0.1606018213244685,1,4
0.36210177787160525,0.046544662325453956,12,2,0.046544662325453956,0,2
4.822677915776306,0.4652291232081031,18,3,0.5246749001572056,0,0
5.426613684601633,0.3643305319183172,15,2,0.3643305319183172,1,1
12.330276221246024,0.37974256035806886,19,0,0.5176677075440675,0,1
5.162037788513302,0.22599550683255112,13,5,0.3293540367386102,0,1
2.5431266446363585,0.2441299505886157,7,3,0.2441299505886157,0,0
9.747671186276143,0.22581377927846635,12,2,0.39084143609685007,1,0
4.662811577428151,0.28376136317290607,8,6,0.28376136317290607,1,2
0.49559769277046317,0.46706668707296706,12,1,0.5277224104534703,0,1
5.006198838447621,0.36721508250106927,8,0,0.36721508250106927,0,2
14.317009817540724,0.40002256592417335,13,1,0.40002256592417335,1,2
3.028192841572271,0.39991178164984054,21,0,0.5091994332271433,0,1
2.1086389003946384,0.4768884874763476,13,1,0.5130705615233979,0,1
0.9291918097777705,0.3576300083080509,14,1,0.3576300083080509,0,2
0.9853259473498006,0.3717696145357837,12,3,0.3717696145357837,0,2
3.4019581835719075,0.5377612482386314,8,1,0.5854301554199832,0,4
5.4332892026585,0.16699081639937757,16,6,0.2741284932040122,0,3
0.5043045085654203,0.12885148400969854,19,1,0.2137740958633358,0,1
16.837477559807354,0.06281568016262878,10,0,0.06281568016262878,1,2
8.442255567222293,0.33658291272405116,12,0,0.33658291272405116,0,2
5.300384945350432,0.0,22,4,0.20005911510234947,1,0
10.576886834681282,0.39243081921193546,11,2,0.48253612658713624,1,2
0.501507756483253,0.27816138109988947,12,2,0.27816138109988947,0,0
3.887194735163918,0.5269279399642114,16,0,0.5303459941679659,0,4
5.967023995469312,0.16561653790700187,21,6,0.16561653790700187,0,0
10.584383945612544,0.25933634291649865,14,5,0.25933634291649865,0,1
9.180144847131299,0.5244406666586737,13,1,0.5244406666586737,0,2
1.946651054882286,0.5766271293556304,6,3,0.5766271293556304,0,1
16.96913322238678,0.16396952684963598,13,1,0.2753619324634351,1,1
0.7967043729133583,0.336356246517432,8,0,0.336356246517432,0,4
12.483066374294848,0.3588837955368096,15,3,0.3588837955368096,0,1
21.230407260970598,0.37473068112422964,22,4,0.37473068112422964,1,1
1.1699138200874561,0.24748486813687556,19,6,0.2729887009578852,0,1
7.682231007320471,0.5562766796247269,6,1,0.6913796238483159,0,1
0.2467167249043985,0.0,13,1,0.07130416650819392,1,3
3.119428539240068,0.2157739530397832,9,4,0.2380700363638523,0,1
4.357535235349008,0.3895861465545894,21,1,0.490619851533315,0,1
5.214228006694954,0.3914449623898687,11,3,0.4815046278711463,0,0
16.487353079271287,0.5705518061229526,16,3,0.5705518061229526,0,2
6.6930375200879135,0.5396450786402573,14,2,0.5396450786402573,0,1
3.9383225445439063,0.24289167493855524,10,5,0.3593094407010161,0,1
9.954133994022268,0.5599742487061209,7,0,0.5599742487061209,0,1
18.03867527343661,0.157191651244509,12,2,0.157191651244509,1,0
0.1338794875454561,0.4861774765583675,8,4,0.4861774765583675,0,2
24.280624169579028,0.6621044956841986,12,6,0.6621044956841986,1,1
0.5404157415558253,0.5429888213709938,12,2,0.5429888213709938,0,5
10.104541372672823,0.32115407670482465,14,3,0.32115407670482465,1,3
1.973814655119544,0.23364424564557554,15,2,0.23364424564557554,0,1
0.850623388344041,0.0,7,2,0.04838177443175499,0,1
3.477364453492843,0.3621079275828408,13,3,0.36351705187138994,1,2
6.196215526342783,0.07695655440581614,8,6,0.10911579419529599,0,3
2.8774332871857085,0.1413730672772126,10,1,0.1413730672772126,1,3
0.33666343072889116,0.06185083985266565,7,4,0.09508441158887142,0,0
5.489666925687218,0.20792153346866896,19,2,0.20792153346866896,0,1
13.961468117005186,0.2944061171026035,7,3,0.2944061171026035,0,1
2.8994122164550684,0.354722916233141,12,0,0.354722916233141,1,2
1.4626248600283254,0.17989867291720732,14,2,0.17989867291720732,0,3
3.506589134231792,0.5138567412790367,16,0,0.5187480561624689,0,1
0.2974278947409112,0.2583589484020068,12,1,0.4414978254005958,0,1
10.305065437229628,0.14245551334689616,13,0,0.1852238557160893,0,4
10.50396350471168,0.3452584534486873,17,5,0.3452584534486873,1,1
5.32039832677463,0.6927105667087632,12,3,0.6927105667087632,0,1
2.6134081305677417,0.36703211330702357,13,6,0.43783284281276763,0,2
9.650131925260688,0.22742887452527855,17,6,0.3423440027787304,1,1
4.8538675736623444,0.0,10,4,0.051232860116512936,0,3
10.489866144593558,0.25611753580558594,21,5,0.301744158470427,0,1
5.989216493183284,0.3469856250176231,18,1,0.3469856250176231,1,1
9.20613495737217,0.22248382174888598,16,1,0.2350131920259401,0,0
5.47622791556337,0.0,8,2,0.0,1,1
3.2080574947732714,0.1298869220993132,12,0,0.1911349834830023,0,1
19.012784648591687,0.5909076921775516,21,4,0.5909076921775516,1,1
4.673718504961975,0.5868002007460922,17,1,0.5868002007460922,0,2
5.574577013891098,0.12267216615908036,11,2,0.19762002433888926,0,1
1.4945204012464344,0.4345513574398844,20,3,0.4345513574398844,0,0
5.895397194613886,0.06428544304596523,8,1,0.06428544304596523,0,0
5.086294779023235,0.5808632563989905,7,1,0.667863654031759,0,1
1.2262134040170956,0.3490471695788473,14,0,0.5253591406913791,0,1
0.3686174521724793,0.48992829972330676,12,2,0.5621726388983559,0,1
5.563493115941053,0.0,21,0,0.0073858512474318655,0,4
8.655722279529728,0.4355274203849776,16,6,0.4355274203849776,1,1
4.4464835447045505,0.2984651872630993,14,2,0.2984651872630993,0,3
1.5430927672614843,0.4703858141581685,7,6,0.5362311010108187,0,1
6.589069877569856,0.48297355961956995,22,1,0.48297355961956995,0,0
0.5009792146242895,0.31315693789494986,7,0,0.31315693789494986,0,4
3.4985900455908236,0.17983407218081704,19,3,0.17983407218081704,1,2
1.070216919596682,0.45593923643589884,11,1,0.6578406503644472,0,0
1.2234218693346721,0.2879691001189745,7,3,0.3847496790891395,0,1
1.3560906404019963,0.12544300929447147,21,1,0.12544300929447147,0,0
2.933475438550368,0.11596955370846282,10,6,0.251622345124674,0,3
0.3150286241221406,0.0045671167375236355,19,3,0.04357870907874053,1,1
3.0429286268745557,0.19794176808738734,16,2,0.19794176808738734,1,0
4.30104335481652,0.5205384092148757,21,4,0.5205384092148757,0,1
3.961690698649541,0.33556595994108684,13,5,0.33556595994108684,0,0
2.8952183878463176,0.19404645881539184,12,4,0.22818155024113465,1,2
10.96357162793489,0.46097118763601597,14,0,0.6764216167376403,1,3
0.9422158767663387,0.13350467565532223,15,1,0.13350467565532223,0,1
4.22763642693461,0.3190700548665557,7,0,0.3190700548665557,0,2
0.3842969129319423,0.26407392545489694,19,3,0.26407392545489694,1,1
0.44288478626352973,0.45582612511767046,12,3,0.6258284494158938,0,1
5.118006452545495,0.0,7,2,0.07522032638931236,0,1
5.008519196648927,0.1299604508370688,6,6,0.146568938475795,0,2
12.624053804585724,0.0,15,4,0.0,1,1
4.896957816383488,0.248080655638146,22,5,0.2718154368908057,0,0
19.281989611725134,0.5422855007264861,14,1,0.5422855007264861,1,3
0.29952236074751554,0.19891055806929453,6,1,0.33842422809753137,1,1
0.6188956720102776,0.19786321236086984,16,1,0.19786321236086984,1,2
0.2703975669600303,0.4743448848368273,6,6,0.4743448848368273,0,1
1.2294415026661232,0.51370991169106,14,1,0.5712895041495009,0,2
4.6757623148355645,0.282285786546242,15,1,0.29030182105432134,0,0
6.223503410929018,0.43694297080997846,9,6,0.43694297080997846,1,2
0.27994114280378624,0.0846090918244107,18,3,0.0846090918244107,0,2
17.50939380440573,0.5755948667850828,16,4,0.7584361428906383,1,3
11.077244890655246,0.7297412587874104,20,5,0.7297412587874104,0,0
2.1110838273627586,0.404243158237745,12,5,0.41476526171860084,0,2
0.48197543879171356,0.0,22,0,0.011041615214615856,0,0
1.1171611865024358,0.18835394752044313,6,3,0.18835394752044313,0,0
0.8145363149690237,0.42256506433386426,7,0,0.5077456663077284,0,3
0.7894315113686035,0.21570340056672743,12,0,0.21570340056672743,0,4
4.385863041825436,0.5544397108500195,8,0,0.5544397108500195,0,1
1.6929636031782564,0.41763145288717307,17,0,0.42279364272909964,0,2
2.660307755812817,0.15870489984684066,6,3,0.15870489984684066,1,0
27.341328553371703,0.30645296215425055,22,4,0.30645296215425055,1,2
6.9180481129306735,0.12123335587218195,9,1,0.20531284590258872,0,2
17.853303843478564,0.26348302431751164,19,0,0.32961965633814805,0,1
0.9228003330507064,0.18908135191348963,6,1,0.18908135191348963,0,1
2.8889552065621733,0.5349523600466076,7,3,0.6463892822656049,0,3
4.854470934641933,0.723202411366199,12,1,0.8586741910940405,0,1
0.47918374417874765,0.013762333352849598,10,4,0.013762333352849598,1,2
0.02517741313391001,0.0,13,0,0.033973617097387214,0,3
6.659877926675179,0.25096551562972286,19,4,0.25096551562972286,0,4
6.16030965963648,0.0,7,5,0.0,0,5
3.1738236163199125,0.3092423207341834,7,5,0.3092423207341834,1,1
4.035881439255432,0.4497872227611853,16,1,0.48592748565808697,0,1
3.2214059075422368,0.598828379453365,20,2,0.598828379453365,0,2
0.14578716888513038,0.3402789117430562,16,0,0.45065536814528495,1,0
2.451163205152711,0.26136895503008417,9,6,0.27988775144335337,1,1
1.1693941746282506,0.0,9,6,0.2121949442994358,0,1
0.6216668741977655,0.30523702983715967,11,2,0.30523702983715967,0,2
18.8404480179839,0.3142574521098923,21,5,0.4848531089866711,1,0
5.488147945285092,0.42779136284254904,20,6,0.5352315207476204,1,1
7.826213627373047,0.15830237969418176,11,6,0.15830237969418176,0,2
2.2732055629444483,0.21298947995282805,21,5,0.357836195380306,1,0
2.9968134316027815,0.0043995489391631115,10,0,0.0043995489391631115,0,5
1.6223858270679072,0.0,7,1,0.15774276211467558,1,1
0.6119682578290868,0.07830058184064331,19,1,0.07830058184064331,0,3
1.1836242331430118,0.0,12,3,0.016494187287465347,0,3
9.582508525979057,0.3673424590841222,16,0,0.3673424590841222,0,0
6.790765106468094,0.1963731886666285,7,4,0.1963731886666285,1,3
4.750236955012689,0.19235257398504216,21,2,0.19235257398504216,0,0
3.8671693047448272,0.10311739076495757,10,2,0.12490779775933712,0,5
15.339778494645167,0.0,18,6,0.0,1,4
0.45309497735166515,0.60166214974951,19,2,0.6333702337097122,0,1
1.9760332689623437,0.09994589544464233,10,1,0.09994589544464233,0,1
2.584123864629477,0.2175159860300186,17,5,0.2175159860300186,1,3
9.151292360027675,0.009021566942137849,17,0,0.009021566942137849,0,0
29.368821095006957,0.4943860686881268,10,3,0.5191142820654825,1,0
1.651916948269719,0.3286857874074649,14,6,0.3286857874074649,0,4
12.443493068671174,0.13472694294682624,13,0,0.13472694294682624,1,1
10.653761189355954,0.22155407773119523,22,2,0.28918796959693405,0,0
1.526701678517132,0.635635984424974,13,1,0.6802553734258918,0,5
3.058283253914259,0.28540611362374435,7,2,0.3306867489726689,0,0
3.162470621469802,0.2636532924768188,9,6,0.2636532924768188,0,0
22.960763138786405,0.11172370277214694,7,1,0.11172370277214694,1,5
1.197235291742616,0.0,18,1,0.0,0,3
9.631419634915005,0.2679922652841311,19,1,0.2679922652841311,1,2
2.4405300656093707,0.36509702246492354,16,2,0.3762534063227397,1,2
7.875372177215956,0.5199168928655339,6,4,0.6069895598774709,0,1
3.268476891271301,0.0,19,1,0.0,0,2
5.181617086684922,0.07498073459539417,7,3,0.07498073459539417,1,2
10.724636723415859,0.18385178188870993,6,6,0.18385178188870993,0,0
9.782914176201288,0.2993038302853596,16,3,0.31985966059222587,1,3
12.078471374558095,0.2709932616943155,16,3,0.3508802083156435,0,4
0.368810315183533,0.2756622628625461,12,0,0.2756622628625461,1,0
7.066917856354936,0.3816192117139889,18,1,0.49720963745843705,0,5
0.9048492696707972,0.11934137784417814,14,4,0.11934137784417814,0,4
3.225262039205184,0.4868282884467389,12,2,0.4868282884467389,0,2
4.77225450270094,0.38669048833989617,8,0,0.489134921259497,0,3
3.092411320887323,0.23603354717438413,16,1,0.23603354717438413,0,0
4.398962960445896,0.6201815983777831,11,1,0.6201815983777831,0,0
33.975225021632674,0.6112832071143535,22,4,0.6508413322040048,1,2
0.8716622000374529,0.48657907103876175,19,2,0.6058454029445672,0,0
6.752005791013719,0.0,20,3,0.0,1,2
3.0250960861487175,0.615789018543595,14,1,0.6268012262090905,0,4
0.856365626100251,0.4589517044943868,9,0,0.4589517044943868,0,0
1.0371039820419188,0.7012817275425873,7,0,0.7012817275425873,0,1
17.887794361313002,0.5474929183467077,22,2,0.6759385042834716,0,3
12.701689064072989,0.6156685354994571,21,0,0.6156685354994571,0,2
14.253642449416667,0.4757309700360758,17,0,0.5059675035001925,0,0
28.629315291807075,0.5697386397291024,18,1,0.6844375443041937,1,6
1.4015531171157583,0.698824748146888,9,3,0.8287516570002318,0,2
2.635118024819303,0.3433109476756412,8,0,0.3433109476756412,0,3
6.637793066801918,0.0,16,2,0.039890417998898586,0,0
3.967595472079144,0.23850781999697157,19,4,0.23850781999697157,0,2
3.2517261400210398,0.3779891198766873,6,1,0.3779891198766873,0,0
2.6572380861165614,0.3149775168743115,12,1,0.4292628910992857,0,2
5.405171699328005,0.05068760676811468,7,4,0.058494216599157586,1,3
5.142380330875483,0.0,14,3,0.026108637542920685,0,1
1.0565424698510653,0.15176746627303414,7,3,0.2374704273274144,0,1
3.828998307934557,0.4615479111968302,14,1,0.5684300351611782,1,2
4.837516016923065,0.6160679541645939,12,6,0.6160679541645939,1,3
5.067825554479081,0.48331352275554024,15,0,0.48331352275554024,0,1
1.4151481797494403,0.5114854574228272,8,4,0.5114854574228272,0,1
8.135088933951483,0.28383688536728846,11,4,0.34567920169953187,0,2
0.15313217191435632,0.0,7,2,0.0,0,4
2.629465842476944,0.20895588382345892,11,2,0.20895588382345892,0,2
9.090568705958727,0.24824711762552423,12,3,0.24824711762552423,0,4
4.9792048312603345,0.20058950263286351,21,1,0.22425876069051498,1,0
1.8160630956854273,0.31093897307492524,12,2,0.31093897307492524,0,0
7.123738842686834,0.3882839519785901,12,6,0.3927281727305009,0,3
5.02752499292966,0.4706030376486995,7,6,0.4706030376486995,0,1
9.544980976330777,0.24437602712673318,12,6,0.2921249111075835,0,2
7.9687229984307715,0.0,7,6,0.04264954625380925,1,3
5.651311807939192,0.203424456141773,19,3,0.539699416399752,0,2
4.018666417560975,0.30874207939839676,6,0,0.30874207939839676,0,2
0.8575583308514029,0.5445615844266817,12,0,0.5445615844266817,0,3
1.8174485563961416,0.1864384315631789,6,4,0.31757669286892354,0,1
3.259054479770289,0.4025087256798804,16,0,0.4025087256798804,0,3
5.487242891828944,0.3580175799270865,16,6,0.6328165939791355,0,5
4.325674288357864,0.3087801066246777,6,3,0.3087801066246777,0,3
2.039619400997307,0.4861066638649183,15,1,0.4861066638649183,0,1
0.03891205340028181,0.16783176064948382,9,3,0.21105598297471273,1,2
4.113922621318413,0.18496271007129672,18,6,0.1905386004270795,0,4
2.018091769489098,0.2976198353811544,19,5,0.2976198353811544,0,0
7.959290602798344,0.17197069898126002,10,5,0.17197069898126002,0,1
0.1454258280555022,0.40160245821091994,8,3,0.4694618046604945,0,1
5.274371593726009,0.15736153912677342,8,4,0.15736153912677342,0,2
17.02972942304054,0.34526084154902686,6,0,0.41079075349229754,0,0
1.149936654101054,0.2799654462426487,10,5,0.2799654462426487,0,3
3.8279722334818067,0.34298519295534113,20,5,0.6065173109417691,0,0
0.5752471801128396,0.20805172098739216,19,1,0.3611860610182135,0,3
5.8958960463868575,0.2321823410946346,12,2,0.2321823410946346,1,2
4.798139443139522,0.31920185359941,10,4,0.31920185359941,1,0
3.1390648102276013,0.34041490123226253,7,4,0.4298137546343913,0,3
4.421052556174795,0.2991596169217688,10,0,0.2991596169217688,0,3
13.613431586585293,0.6410724713026168,19,3,0.6410724713026168,1,1
1.311132746793278,0.10185261625174313,14,3,0.10185261625174313,0,2
0.13693791558000495,0.2871592410094573,13,4,0.2871592410094573,0,5
11.868456994855624,0.0,20,6,0.0015182906376280101,1,1
5.163959572587414,0.37441629573347723,19,4,0.37441629573347723,0,0
13.279673157618028,0.07695069272463717,12,6,0.07695069272463717,1,0
5.452096825322029,0.24433794882468474,12,4,0.384090483401051,0,1
9.969476450016252,0.2255871349337348,10,5,0.3101891737542232,1,2
3.3692762132206417,0.3561782253202343,19,1,0.4394025198544114,1,1
8.314405459009905,0.18944181649096398,12,6,0.192592465453036,1,0
14.653943429220362,0.1809388604612035,21,1,0.21413738081019415,0,1
5.093516538568839,0.5871712928171796,17,2,0.7586590221611416,0,0
1.1964533886376412,0.35691335809490526,19,5,0.35691335809490526,0,2
1.8783899827639663,0.18778982959554638,16,1,0.18778982959554638,0,3
1.328704236643768,0.24983326563775382,8,5,0.3599749567419016,0,0
1.7010011928873112,0.6290709904541489,14,5,0.6829126332636838,0,4
2.195292767488424,0.2529670243497806,22,1,0.2529670243497806,0,2
4.859890118446014,0.16214467536952246,20,2,0.20725049860279093,0,0
5.320269678021825,0.16300076997472143,14,6,0.16300076997472143,1,2
3.3359814101022525,0.1901747038020845,8,4,0.23054778894019828,0,2
5.733632861894845,0.1811004555146555,13,2,0.1811004555146555,1,3
0.5105697092226132,0.044070430330151344,6,3,0.19702045143916386,1,2
0.5512987179180903,0.07515998061060436,15,0,0.10692619445034436,1,1
1.131217080319743,0.13413592512772599,18,4,0.13557444064347882,0,0
4.379831773048731,0.41831420369061956,20,4,0.41831420369061956,0,1
1.4447502988315248,0.2237525425454253,6,1,0.2544102130876838,1,0
1.9984570479762684,0.2585676621811919,6,6,0.34411376002233124,0,1
3.0680829201634046,0.5540176050509794,10,6,0.5540176050509794,0,2
10.023608779510965,0.5590014299876837,12,3,0.7562057908498209,1,0
0.08375467538542576,0.243575011372453,7,0,0.243575011372453,0,2
6.288293389620307,0.1738272978633182,7,5,0.22900769948128297,0,4
6.631583730930132,0.1271139372652924,14,2,0.16157411035912608,1,3
9.616435800605467,0.43855515394164757,16,6,0.43855515394164757,0,4
16.196291789725773,0.25905855329554245,11,1,0.3623888143415933,1,0
0.12206027642715857,0.22270102193544195,11,1,0.4599587005282307,0,0
1.0018817088669136,0.13726708497248943,7,0,0.1779933667311852,0,1
13.038363240184507,0.14606671819772227,10,1,0.18485946869103997,0,3
3.6806789539742084,0.3640116382986489,14,4,0.39039200606038615,0,3
4.988811782938002,0.03691234682254757,22,3,0.03691234682254757,0,1
6.526518450612938,0.49897373875758766,17,4,0.5033859987148317,0,0
6.819130008131383,0.19323107123701627,19,6,0.21465517574633697,1,0
16.1066234643282,0.2700728111496415,14,0,0.35034284879966143,1,2
34.7545361642164,0.032604408371889104,21,0,0.07440077802018416,1,0
7.641169166786916,0.29752681235152706,12,4,0.35204848252371884,0,4
2.031504948272204,0.23433581146188803,16,5,0.23433581146188803,0,0
12.70921408617335,0.28998388022870664,19,3,0.40442169097916386,1,1
0.3028412431229372,0.5943417796723781,16,2,0.7395338412228902,0,2
1.5766167316982904,0.3355396091580479,13,6,0.3662133496417221,0,1
13.660668899562285,0.1410681631708392,6,2,0.17708457072924014,1,1
1.77583013499614,0.15773601789068634,16,4,0.15773601789068634,0,5
1.4957783980226471,0.4190262371827537,12,4,0.47967926748182466,0,1
0.8918722233230535,0.5597386581986847,16,3,0.5597386581986847,0,0
11.758729861849506,0.35638360415021,12,2,0.35638360415021,0,1
4.159582234385477,0.4377425489109539,19,1,0.4377425489109539,0,0
6.741609267865836,0.421947544667341,11,0,0.4358919123584684,0,0
1.6392549456764156,0.5838128826715042,13,3,0.5948134782307329,0,2
8.51390757448987,0.0,8,0,0.1404705852148042,0,2
8.562836759494747,0.43344378786090565,17,4,0.43344378786090565,1,3
2.249016247751674,0.49674720878071277,13,3,0.5455447540779568,0,1
3.1727425021900624,0.032255258772885265,11,4,0.032255258772885265,1,1
1.4119821388097504,0.12286636319871677,19,1,0.12286636319871677,0,5
22.52012983408089,0.1298434502743693,13,4,0.1298434502743693,1,5
6.224017991322979,0.1542419607245233,11,6,0.2622268303869859,0,3
16.358251772612434,0.2036565898128948,10,4,0.2994035929022335,1,2
2.1691390110484967,0.3485205626109883,12,0,0.3485205626109883,0,3
9.136559653524536,0.47313493023347397,22,6,0.48940351958821526,0,0
8.710981560289632,0.5162633915537073,9,2,0.5162633915537073,0,3
7.059228642598892,0.13243538776644362,11,1,0.16188645018418873,0,1
20.224994153259473,0.13105940025940344,17,1,0.14051734267339502,1,0
3.0008507591284284,0.5631643680032445,18,4,0.5631643680032445,0,3
0.8405215038120694,0.4293487870837289,21,0,0.4293487870837289,0,0
6.683126640285198,0.3165729683737992,7,0,0.3165729683737992,0,1
7.840681723309517,0.3946673351109934,12,1,0.3946673351109934,1,3
5.134851876005588,0.29403924362971184,12,4,0.29403924362971184,1,4
1.3902146445123007,0.40491693660952294,19,2,0.4857026912403465,0,1
4.212594073508748,0.2327866606988519,10,5,0.4062662888998436,0,1
2.245453553880315,0.3537609868878462,20,2,0.3537609868878462,1,0
3.3461044750705877,0.0,20,4,0.06697544744381904,0,1
6.217520314419357,0.16244314103491378,7,0,0.16244314103491378,1,2
8.20400530087328,0.1645977646419313,14,0,0.1645977646419313,1,2
1.5855489295087086,0.22512199335861716,7,0,0.24150300664672147,0,2
3.1184450856980517,0.11469734904405035,13,2,0.1946054597976746,0,4
1.8813772260649966,0.1932912748353836,9,2,0.24521250440461473,0,3
1.3286071791061271,0.0,17,3,0.0,0,2
9.177863660199279,0.40974009527898003,14,5,0.5428752137572688,1,0
14.39805898226228,0.2834972962177211,10,0,0.2834972962177211,1,2
2.7744244573980077,0.0,16,1,0.0,0,3
8.348539131563186,0.13303401789066535,14,5,0.16201662302298592,1,1
13.637883344833067,0.36732028551243334,22,0,0.4139335892806827,0,1
11.229657383395033,0.19139561072284206,22,1,0.19139561072284206,1,0
1.2113267976189674,0.16061170797238064,16,3,0.16061170797238064,0,1
18.78132849845311,0.28508146459838474,21,5,0.3685489684672563,0,1
2.8361372265474394,0.3687195070356432,12,6,0.3687195070356432,0,4
2.486193551532008,0.01272950859216787,14,2,0.0844770428926445,1,1
0.3867916374995198,0.4100256962435759,18,1,0.4100256962435759,0,4
3.9952195143821863,0.13994134367852465,21,2,0.13994134367852465,0,1
0.69255679758623,0.29641440635004024,10,2,0.4082892848120406,0,1
1.714422358714613,0.2929159718616981,13,4,0.409151780237968,1,3
2.287058482886477,0.19458677635204516,21,4,0.19458677635204516,0,1
9.927437778051859,0.09526805077385708,7,2,0.09526805077385708,0,3
12.500150434521522,0.24286269038154729,6,3,0.3105545397801158,0,0
2.1612268564484274,0.625066061815039,19,1,0.6473034846652722,0,2
11.741140158979825,0.027664993907273783,22,3,0.06091801705371483,0,0
11.679161404776668,0.6384626038209751,12,6,0.6384626038209751,1,0
8.680113295918709,0.24805576578469352,8,3,0.24805576578469352,0,2
0.9518302048131648,0.3070742834177278,21,1,0.31719400846005597,0,0
7.033349794771976,0.08265783772305452,14,6,0.23848391138571023,0,1
17.405158363954765,0.14574611666450382,22,4,0.26662341067568823,1,1
6.884429765743391,0.19941806999239614,14,5,0.30702389991286483,0,2
2.417362144195594,0.09086100582441753,7,2,0.11416761352620576,1,3
4.165838922947364,0.2582164085258256,9,1,0.2582164085258256,0,2
6.226091721820535,0.21859682163864574,7,1,0.21859682163864574,0,3
4.287087992480666,0.6701562284871467,15,1,0.6701562284871467,0,0
0.7666793858035319,0.06680516286390775,12,1,0.06680516286390775,0,1
2.244357201232629,0.32053810334971744,12,1,0.32053810334971744,1,2
9.728942433472819,0.34956925638036496,7,2,0.34956925638036496,1,2
11.857760420476822,0.0859358902696325,17,3,0.0859358902696325,0,1
0.8861298649314422,0.43736549909056766,9,6,0.43736549909056766,0,1
18.267865473089447,0.22033459742367437,16,4,0.2766094823391911,1,2
2.3923309321557302,0.0,7,1,0.0,0,3
6.513828213959366,0.43196992242091303,7,3,0.6953496023032556,0,2
8.36173034775915,0.07661182317952722,13,1,0.20071522288564475,1,1
10.026164226418047,0.09044501077218017,13,1,0.09044501077218017,1,1
17.484880785922112,0.4375804165784796,12,2,0.46468002475427145,1,3
2.2518233243942536,0.23056770351631,9,5,0.23056770351631,0,3
11.733007068867492,0.4835544301103001,20,3,0.4835544301103001,0,2
0.8472175142109986,0.5420332190730638,14,3,0.5420332190730638,0,3
7.325511587176081,0.1710143079355404,8,2,0.2633489799256473,1,3
8.128256268435713,0.45865249919100615,10,0,0.45865249919100615,1,2
6.794067619326137,0.1489078397214236,21,2,0.2605598435405585,0,1
1.7446389587427389,0.7466231834264354,11,2,0.9044252285538666,0,0
12.383447943153241,0.16140859909375696,15,1,0.16140859909375696,0,3
1.1097310666543307,0.5052174881920009,16,0,0.5905456553727979,1,1
0.3307603737341473,0.4687580051763151,11,1,0.5412158134121562,0,1
7.5837168542189,0.36321756442178676,13,5,0.36321756442178676,0,3
3.8715813085324995,0.16589136771666335,7,2,0.33572293408456466,1,3
11.34674875048923,0.2697205016117181,7,5,0.2697205016117181,1,1
2.901180761507024,0.0,7,2,0.01317739415944238,1,1
1.105546417136395,0.34488400767645006,7,4,0.4863154544203949,0,3
10.863532729548234,0.36992306620567705,17,1,0.4478456867940607,1,5
4.776525517487385,0.32669988381227427,8,5,0.32669988381227427,0,3
1.2583720497800133,0.0,10,3,0.0803788079619522,0,0
7.646028243586952,0.04687271098203777,22,4,0.16279420948335088,0,1
4.293751236377888,0.15038180343026747,7,3,0.15472606969728925,1,1
5.56279043651327,0.35833178663780924,7,3,0.35833178663780924,1,1
3.7071066839789495,0.3578677811285969,16,5,0.3924107393611553,0,2
10.586347919796529,0.2659552416057641,7,3,0.2659552416057641,1,2
10.616327303065418,0.4270491073207913,13,3,0.5323877937889208,0,4
7.414614376422659,0.09475152493941999,22,4,0.09475152493941999,0,0
0.6682807659789587,0.4220470011387992,20,6,0.4220470011387992,0,2
10.95266181397394,0.3949484209679782,14,4,0.4949544343952352,1,3
6.670421901014636,0.3755109465675821,6,1,0.37704622273169197,0,0
7.164613394659185,0.26359191378286884,13,4,0.30739018709667093,0,4
2.705752113787861,0.6661487649662523,12,1,0.734271285119783,0,0
12.685666727384895,0.3986391376979757,12,2,0.3986391376979757,1,4
7.754018212141766,0.1063328273492882,16,4,0.1063328273492882,1,2
0.7166921816736218,0.34966109514719684,9,0,0.49668314623311216,0,1
3.1432426349387494,0.45049667541484373,19,3,0.5160422823339641,0,2
13.049393505397319,0.18237828021513808,15,6,0.18237828021513808,1,0
0.29008079551459154,0.5178544493862198,17,5,0.5459065357643548,0,3
19.529601935424427,0.37640674114320216,8,5,0.37640674114320216,1,3
6.820924365006,0.0,14,0,0.08699001829332634,1,0
5.987868383913109,0.35993439546758527,19,3,0.3771799935518505,0,2
1.892862859356013,0.21879416911745692,7,1,0.21879416911745692,1,3
1.7164345217366088,0.4074359629083472,16,4,0.4074359629083472,1,1
17.089899341104072,0.48884296805036287,16,3,0.5536932540579419,1,2
2.1252603704141086,0.3390324094283636,20,3,0.3390324094283636,0,1
8.963418992887632,0.6330504467889391,18,6,0.7312079238759019,0,2
2.9965629844895667,0.26425862308730086,15,0,0.26425862308730086,1,1
0.8997354367250612,0.42496356461077506,18,3,0.42496356461077506,0,3
0.06463871954154823,0.4609885147274695,6,3,0.5230386515018607,0,3
4.714961785948546,0.28053080622145343,19,1,0.28053080622145343,1,3
22.323166572413328,0.45575486159555645,14,2,0.45575486159555645,1,3
2.763991666720562,0.18106540256756623,11,6,0.29564834286000374,0,1
2.6514583153805993,0.21548631619575628,14,3,0.3114668971867944,0,5
2.530404966884761,0.03750226193273748,21,0,0.03750226193273748,1,1
4.410616870732033,0.34828182327400936,12,0,0.34828182327400936,0,3
3.4860389548282322,0.3650503351708688,21,6,0.3650503351708688,0,2
12.7173140712889,0.5358526317158459,14,1,0.5358526317158459,0,1
4.225501048534702,0.4582280008711767,12,5,0.4582280008711767,1,1
4.252706908657236,0.24304088867051335,10,2,0.24304088867051335,0,3
0.8935871137476866,0.06436406253314458,7,6,0.13518725673144966,1,0
24.356021971255938,0.3865700805039948,12,4,0.45973572319288936,0,5
1.7258755655807219,0.5221506344829284,19,3,0.6384074897360305,0,1
0.4571671670333453,0.4510369947607887,10,1,0.48953638639400937,1,2
6.52863849626166,0.5168955049714575,18,0,0.5168955049714575,0,3
5.428639433762287,0.2576220937603515,12,3,0.25814637928638884,0,5
3.218354663612533,0.20667620636487088,12,4,0.2839026017889162,1,3
3.2910843011815207,0.1526197295536402,18,3,0.16538681539991973,0,2
9.224487613510336,0.2888207066772809,12,3,0.3734411973815787,1,1
1.3067919650911966,0.2842818408062361,7,6,0.39528936909779605,0,1
10.297240480673569,0.3413355257078232,9,2,0.3413355257078232,1,4
6.277493050193705,0.2741405085928984,19,3,0.34137285912155535,1,2
3.2577149940455414,0.27327445405464573,16,6,0.3128276701416719,0,2
3.675252462369479,0.1446611894055712,6,2,0.3097791180752471,0,1
1.7795071491919443,0.4883238027102982,13,0,0.4883238027102982,0,1
8.368725948350841,0.3153036124487423,9,2,0.4325622202987824,0,1
4.315403917871357,0.26511121314294356,7,2,0.26511121314294356,0,2
2.3215197096694697,0.15051414935015903,15,2,0.1710182809713959,0,1
5.438786745773598,0.033617377921782765,22,2,0.0363759301021114,1,0
32.74310778380293,0.5615928385098687,12,2,0.7338843391205174,1,0
3.4283632043811165,0.4109277416263614,11,4,0.4109277416263614,0,0
15.206452302665799,0.0,7,3,0.027224856650381393,1,1
2.5388745209153147,0.45262846014193137,7,5,0.5688121120605377,0,1
0.33772525000819187,0.48449623404662184,14,0,0.6871800037018636,0,1
1.3707617587863763,0.3248752244601859,7,6,0.3248752244601859,0,1
3.254879696778934,0.6196221791503518,17,0,0.7205815099029511,0,1
1.4879605711908364,0.3433439284245766,17,0,0.3433439284245766,0,2
0.0013623839720008414,0.016635294410161983,7,1,0.10894247012530892,0,0
14.79073268281708,0.3730338002096642,16,5,0.3730338002096642,1,2
11.14275939250255,0.34897946034254584,14,6,0.47818724761008374,0,2
8.135574097256944,0.179340630244369,6,4,0.179340630244369,1,0
1.1022001272892068,0.414711767375485,14,3,0.5119510796579698,0,4
0.7694796699954787,0.0,10,1,0.0,1,1
0.4199907938863995,0.4981133654885579,16,3,0.4981133654885579,0,1
7.7247610516873175,0.12437565927890945,13,5,0.14921867816673798,0,2
15.854245645375448,0.1030107749765935,6,3,0.1030107749765935,0,2
3.3783563817279467,0.2772350455385046,10,2,0.2772350455385046,0,1
0.7611440333359739,0.38659458560872706,7,0,0.6580921914982257,0,4
4.309470946801707,0.33278481271868593,19,3,0.36510951222135213,1,3
2.5739247806064096,0.15146816684552433,9,2,0.15852252638059355,0,4
2.8183412845938305,0.1987821417616223,14,4,0.1987821417616223,0,4
5.826550883258189,0.07339153052450759,18,0,0.07339153052450759,0,1
7.610387740933497,0.255064019674026,22,3,0.255064019674026,0,1
0.7032734839161024,0.5150042429021819,18,2,0.5150042429021819,0,3
0.2174340174689519,0.2991474124712248,7,1,0.2991474124712248,0,5
31.035717278348407,0.47188285095189064,14,3,0.47188285095189064,1,0
1.5894862008392652,0.5910802675452383,7,4,0.5910802675452383,0,4
0.3320014609809511,0.18239629619260658,19,3,0.18239629619260658,0,3
1.2634027707774549,0.26268534938892707,19,5,0.26268534938892707,0,0
0.23842203967330686,0.7342385722124991,10,5,0.7491312151957201,0,1
2.98361650071094,0.588868682395989,16,0,0.588868682395989,1,2
9.729117145999538,0.0,12,1,0.0,1,1
2.5044165224810024,0.3774296632121813,14,3,0.41508164634243866,0,3
3.5239014458184132,0.30011199846793907,6,2,0.30011199846793907,1,0
6.754423113510604,0.4652906221717525,22,3,0.4652906221717525,0,1
4.266572587309854,0.1510042465029889,6,5,0.17565041918574842,1,1
11.858957229228396,0.13207832559186555,17,6,0.13207832559186555,0,3
12.061090476971533,0.1647858569412781,20,2,0.1647858569412781,0,1
0.0597608000836653,0.18561429076031344,13,1,0.18561429076031344,1,1
9.031719039776814,0.4630648333618028,7,2,0.581828423767767,0,0
3.7052734920802304,0.06375976537022396,16,0,0.23473653810376224,0,3
26.972806962706713,0.1754772200081362,6,4,0.1754772200081362,1,2
3.9609683685742523,0.0,19,4,0.0,1,0
26.009001505922363,0.5014235646824746,9,3,0.5014235646824746,1,1
8.42844541221831,0.5542060198862281,19,2,0.6133525478144221,1,2
1.7149418792791877,0.23458531382724268,10,2,0.29440863549237023,1,2
4.638274122516251,0.2404101270373554,7,6,0.3577631827132582,0,1
29.072484315923163,0.39064438045657945,9,1,0.5987175596671175,1,1
11.691768561515664,0.5948964014756511,6,1,0.5948964014756511,0,1
0.6146346812771826,0.38172214951278344,15,4,0.38172214951278344,0,2
7.3526496484649355,0.16049161150497707,7,0,0.2551402889083393,0,2
2.544031793969829,0.0,14,2,0.0,0,3
0.042040511608346764,0.07697474746730243,15,4,0.07697474746730243,0,1
3.099864801334694,0.314643890062493,10,2,0.4619462755194914,0,1
1.6053508759060109,0.16893449535984112,14,3,0.16893449535984112,0,3
10.251217476626266,0.3389935411981517,21,4,0.44667193580213715,0,2
2.4688744142545733,0.1894151967527532,22,2,0.2291502697226239,0,0
10.544972449193814,0.08837071374111766,9,5,0.08837071374111766,1,2
0.003588706029077314,0.06459367370938576,7,1,0.12121779037498819,0,2
2.2074480816956545,0.6124709018746459,16,3,0.6633834930109453,0,0
1.6558271936437325,0.4777975498367286,13,0,0.4777975498367286,0,1
1.5960507954006768,0.6461035903655917,21,0,0.6461035903655917,1,2
0.423736320877577,0.40799018015102057,14,5,0.6722236311432614,0,2
1.2430622115070113,0.21400171827703218,6,5,0.29620267623657626,1,2
4.865500491297977,0.5646681844979876,16,6,0.7809186481655633,0,2
2.066454916484467,0.2933863997276464,12,1,0.2933863997276464,0,4
3.241472871957214,0.34416835405807045,18,3,0.34416835405807045,0,2
2.837970646888946,0.2914351241848962,8,5,0.33348167811570184,0,0
12.520243639773206,0.0,14,4,0.0,0,1
14.142184252411527,0.6209470024589707,12,2,0.6354845635733068,0,5
4.074956462779249,0.39820078919155066,13,1,0.39820078919155066,0,3
2.404262132132443,0.365964612173702,6,3,0.365964612173702,0,2
0.677673283178586,0.28764478754588785,13,4,0.28764478754588785,0,3
18.397299174449515,0.33268556407722616,7,4,0.33268556407722616,1,0
0.372701181673073,0.18054421283075045,14,1,0.2281908986476246,1,3
2.119942913428023,0.42331587046145425,18,3,0.45126973808310505,0,4
2.123497098385022,0.038580331120173506,6,6,0.09157629094787428,0,0
2.3175166900923165,0.3372136864941094,12,3,0.3372136864941094,0,5
1.0768190324202667,0.4123146941142209,8,2,0.4123146941142209,0,6
9.17161274157482,0.2602661732354194,19,2,0.2602661732354194,1,2
0.7840553228345355,0.37417355849420497,13,4,0.44077600260731964,0,2
6.045613378470399,0.10173312155314992,7,4,0.3233540481713807,0,2
0.7932806093434275,0.10683464582080715,16,3,0.10683464582080715,0,1
0.4388808789678805,0.34734342420527864,14,3,0.34734342420527864,0,3
14.409760600289555,0.4357099309242103,6,6,0.4357099309242103,1,2
1.2652800883000679,0.0,19,0,0.0,0,2
10.330607772468408,0.40440412702215334,10,3,0.48018084569583863,1,0
4.719881499856011,0.19135969992473256,12,3,0.22366728802619776,0,5
0.4863266933236948,0.2614387825385175,12,5,0.35438623818737003,1,1
18.66661517797129,0.03209641528699253,16,4,0.20532110589719665,1,2
1.7018308887124873,0.12967655196265834,22,4,0.12967655196265834,0,0
11.781496872925324,0.49322506510606223,7,4,0.49322506510606223,0,2
1.10938126216627,0.3065726747960426,16,2,0.37968983221368946,0,2
11.542545093439218,0.22344431965808828,9,5,0.23157854180763013,1,4
0.07990255845824668,0.27670232947379303,22,4,0.27670232947379303,1,1
4.301940541305346,0.39784236493286024,15,1,0.39784236493286024,0,1
8.803532006582264,0.38809889923266755,14,3,0.4752465948580965,0,1
16.381362373812152,0.2849945999206398,17,6,0.3045214929630232,1,4
14.39471712092882,0.5185918221793336,14,3,0.5185918221793336,1,5
10.276299231958703,0.49409252738133325,12,4,0.511145755619444,0,4
13.14579808752423,0.38267440582607914,19,2,0.38267440582607914,1,4
1.3330118039815084,0.31092235658201406,14,0,0.3786149790705296,1,3
2.0059952483941306,0.4314642190239078,12,0,0.5268380030819529,0,2
2.04623148847185,0.3628534843602367,22,3,0.4603660986235873,1,2
2.8397719833460715,0.5121600143611895,6,0,0.5475479687847895,0,0
2.9985294888347784,0.47991227534766157,17,3,0.5044675136306673,0,2
4.718886173009421,0.09634921971645427,20,6,0.09634921971645427,1,1
1.045261551232145,0.08280736585165871,7,4,0.08280736585165871,0,1
7.051275513281269,0.15975009111918473,14,0,0.2793149739890308,0,3
1.1004119244862722,0.4952277380133842,12,2,0.5605588326565146,0,1
2.229065141236339,0.0,16,3,0.0,0,2
4.19915953134686,0.37895147782159866,12,4,0.37895147782159866,0,2
9.55078341468669,0.37250861821859227,9,6,0.37250861821859227,0,3
8.070205909161372,0.5325296117372386,8,4,0.665969866446734,1,4
6.222863116967335,0.33606773813277746,9,2,0.38591622016729404,0,1
1.0160050311843585,0.03135812188321985,6,5,0.05501100776876831,0,1
4.751779555236911,0.10812900787037541,9,2,0.24047294748891193,0,3
0.5490514024772704,0.06360089562043506,7,3,0.06360089562043506,0,3
2.8427512709060605,0.19241120673337192,6,2,0.19241120673337192,0,1
3.2016647755404763,0.26341968651521463,12,6,0.38632227063536484,0,1
0.24375357938154021,0.06691169475578859,19,2,0.06691169475578859,1,2
1.9211332342622853,0.5941323981304578,21,0,0.5941323981304578,0,1
18.69378334961484,0.034943725609511755,6,1,0.034943725609511755,1,2
18.426952930488852,0.5692206847724961,6,4,0.5692206847724961,1,3
2.606216540359218,0.5370326062878681,7,3,0.5370326062878681,0,6
0.26433900031453367,0.47966050993780707,16,0,0.4958576358126517,0,2
1.184086889172887,0.1612466785006499,15,5,0.1612466785006499,0,0
2.987632044441858,0.3684901758353803,13,1,0.3684901758353803,0,2
17.713703591482922,0.04452577328987639,19,4,0.04452577328987639,1,2
0.9133087352779368,0.48218140700674983,9,0,0.48218140700674983,0,1
8.651244393292966,0.28520304369274624,8,6,0.3047182189655535,1,0
0.6903277078315756,0.21813595708266292,18,1,0.22935430539032348,0,0
23.861794414692127,0.05525103066874612,9,3,0.05525103066874612,1,2
2.883878774301799,0.0,14,0,0.0,1,4
8.956186893337552,0.09229182859284879,14,1,0.09229182859284879,0,4
2.5166943210993526,0.5225596391225813,11,3,0.5225596391225813,0,0
5.92783023277246,0.21943331430503918,18,2,0.21943331430503918,0,1
1.2792787650940012,0.26613422857699054,18,3,0.26613422857699054,0,3
0.9470921895382526,0.4311108716576906,14,0,0.4821978618682303,0,2
16.68993563144635,0.661133775623253,12,2,0.661133775623253,0,3
14.980462606239973,0.5650009309891277,14,0,0.6227480200305233,0,2
13.107156050676375,0.10553299923676235,19,3,0.13970679046886406,1,1
5.891914731913411,0.0,14,0,0.08812137366205411,1,2
9.909946901961487,0.7719228518200207,18,6,0.7719228518200207,1,1
0.42921406164257947,0.7537983223318907,7,1,0.8695059989466087,0,1
2.445906350361457,0.33769071928585653,18,2,0.4285528942534743,1,3
2.258669892758223,0.045902350883635645,7,2,0.28514511970952866,0,5
6.057764973092064,0.4926453067787878,19,2,0.721827577159906,0,0
2.639945915294266,0.27840326279747796,15,2,0.27840326279747796,1,1
0.9645824595642328,0.2774037753786779,17,0,0.5972877616456287,1,0
5.444983182677447,0.4788917686210258,14,1,0.6306071441273292,0,6
10.104448968339023,0.3668749493746597,6,0,0.3668749493746597,1,3
2.88880002429734,0.06283701779701095,8,0,0.06283701779701095,0,3
0.8512391511479478,0.23505161298360522,16,6,0.23505161298360522,0,1
1.314074058953615,0.4322305857322693,6,0,0.4322305857322693,0,0
1.6267852552826103,0.4020504444810037,22,4,0.4581882419521566,1,0
2.139171953500901,0.35240331487169513,11,3,0.35240331487169513,1,1
6.1766737782044565,0.48668459089517285,7,2,0.48668459089517285,0,1
5.511943447164318,0.22765660243654706,13,3,0.2971475983424998,1,3
7.1459418876685366,0.3357339550438144,13,4,0.3357339550438144,0,3
2.7012246896700605,0.0,15,2,0.0,1,1
10.423547654651706,0.2100699612314372,20,1,0.2100699612314372,1,0
1.3695973576937222,0.45278058171512886,11,4,0.6314822336238686,0,0
3.7984199880418856,0.2219211065765715,12,6,0.2219211065765715,0,4
9.684855418238078,0.2067545216565776,9,3,0.2384107043076111,1,2
1.1918665817206864,0.09170940964503627,9,2,0.09170940964503627,0,3
0.6982801397823467,0.5006731785458292,16,5,0.5006731785458292,0,5
12.908666255331863,0.4096926547081141,17,2,0.4096926547081141,1,1
2.5197852481359955,0.465082919564617,8,3,0.465082919564617,0,3
6.909612916248549,0.0,13,5,0.014912277101241664,0,2
0.15405248851666645,0.2679099913468732,12,3,0.2679099913468732,0,3
7.028005475259192,0.24397779844999876,22,4,0.24958613046267406,1,1
2.2796729317597744,0.2438856586802895,16,2,0.2506677052568622,0,1
0.3441277860323542,0.1767944912564088,6,1,0.1912905567065829,0,1
5.64677133884598,0.23077914564399693,20,6,0.31228457962358186,0,0
1.6529703488337186,0.4699289565413304,7,0,0.5712527819118096,0,2
2.9344556538897018,0.0,13,6,0.0,0,3
0.5040787560403016,0.6554589536060907,9,3,0.6952278629160734,0,1
0.9551228066600832,0.3967682250052923,6,5,0.39768619565844904,0,1
2.1227366844810347,0.2915336208679574,12,2,0.38737736424511104,0,1
0.5642785757380062,0.48136682927458524,17,3,0.48136682927458524,0,1
14.503012379461493,0.00963305096631295,11,1,0.00963305096631295,1,1
0.036392403554324056,0.16705981896979719,14,0,0.16705981896979719,0,0
3.9682659390709527,0.2757849135218892,6,2,0.2757849135218892,0,2
0.7891829446384104,0.5731120740864355,8,4,0.6900731783224104,0,2
2.206234123987736,0.2907006837746884,18,1,0.37679867351316143,0,4
15.626972233575668,0.39001093423702926,9,5,0.39001093423702926,1,0
1.0582365000744334,0.18208420081277443,6,2,0.2975228583608659,0,1
20.258850616387953,0.3973684137934982,10,0,0.3973684137934982,0,0
1.3824772812968764,0.6354479185948914,12,1,0.6354479185948914,0,3
8.118692138941247,0.49910533833482285,15,1,0.5141669358775544,1,1
4.7469058058602895,0.2837088024444241,10,4,0.3026006883967328,1,1
12.949803535963742,0.43509816945309393,19,5,0.43509816945309393,1,0
4.8445272293167365,0.41550339092144234,14,1,0.41550339092144234,0,0
4.588622439542149,0.40131753433945516,7,6,0.40131753433945516,0,3
1.3048926481857694,0.5223906721720818,12,4,0.5223906721720818,0,2
1.0907815733833752,0.5208955407674933,6,2,0.6421743351614975,0,1
14.896672372828611,0.27456828062502314,18,1,0.27456828062502314,0,5
2.3835371515198713,0.4283758122955538,14,0,0.6073703856695352,0,4
2.7920766019964898,0.22338101576804123,19,3,0.22338101576804123,0,4
8.558291213359237,0.11538552073688446,13,2,0.11538552073688446,1,2
2.4824065711317953,0.2461012488592027,6,3,0.2461012488592027,0,0
18.22713652031065,0.28474436965208344,18,2,0.3933134863443455,1,1
8.034810734235025,0.0,20,0,0.028890732899696726,1,0
5.45930641634986,0.4720665118833441,20,5,0.4720665118833441,0,0
12.7665070194065,0.0,6,4,0.014502477410538908,0,0
0.3052712825446104,0.8429633878972642,20,4,0.896743412590226,0,1
1.7828616895775211,0.6003758267592638,12,3,0.6003758267592638,0,1
3.7533386929441637,0.24779825516553727,14,0,0.24779825516553727,0,3
1.544690808780317,0.3018852721127546,14,6,0.3018852721127546,0,4
8.173245245812316,0.36059437471745664,15,6,0.36059437471745664,0,2
15.095266275745757,0.18216792240221158,13,6,0.18216792240221158,1,2
3.307491603373562,0.33852382951738724,14,4,0.33852382951738724,0,4
2.5125113273494843,0.27120000445966774,17,0,0.27120000445966774,0,3
19.550493747005287,0.2811454565538068,13,3,0.3802423790930606,0,4
3.531127882680653,0.33629221269612775,10,1,0.33629221269612775,0,1
4.028882462317605,0.037294440329201095,7,2,0.218311234926795,1,5
2.599946448542276,0.3079139448267296,11,6,0.3079139448267296,0,2
14.417647110972867,0.3326895493234954,14,2,0.3577256131435942,0,1
5.049263442978354,0.32576992427118284,10,0,0.3493036716137547,1,2
8.617310604503336,0.2568338489127691,12,2,0.2568338489127691,0,3
10.021714502402942,0.5275715551938743,15,4,0.64361268149884,0,2
2.509925726344992,0.22926948902368977,11,2,0.22926948902368977,1,0
3.4117277752987762,0.34546518136463805,14,0,0.45614790244138,0,0
11.321900183018407,0.5594595067851091,10,4,0.5594595067851091,0,4
2.7083194189879554,0.28412477199593755,15,5,0.3284070404976596,0,0
9.477385641616412,0.3428926534935103,6,1,0.3428926534935103,1,3
16.980526306110328,0.2807230727370206,19,2,0.4278585388941786,0,3
5.856409596195364,0.5474739587127199,12,1,0.5474739587127199,1,4
8.120112685463571,0.24845508768274094,17,5,0.24845508768274094,0,2
9.811529286520408,0.5566709154576411,18,3,0.627369205713558,0,0
11.187515964709785,0.27928242107058704,13,1,0.2937957759473605,1,4
3.0156899195072464,0.12810805531039662,11,2,0.16278175932702627,1,2
0.3157448195561019,0.4358746341148242,22,0,0.561233685345563,0,1
3.083745852881138,0.23906643324886878,7,2,0.26233996526849995,1,2
6.72066249390717,0.42410017981983256,19,0,0.42410017981983256,0,1
3.5908456129426556,0.0,15,1,0.0,1,3
8.292933247827992,0.30104105237898926,17,1,0.49740543513839564,1,2
2.649499375515857,0.2080789402485039,13,0,0.24094397310232055,0,1
6.042943126182214,0.08734826269374435,6,6,0.16446106511532987,0,1
1.2378646607597732,0.1893517996320401,16,2,0.1893517996320401,1,3
8.302651699453888,0.18525937114146968,22,2,0.26991297659072155,0,2
4.733931797119003,0.2904028410298838,19,1,0.2904028410298838,0,3
1.3694219192607462,0.026534707743008812,12,5,0.026534707743008812,1,1
2.0711143919803288,0.36325475605194274,9,3,0.3844757722382082,0,2
8.284467742604388,0.5732429570411576,13,3,0.5857442996597986,0,4
3.953648384677688,0.35618569938956524,14,2,0.39190612068208497,0,1
1.4603181718682494,0.4617977218458018,22,4,0.4617977218458018,0,2
20.51699736315245,0.5189124909227592,7,6,0.6239412629066223,0,1
7.534229165878449,0.5472979024368354,17,0,0.5781268179274526,0,3
18.89817438102311,0.674027738564261,21,1,0.674027738564261,0,0
3.342317425858342,0.20015960034481395,14,4,0.30760771733783504,0,2
3.8672889587060073,0.1563032029677767,9,0,0.19304258902402072,1,3
13.694061030273453,0.4566931296649469,20,2,0.4713470355210595,0,0
4.467266127261624,0.44165324393148,7,4,0.44165324393148,1,1
7.371210246559804,0.45513505992313785,18,3,0.6529843425304165,0,3
1.7435006841981098,0.6778564908500504,6,5,0.6778564908500504,0,0
3.551416608653482,0.30227398175969883,14,3,0.30227398175969883,1,0
0.7905682685631399,0.385231311929237,7,1,0.385231311929237,0,3
1.38388004591588,0.103922349703305,16,4,0.103922349703305,0,2
0.005663163383417502,0.7270642247951915,7,6,0.7870078654110949,0,0
0.2403402973265544,0.2326910157581778,7,2,0.27555804743972556,0,2
22.708067837527405,0.238356814367834,10,3,0.2940756709128885,1,0
1.6652317110865744,0.23065002179835142,12,1,0.23065002179835142,0,2
6.531568563477977,0.17102082827113244,12,0,0.2866066595746759,0,1
10.96182211807782,0.15411259023047014,7,0,0.15411259023047014,0,4
4.7998587691079795,0.19525914342209494,16,2,0.19525914342209494,0,1
0.9973512066514012,0.026840814389811063,12,4,0.026840814389811063,0,2
7.814288296677967,0.14293641594735232,19,1,0.14293641594735232,0,1
5.501516728367466,0.6897926222895239,7,0,0.6998042398022027,0,2
7.883855354778806,0.4471310287282737,13,3,0.4471310287282737,0,1
8.811449620001593,0.48518083534554357,16,6,0.48518083534554357,0,3
22.232582252870873,0.535441757483383,10,2,0.6464285327348085,0,3
5.113747761469401,0.6668269128724782,10,1,0.6668269128724782,0,2
2.5080304494130674,0.0,19,5,0.0,1,4
6.272668433763454,0.05402337694269185,10,0,0.0919790879860985,0,2
0.42537264075729075,0.13925526782106293,10,0,0.13925526782106293,0,4
13.661347256223188,0.20605404070208044,17,3,0.20605404070208044,0,1
0.762781335422746,0.2398861218829502,21,1,0.3158235445453878,0,0
2.383578561654618,0.21060448943879184,9,4,0.21060448943879184,1,1
10.148620061989902,0.3438617826264108,21,5,0.3438617826264108,1,1
5.457564899640754,0.30705907814904315,7,6,0.30705907814904315,0,0
3.0016441321500498,0.15543304096435004,21,6,0.15543304096435004,0,1
3.848290502751267,0.0,16,0,0.0,1,2
11.56742983143868,0.10142625892426033,12,3,0.10142625892426033,1,5
2.4931325371742323,0.1901522693374849,19,6,0.305759540623322,1,0
12.225178323562933,0.2505841126384561,22,0,0.2505841126384561,1,1
0.5535762129559696,0.07406650813789259,15,4,0.09600185806766261,0,2
8.99808028047628,0.20183870670071596,12,4,0.23731009888523427,0,3
11.28541847775208,0.0738025223028827,10,2,0.18001219986282999,1,4
1.2040202935813118,0.2748361296903334,18,2,0.2748361296903334,1,5
3.3763623273671026,0.08538173432747692,6,4,0.08538173432747692,1,1
1.0855335951282379,0.13021906872590708,14,6,0.13021906872590708,0,2
7.357394917743247,0.038263173802172146,21,6,0.038263173802172146,0,0
4.598796249044375,0.26929986088604324,19,2,0.26929986088604324,0,2
6.05246519650274,0.1267104460095203,8,5,0.15713255359122186,0,2
1.3125712415722366,0.4813568533350859,19,4,0.5679526608705038,0,2
1.4276083862021676,0.3811700533385798,11,4,0.3811700533385798,0,0
0.2542975572799584,0.2860296263632714,20,1,0.3946672757174704,0,3
2.332245632617921,0.14050290053124226,16,6,0.14050290053124226,0,1
4.922402431420881,0.37610406106326055,16,0,0.49910898236382184,0,1
11.708819845563841,0.43814017786972737,14,3,0.43814017786972737,0,1
6.596369623401934,0.32853768244032605,21,5,0.35620150600760836,1,2
3.429787507900209,0.6207403710933861,22,1,0.6207403710933861,0,1
18.36099944318609,0.39192746361496317,6,3,0.5482012182639957,0,0
7.6216415429958495,0.48272144351360685,17,0,0.48272144351360685,1,3
15.969737202673654,0.3267130831071956,11,1,0.42960304414600453,1,0
4.499422417215932,0.43513289065139527,6,2,0.43513289065139527,1,0
1.7977528692878058,0.14064375346616492,10,3,0.14064375346616492,0,0
0.32563913519118565,0.20832032735744122,10,1,0.3777439336267958,0,2
7.769621385013405,0.3698727106964759,14,0,0.43310432181404757,0,1
0.7758908901053116,0.3684198963114763,14,0,0.39537093970734083,0,4
2.1638837534254614,0.4015223645886495,10,6,0.421657657219491,1,1
4.561762218385163,0.5200785784557458,14,5,0.6313006385527844,0,6
4.986413813705135,0.015005765636917578,13,3,0.05175122350065569,0,1
5.506498729483498,0.10510949047794077,21,5,0.10842894801620041,0,1
1.0909684499746173,0.34591452821485064,10,2,0.39213682941785427,0,1
2.865674100004574,0.15512727363930784,17,3,0.15512727363930784,0,1
5.761365233042218,0.9755536482578724,7,2,0.9755536482578724,0,2
21.00322923917078,0.4031439238340272,7,1,0.4031439238340272,1,3
7.803588119859178,0.2843338302139685,19,0,0.2843338302139685,0,0
15.352902244981355,0.19690614538322815,16,2,0.2429638081023196,0,3
8.618256022850108,0.2039675433613911,15,4,0.2039675433613911,1,1
5.374767848304412,0.3060281322630355,8,4,0.3060281322630355,0,1
1.2793328584664563,0.3223963865242515,10,5,0.3223963865242515,0,1
6.59201547580611,0.2086601710612974,9,4,0.23772080384716618,1,2
5.859104429782152,0.24536955069601962,14,0,0.24536955069601962,1,3
5.534896735783147,0.5688569150469193,13,6,0.5978250070342175,0,2
4.037548648160373,0.5769009925302069,19,2,0.5769009925302069,0,1
4.513010232212174,0.3504067959869754,21,5,0.5062385142180023,0,1
2.4427817065330935,0.03174805455265245,21,2,0.05882765147129524,0,2
4.395229853574391,0.4077006313278087,7,4,0.4077006313278087,1,1
1.3205585448090034,0.6108564883222052,16,5,0.6108564883222052,0,0
9.813902796130257,0.5739562203924757,8,6,0.5982083813752013,1,4
1.2331256345233346,0.44688517056193344,18,0,0.44688517056193344,0,2
0.5327662364063779,0.5844845910571643,15,0,0.6147970664850704,0,1
3.4388240375980916,0.31067685449580434,6,2,0.394758647816129,0,3
6.443063352827323,0.425620593966741,14,4,0.425620593966741,1,1
3.4544981145804408,0.16384488673496395,19,6,0.23730842299567156,0,0
1.9440362890528595,0.35845309123114244,7,6,0.44840698223046443,0,2
4.90099659475113,0.5659068487941049,14,4,0.610700096709888,0,2
2.5570903568839407,0.1821153177026218,17,1,0.31460618554204567,0,4
16.20653899599124,0.1277113141071427,10,0,0.1277113141071427,1,0
15.356111205154242,0.31949778780473936,11,6,0.31949778780473936,1,0
4.1874126436309,0.25466755925520007,12,6,0.25466755925520007,0,2
2.3839459524507434,0.42982954421408404,13,6,0.43606850338928593,0,2
8.016629092264974,0.20934809481059152,16,0,0.2534793200698662,1,2
0.22442295549214364,0.6436879231205428,19,2,0.7068255994549243,0,2
3.863502748012691,0.04206478040778883,10,6,0.04206478040778883,1,2
2.4597617262705045,0.550746957243947,8,6,0.5821752693505996,0,2
15.19469846498696,0.14703015433837935,13,0,0.1798700910752613,1,0
0.0724538716808405,0.0,21,3,0.0436216209664681,0,2
4.828695730939192,0.34757503126977346,12,5,0.3988547430047997,0,3
8.097774872051804,0.24907840279722326,7,6,0.3395478446284074,1,0
3.9817398369571135,0.07807812641939382,6,2,0.07807812641939382,0,2
0.5356306851916123,0.0,13,2,0.0,1,2
21.552997560055537,0.29832784254570865,14,4,0.34705390441662165,1,2
4.378996842149096,0.49516737832476354,22,1,0.49516737832476354,1,2
5.714403145156901,0.4169906986172889,15,1,0.4169906986172889,0,0
1.619915720447756,0.3113413297678531,10,2,0.4136595837336058,0,1
3.964057697930831,0.39576951464354704,6,3,0.5474411718416937,0,1
3.363767465316969,0.29455717352442856,16,1,0.35868272536334067,0,6
0.46709366740729363,0.014055151393925769,16,2,0.05347546577655776,0,4
0.6733733176853288,0.01582120295531131,20,1,0.11013841163020165,0,1
10.90144908882915,0.25936629420306423,12,0,0.3010726601975261,1,4
1.6451998126079275,0.2678693427267851,7,1,0.33262468481211827,1,2
1.301166997556294,0.470196535701353,12,4,0.6586562684957903,1,2
4.218111876290096,0.4514608447549494,7,4,0.4567051416676145,0,4
8.785460986486079,0.42102660315178986,15,0,0.42102660315178986,0,0
0.3836898909658587,0.24394345738456386,13,0,0.37624732790560844,0,2
5.159574673884801,0.023869565977972074,21,0,0.023869565977972074,0,3
0.761619298379872,0.3824142274132048,9,1,0.4306281852449657,0,0
0.22285420361850816,0.4050338626524337,20,4,0.4829676719426057,0,0
0.32511506686175773,0.0,6,5,0.0,0,1
10.780539499690871,0.13313236268346745,14,6,0.13313236268346745,0,2
0.7531921545682405,0.1617891245212208,14,1,0.1617891245212208,0,0
0.27721468698086743,0.32367004022468726,7,6,0.32367004022468726,0,1
3.4564518491791807,0.13932791344686118,17,2,0.22371770335482527,0,3
11.147144556495956,0.2923730862350719,9,3,0.2923730862350719,0,5
1.8261897792958854,0.2578930119294016,20,1,0.2578930119294016,0,4
3.2861059941673223,0.2681701056924544,16,0,0.2948848783177488,1,5
0.24444781517909328,0.15672114125985076,20,2,0.15672114125985076,1,1
3.5769778432508312,0.17220298918666446,22,3,0.20812170384781192,0,3
5.171001086922255,0.08394658804386143,12,0,0.14043571285170084,0,1
5.076490353603896,0.3760134881147664,20,0,0.44104769837729035,0,0
2.4246364216807006,0.41422052571827367,21,1,0.5241362098378738,1,0
2.2746906584132516,0.1458764099749322,10,6,0.38051870051175657,0,1
0.6764838452927844,0.6041280192034089,17,1,0.6955426605740872,0,3
2.741797792855742,0.2370797105115902,16,0,0.2370797105115902,0,2
0.6287951651889524,0.6060371247593122,20,1,0.6516978693465532,0,1
8.729905106636217,0.1715745652336793,18,5,0.1715745652336793,0,0
20.336970325317548,0.0,7,0,0.11046033843929276,1,1
21.054257227211426,0.3804395649824702,14,3,0.4092068309980136,1,0
12.018043807912964,0.3497090210237974,19,2,0.5100791852239854,0,3
5.509638412531698,0.3068787590615166,16,2,0.3068787590615166,1,1
7.2411758000525825,0.17155350431120212,6,2,0.17155350431120212,1,1
2.014563681825004,0.29308555490283617,7,6,0.29308555490283617,0,2
5.978019965122364,0.19774810842609453,16,4,0.19774810842609453,1,0
3.648972173713804,0.23953008673364987,9,3,0.29549597691958573,0,0
3.9468810705346757,0.468326451153015,7,2,0.493852632878615,0,6
8.5073680474424,0.33684344590601867,7,6,0.3710506555684523,0,2
1.9870320331869955,0.42199027746639545,7,2,0.42199027746639545,0,0
2.2967022269339936,0.253626298674842,19,1,0.253626298674842,0,2
15.513014499762077,0.23159653083904497,6,1,0.23159653083904497,0,1
0.34720044927496,0.06930349382227124,12,1,0.08127220795271281,1,0
3.9889247089438227,0.2259926774863606,7,0,0.38680451134838434,0,0
14.63736076259142,0.0,16,0,0.0,0,3
5.6552385755346,0.181955606738873,16,0,0.181955606738873,1,2
4.743330734375806,0.2836251645618322,18,4,0.2836251645618322,0,2
1.7240462175022668,0.41273473085403123,18,5,0.4231860155295115,0,5
2.522943972471561,0.24626442449500863,7,2,0.31829342500392127,0,1
11.465221155320723,0.3695347084489999,22,4,0.3695347084489999,0,0
4.9152309345926595,0.0,7,3,0.015774016434379822,1,1
4.338449820047179,0.28863262955861,14,2,0.28863262955861,0,1
0.6293618382350592,0.0,9,5,0.0,1,2
0.09694797973765057,0.05833929686813344,12,1,0.05833929686813344,0,2
19.89317757468477,0.2625668904272278,16,0,0.3480752211080816,1,4
2.8391193422956085,0.5552527975747109,19,6,0.5552527975747109,0,2
5.546134936264735,0.37424135269401176,14,0,0.37424135269401176,0,1
0.4984317229790668,0.30364619942742344,15,4,0.30364619942742344,0,1
6.895284557366735,0.29609392210657953,12,0,0.29609392210657953,0,5
16.179698681380945,0.15727422135910651,7,3,0.20228960560151543,1,2
5.143395825551496,0.19120331732546325,19,2,0.19120331732546325,0,5
0.8088411589825841,0.38547520909415944,17,4,0.38547520909415944,0,3
5.229647196330028,0.022927896311101092,6,1,0.022927896311101092,0,2
8.723514493542936,0.4186108100566042,15,6,0.518778470374048,0,0
3.129464673761283,0.22229858657622942,12,6,0.22229858657622942,0,0
12.713474093862379,0.46511141497391306,12,3,0.5774852488273295,0,3
6.27639717856855,0.49221869144641667,13,3,0.5565081125002923,0,1
13.7706140497763,0.0,16,6,0.0,1,1
5.86110803244198,0.18368384735455637,14,3,0.2558965667171262,0,1
0.84446155104554,0.12889446241187524,6,6,0.12889446241187524,0,0
2.223701914046968,0.0,6,1,0.04132665578163257,0,1
1.3523385447781324,0.09349334475811785,12,3,0.09349334475811785,0,4
14.369945815555813,0.788251169053068,22,6,0.8028207096734872,0,1
8.572708161440685,0.421901979242488,21,2,0.421901979242488,1,0
6.769452320156087,0.6834575937211509,12,6,0.6834575937211509,1,4
2.148338125580236,0.46581968800366713,19,2,0.5550136247259392,0,3
1.220374759391477,0.15163136779830488,10,4,0.3624809375779362,0,3
8.474624915695319,0.22364576066519137,7,4,0.35354839122680903,0,3
3.856526332040082,0.41768723604806146,16,3,0.5340399208194403,1,2
1.5354692754200052,0.38750124069460723,22,1,0.38750124069460723,0,0
5.752402646330623,0.18453159685833323,20,1,0.25127188945724604,0,1
0.24701890588756376,0.0,18,0,0.0,0,1
2.3686668152604344,0.9575522374777479,20,4,0.9575522374777479,0,0
3.7929559225409815,0.27177006553143884,19,4,0.4870296908638516,0,2
0.9607190983266407,0.234852221363476,18,3,0.234852221363476,0,5
25.061589283383206,0.32266689278106037,11,5,0.3708153231216919,1,0
1.4074824557756547,0.25145428213779425,14,1,0.29284363512703826,0,2
0.8380082779997123,0.3245457815410967,7,3,0.4082759628981559,0,0
1.3654316070229096,0.5573894572232838,16,2,0.6387077401063218,0,3
8.793613495189751,0.27509030406271523,14,2,0.3263210189265886,1,3
3.325590195117841,0.06745791213444768,13,6,0.10884369409870201,0,2
5.000195332005164,0.2676712411042778,9,1,0.2676712411042778,0,2
0.12739793941978367,0.20711964371801783,13,3,0.21342467250006933,0,3
0.21022820209160425,0.5847797874493703,7,6,0.669143936422641,0,2
3.5416544987636422,0.5342238129475141,11,4,0.5342238129475141,1,0
10.178321889333477,0.32150500008615973,19,3,0.359161863617593,0,1
12.98941510293934,0.04425282903614869,7,1,0.12979154849345742,1,2
0.5441883382257197,0.054821547312010804,13,2,0.054821547312010804,0,2
4.637859793158302,0.3030246523169107,12,0,0.45937535748358826,0,1
14.666944341837263,0.36726459386425614,10,1,0.4246661949234755,0,2
2.9458708710182897,0.225075436134789,16,2,0.225075436134789,0,1
10.616436989410545,0.20396608315855314,19,0,0.21347276698991702,0,1
0.8611139629311377,0.1814401533642706,6,5,0.1814401533642706,0,2
16.436733435427644,0.29532120795121075,6,1,0.29532120795121075,1,2
8.352023398103537,0.0,21,6,0.0,1,1
17.015409789856804,0.07973467424605801,14,2,0.2708906835801927,1,2
6.773511731511579,0.17458983091052988,6,1,0.17458983091052988,0,1
2.7097196442918623,0.5415006389903841,11,0,0.5415006389903841,0,1
16.70128385527127,0.13723727161421412,21,5,0.16997612553365488,1,2
1.9341941417276907,0.3360936283662413,20,1,0.3360936283662413,0,0
2.4223524321691343,0.3453085501861992,13,1,0.3453085501861992,0,2
7.240027009861002,0.5595833011321525,7,1,0.5595833011321525,1,1
8.69709976126054,0.55251548139283,6,2,0.55251548139283,1,1
15.90464689203483,0.2884994062410167,8,0,0.3415784845250345,1,2
1.3749879188496423,0.20490305176211143,10,0,0.20490305176211143,1,5
9.596867129944384,0.1672333794348619,13,3,0.3207463801809535,1,1
8.04898274042075,0.25178735550684384,20,1,0.25178735550684384,0,1
0.3955220124429406,0.21319332913528,16,3,0.3753922526148368,0,2
2.9385265460417087,0.41072548187164637,16,1,0.41072548187164637,1,1
1.9941142488158916,0.38406196349704086,12,6,0.38406196349704086,1,1
2.1786629982635137,0.41836023822900315,7,1,0.41836023822900315,1,3
24.42853244807183,0.5518567422872337,12,6,0.6053156280586904,1,3
6.176377199038805,0.6725738242800354,15,5,0.6725738242800354,0,0
7.588202941831662,0.3249326786815114,16,2,0.3249326786815114,1,1
22.534639633364783,0.5198927542791306,15,2,0.5549011528313519,1,1
2.8411962061972447,0.22966796323315697,21,0,0.2672982145358649,1,1
9.712088063317225,0.5370013967166032,18,0,0.594147824301771,0,4
3.420598432674673,0.5123018314351688,14,4,0.5359014743649927,0,4
12.219840642500447,0.5016831939885983,16,4,0.5016831939885983,0,3
1.1955188402953785,0.31881396823830477,9,3,0.31881396823830477,0,1
17.702967851750326,0.16632836720182223,14,4,0.16755221792090083,1,4
1.4813271905010665,0.021094312426904682,15,5,0.06561301162817643,1,1
2.3691142997500125,0.29199255849578015,7,6,0.29199255849578015,0,3
8.468251253409552,0.6066025084498365,17,5,0.6066025084498365,0,1
3.002827906194222,0.23803101972718538,12,2,0.42953100795520394,0,1
5.622196866429329,0.4570253170920109,13,3,0.5501375510058192,0,1
3.5281139628801714,0.4687902801037862,12,0,0.5569933779986299,1,2
8.137383526303726,0.24326275581456544,16,3,0.24326275581456544,1,2
1.5551994265140316,0.5632689675039039,7,2,0.582204359600435,0,1
0.3614178519535831,0.0,7,6,0.0016327964150560184,1,0
2.1394445296324416,0.05544994425236499,16,6,0.10363138761661875,0,5
3.8582463229629367,0.11687354072830802,7,4,0.11687354072830802,0,2
1.103681637866941,0.136056995426522,12,0,0.136056995426522,0,2
2.629144391756135,0.3672525902371791,14,3,0.3672525902371791,0,3
3.064783927934737,0.3580075606107804,10,2,0.4327476956147789,0,4
0.35462766921832145,0.37879811443500155,9,5,0.45156879821054063,1,1
5.252436809733371,0.4192162988264974,10,4,0.4192162988264974,1,2
12.94278039023355,0.1099790861708701,9,0,0.1099790861708701,0,1
0.9874291226948173,0.056364786638536196,8,0,0.12970973141273912,0,4
5.464954354585693,0.3792639364015726,10,0,0.4502471437619212,0,2
6.557079343331832,0.17395358527071217,7,6,0.3364037409713043,0,0
3.2614843808156073,0.0,14,0,0.0,0,2
7.245828828056587,0.4942688569082963,14,3,0.4942688569082963,1,4
3.17324049372991,0.5790203813004595,12,6,0.591517759735607,0,1
4.214790199104372,0.6114321779397318,19,2,0.6680181767925712,0,3
0.04428126864808209,0.33740154429494407,7,0,0.43412494659877265,0,1
7.060483129818067,0.4251864191945805,7,2,0.4251864191945805,1,2
6.496599211210817,0.5739736446723822,22,1,0.5959381297984069,0,0
0.23494576537570416,0.17171684199531315,16,1,0.17171684199531315,1,3
2.7555702162606077,0.5221355368108184,14,6,0.5221355368108184,0,1
23.18850132042314,0.3550792468286417,6,0,0.3550792468286417,1,1
3.275987507737115,0.4827423304685182,12,1,0.4827423304685182,0,2
4.182273478301447,0.33721860417518706,15,3,0.3932274621614169,0,2
14.4430193349149,0.5592513419496004,16,0,0.5592513419496004,1,2
7.579404996969327,0.34470475250830734,12,1,0.40235544842181387,1,0
5.234649830056794,0.003204188106516459,8,6,0.06141686577259917,1,4
9.591126748180669,0.5903853264629444,16,4,0.5903853264629444,1,4
11.986782971796009,0.11049385180557758,14,4,0.3008917858886958,0,2
3.6626391053558898,0.5506116420487829,17,4,0.575985923176334,0,0
3.8673806825390176,0.2819514237119356,19,4,0.306018600205115,1,1
2.9270598681828273,0.5352021970395413,10,2,0.5352021970395413,0,4
20.41429370361292,0.526953722973353,16,4,0.526953722973353,1,4
7.167427908527891,0.3860285948630743,7,2,0.3860285948630743,0,1
0.521346556888113,0.4017070635254262,19,1,0.4017070635254262,0,0
11.92487805739554,0.3845257234385132,17,1,0.4505073310814256,1,0
3.930023141297065,0.0,11,6,0.0,0,0
0.4273902246795598,0.3236660437796404,10,4,0.3537904584603365,0,3
4.787277430019978,0.07678716478562098,16,0,0.07678716478562098,0,4
3.2390994867554594,0.3342374287491326,16,5,0.4706815888161622,0,2
12.610093694637706,0.0714114907233569,12,3,0.14292632417536266,1,3
1.3688958826532533,0.06300961175478498,16,3,0.06300961175478498,1,3
10.508242323144865,0.6209869003507804,20,5,0.6209869003507804,0,0
4.8944479574125435,0.5138894776248379,17,5,0.5972079188264612,0,2
0.3369483536445835,0.2991714830111691,16,1,0.2991714830111691,0,2
21.420246136271786,0.3369537300498048,10,0,0.3369537300498048,1,3
4.3122084879065685,0.25041679485139823,16,1,0.25041679485139823,0,3
2.0623564689305245,0.4139752751959046,16,4,0.5603137318245595,0,2
3.8025583930645586,0.164789126690239,14,0,0.164789126690239,0,3
11.705563188283373,0.49874805257359145,8,0,0.5668006486882087,0,6
2.1822243225427904,0.24938263179717782,7,1,0.24938263179717782,0,1
1.2841841724602374,0.2160306008337542,8,1,0.2160306008337542,0,0
0.8291706268650912,0.30434260369696853,16,1,0.3437752375668875,0,0
2.121729646906181,0.18177063401487786,8,4,0.18177063401487786,0,2
9.086078003856311,0.3657364698992966,9,3,0.3657364698992966,1,2
3.8277096231632957,0.19252748213732002,11,4,0.2765979898089428,1,2
1.5485967390290405,0.3937047205637672,19,1,0.3937047205637672,0,1
1.0904623398215112,0.5432013077822953,10,2,0.5432013077822953,0,1
2.4273583970977826,0.15613566263836526,10,2,0.22041725484516217,0,0
16.872906351346842,0.2738849085409657,10,2,0.2738849085409657,0,1
2.520671518538448,0.39226614260708437,9,1,0.400978401057181,0,2
26.599452706453892,0.21282852900371863,13,3,0.21282852900371863,1,3
3.9842157923614483,0.392864112165333,12,2,0.392864112165333,0,2
1.1845910780018996,0.41107977213034796,17,6,0.41107977213034796,0,2
13.30616081521061,0.5166523552588608,9,0,0.5613464797616584,0,2
3.701066726780689,0.17880199078301762,7,0,0.17880199078301762,0,2
7.420450196634315,0.11144495195390508,12,0,0.11144495195390508,1,4
24.703806300673932,0.23848452208725124,19,1,0.23848452208725124,1,1
0.3088673442515174,0.10644953209058,19,1,0.17436814852207855,1,0
0.6101671934811118,0.4128996408094994,16,0,0.5320819426947816,0,4
7.647589363259237,0.06764973996471774,21,2,0.06764973996471774,0,0
1.9862520697801287,0.7666032836505376,12,6,0.7666032836505376,0,3
1.2222621075320639,0.5591855723147501,9,0,0.6091597403651391,0,0
0.2409450409200007,0.30251515392006284,14,1,0.3151889154933461,0,2
0.13253331011237174,0.4734788985995952,6,2,0.4734788985995952,0,0
8.93622766691537,0.0,9,3,0.02410477470512489,0,2
0.866225935240226,0.8046746662799116,6,6,0.8046746662799116,0,1
3.78352061723223,0.1819570775599021,12,2,0.2537972285684448,0,5
5.586855081384638,0.2759005172201281,10,3,0.4509517495788734,0,4
3.3553890766443706,0.0,15,4,0.0,0,3
0.16488488796183134,0.39725746094817893,8,4,0.44009077936495455,0,2
9.181030031541198,0.07873116858457821,14,2,0.07873116858457821,0,3
0.06341327340987252,0.32033115231320586,8,6,0.32033115231320586,0,0
8.61013250174566,0.19114511341509235,18,3,0.21314978485508904,0,3
13.426657425982235,0.08445121301393127,16,6,0.08445121301393127,1,2
3.4026821335385637,0.13912769964747657,12,5,0.13912769964747657,0,1
4.601310979350099,0.3451576068171042,8,5,0.389953842518679,1,4
3.888852368065322,0.043701805426235085,12,4,0.043701805426235085,0,3
2.957998896736031,0.15023766579528458,21,6,0.19462657399603267,1,0
13.104788913079819,0.43265467625289555,10,2,0.4451323353218861,0,3
13.462134742102545,0.8204959749748626,9,4,0.8953659926390124,1,0
2.455179650798236,0.39551776391060095,8,1,0.39551776391060095,0,0
5.7281588422095195,0.11654767156454249,12,1,0.11654767156454249,0,2
15.696182201432888,0.2265771659855378,10,0,0.2265771659855378,1,2
19.630258507470174,0.30631780123051566,12,2,0.30631780123051566,1,2
4.2673664036274275,0.2301150098728585,22,6,0.27451914320702214,0,1
3.6179174699744845,0.4806116333473866,22,0,0.4806116333473866,0,1
1.9601535551291556,0.34349469660284493,19,3,0.448837090910936,0,4
19.14637824565645,0.481570476981974,10,6,0.481570476981974,0,1
0.9246042177668076,0.23711124194047412,20,5,0.23711124194047412,0,0
5.202569272156196,0.5651000439442513,16,0,0.5651000439442513,0,1
1.9923143583723144,0.26670288314369084,17,6,0.32373856458274075,0,0
1.962765840991393,0.10576202617240166,16,4,0.22804173966975094,0,2
3.11484648302607,0.7354640762084443,13,6,0.7665392947259742,0,2
40.0,0.0,14,3,0.15496732437029911,1,8
0.3392081879174012,0.15225225493901448,18,2,0.15225225493901448,0,1
5.184208315691462,0.17459442963392108,7,1,0.17459442963392108,0,0
0.5170880910370438,0.8016612546113127,16,4,0.8016612546113127,0,2
1.0071104834738578,0.6613717768293024,20,2,0.6613717768293024,0,1
3.474230031207157,0.5987856287284395,20,3,0.6918231092023379,0,2
4.2857362357154996,0.2338682675247336,16,1,0.2338682675247336,0,1
1.7968472535945241,0.785235600768355,22,5,0.785235600768355,0,1
2.282795428660685,0.37367040076819424,12,1,0.37367040076819424,1,3
0.5458996598842755,0.49545267406062443,17,1,0.5635254763378602,1,4
2.1677114776531172,0.33593907622124136,22,1,0.33593907622124136,0,1
20.387734935675052,0.2901066857353497,16,1,0.2901066857353497,1,2
17.370695180971943,0.24964426521472413,14,5,0.25213687778384486,0,1
2.446711396334589,0.25807200131616753,6,0,0.30894624148310684,1,1
5.075747658767134,0.4216983297356158,13,2,0.4216983297356158,0,1
14.420760177585574,0.3734399597550776,6,4,0.3734399597550776,1,0
0.03721812997163798,0.2937057259592632,14,2,0.299557690461739,0,1
9.986012597201142,0.601904798539771,12,6,0.601904798539771,0,2
17.781862309695807,0.0,19,3,0.06504958366854968,0,0
0.574611555758051,0.401977449584239,11,2,0.4394691075644998,0,3
1.0564698583331757,0.44354774133179586,7,0,0.5449709049731994,0,0
19.426257853690963,0.5293925736510339,8,1,0.5293925736510339,0,0
4.627173137141689,0.2870257117893278,11,6,0.2870257117893278,0,1
0.0857902242570548,0.3415840134767915,11,6,0.3415840134767915,0,1
1.7874612013309545,0.4971896766629442,13,2,0.4971896766629442,1,0
3.5864075734737257,0.598233280856036,7,1,0.598233280856036,1,3
7.083665211863828,0.23989280296424637,17,2,0.2922235720852605,0,4
7.9266448094022905,0.353395156625512,20,1,0.353395156625512,0,1
32.3183200109823,0.6357147928697515,22,1,0.6357147928697515,1,1
2.03394651237728,0.0,10,4,0.0,0,4
4.636001474345319,0.16199748003708295,8,5,0.16199748003708295,1,4
4.572714500366793,0.5931671957205926,7,1,0.659422014390297,0,1
3.121673589350616,0.5185075667216607,14,4,0.673136928594422,0,2
1.1119219272467338,0.4044890421853389,10,0,0.4937958938721321,0,2
22.753867834068416,0.21028062537817593,8,2,0.21331566513096065,1,3
11.516896535327152,0.1236363002029161,19,3,0.1236363002029161,0,1
4.138912694496606,0.18175687615152525,6,1,0.30260461950315315,0,1
5.546624295683336,0.6096016441637385,11,4,0.6096016441637385,0,1
1.546884013548766,0.17431146216893073,14,3,0.17431146216893073,0,2
4.708773765360611,0.32028459284793154,19,5,0.32028459284793154,1,3
7.1240734978626215,0.14925847102765077,14,0,0.26616500791666675,1,5
4.343705014715537,0.46855480601980537,15,4,0.6074825713729132,1,2
27.804610531382025,0.19225474393071174,19,3,0.19225474393071174,1,1
5.670327689913243,0.2804812219691171,13,2,0.2804812219691171,1,0
2.781493384642107,0.0,16,4,0.0,0,2
8.874459961309839,0.0,13,2,0.055820502705844266,0,2
1.1213218582707112,0.30153463866430125,17,2,0.30153463866430125,0,1
2.9120761568582,0.03496856896044759,7,4,0.03496856896044759,0,2
2.5566917313226183,0.7210173278669005,16,1,0.7830098160072639,0,2
3.3917657797807013,0.0,21,3,0.024815661488916316,0,0
9.13350451841056,0.13996494026717915,14,1,0.13996494026717915,0,0
3.9719034203249377,0.30334017345351005,15,5,0.30783340654267766,1,1
9.479695557450693,0.22697341244084307,16,2,0.25247815272214835,0,4
5.155053374963508,0.07917090866721616,14,0,0.1597339338636824,1,4
2.5119352621231448,0.10841443210094637,13,0,0.19179828664004522,0,2
9.963716026374517,0.10186918450015228,12,2,0.10186918450015228,1,1
1.6331336439104818,0.2426556610359874,9,3,0.2426556610359874,0,2
1.5245784677706236,0.6903858179034847,11,3,0.6903858179034847,0,1
4.213162958700984,0.31558745931164195,10,4,0.3561992318910765,0,2
1.8135202889617426,0.5365800978775048,12,1,0.5365800978775048,0,2
0.05477144333193934,0.40139526916562834,16,4,0.40139526916562834,0,3
6.269818252893108,0.5227724795964441,19,0,0.5227724795964441,0,0
4.2935080312034515,0.0,7,1,0.0,0,4
3.5383235990222297,0.2391083957703541,7,0,0.2391083957703541,0,0
20.461764419440968,0.5614270846301428,18,4,0.5973499334685047,0,3
5.080576596934755,0.18565283545013325,13,5,0.2302585228461121,1,1
11.945577169983173,0.6524946329739225,16,1,0.6524946329739225,1,3
0.9011030024868443,0.5967780307535523,7,2,0.5967780307535523,0,3
5.052758018604855,0.2061738567745075,19,2,0.3512519298007718,0,1
12.148794152146248,0.19936729619072863,12,4,0.19936729619072863,1,2
5.249536223574258,0.09727883152910624,14,2,0.21848180171605366,0,6
7.595390918124368,0.17408115362724044,21,2,0.17408115362724044,1,3
2.79170694250605,0.05348218716621694,12,4,0.06510041650986036,1,4
0.5820365146863116,0.3857622360866011,10,4,0.4277868556999415,0,1
3.6738320227826353,0.008790701330713302,8,0,0.008790701330713302,0,0
3.010000079810893,0.42074660323804436,17,3,0.42074660323804436,1,1
12.107152513552922,0.4256157393800497,14,1,0.4256157393800497,0,0
1.6782461340145716,0.0,16,3,0.0,0,4
20.419357587041787,0.6099637212656679,6,3,0.6246278433319613,1,0
19.04027788015463,0.40272185888304435,14,1,0.5172906574377246,1,4
1.707175431730699,0.4499396042889738,17,6,0.5614193834754865,0,3
2.5667424392730953,0.14826695969144552,15,1,0.33817172502725173,0,3
13.55461053228187,0.4244758236946237,19,5,0.4244758236946237,0,4
20.399189380187458,0.5252786899444131,21,4,0.5252786899444131,1,1
3.5158721123243444,0.2802783201990645,14,0,0.33681680997520635,0,3
2.3227788023314417,0.7003844918496722,16,6,0.8342670411389759,0,2
4.480477902913227,0.30881292698258755,20,0,0.412894908564799,1,0
6.9840758486775325,0.5281571600904948,16,3,0.5904473193490529,0,1
1.9168903077395556,0.358601761451731,7,5,0.358601761451731,0,2
8.001600672481292,0.41710430657137354,18,1,0.41710430657137354,0,3
0.31823642632308924,0.0,12,0,0.04892784801227854,1,2
0.3033055848734256,0.3742107476430726,13,2,0.41391961791705867,0,4
2.929374214837499,0.1530049797485468,10,3,0.1530049797485468,1,6
2.6168436921992404,0.13072033884446244,14,5,0.17513318381342108,0,1
2.2755676214326113,0.6488206368931957,6,2,0.6562875818299241,0,1
4.052076537881362,0.2572459503875302,14,5,0.33257629163874997,0,3
2.3204511638993064,0.09933963380490066,22,2,0.09933963380490066,0,1
1.2810748646579713,0.22817367437822506,12,5,0.22817367437822506,0,2
2.2217712438352994,0.039909954215617216,17,0,0.039909954215617216,0,1
22.11034607291332,0.586776893639254,10,0,0.586776893639254,1,3
3.1771300346246347,0.16086385116669696,13,5,0.16086385116669696,0,0
3.5296186795703806,0.40585998678873386,16,6,0.40585998678873386,0,1
5.155848025104503,0.571221342842065,10,2,0.571221342842065,0,0
24.568744599660413,0.1999694637570541,21,3,0.1999694637570541,1,0
1.6592760666406492,0.4064044864545572,15,4,0.4064044864545572,0,2
6.86069355905574,0.093982789019114,10,2,0.11215146125606498,0,2
7.552362877760535,0.7891539138227368,12,0,0.7891539138227368,1,0
5.608628976232817,0.48727602692332445,7,4,0.5062321434786178,0,1
0.5564978064047841,0.2614787122478388,14,0,0.2614787122478388,0,1
6.778245618283727,0.14543325382220723,17,1,0.32403089325050904,1,4
0.39744596777253777,0.2772006894320747,14,4,0.2772006894320747,0,1
5.440161337909609,0.23200325552969614,14,6,0.23772396821460004,0,2
8.072784522992412,0.6905889107999014,13,5,0.6905889107999014,0,5
1.4217047845167747,0.05489305555701954,18,6,0.09490938726234366,0,3
11.056624474570764,0.32696028465804067,13,0,0.32696028465804067,0,0
0.18494413196159643,0.296332386673258,10,1,0.296332386673258,0,3
11.14020239240504,0.2765179399310261,7,5,0.32121851559277126,1,0
3.7007740691819633,0.2782766690123315,11,1,0.2782766690123315,1,1
1.4722424770951865,0.2767858379759033,16,1,0.2767858379759033,0,2
0.8616853177162965,0.4746132132664199,6,6,0.5715971692329571,0,0
18.384987645048106,0.421796889298487,20,3,0.4367887881324507,1,0
0.45264618914353855,0.3837823222745573,15,5,0.3837823222745573,0,1
1.3320658070938456,0.0,14,3,0.013599539491117871,0,0
2.5646296854442943,0.3599589748326327,6,3,0.3599589748326327,1,1
5.809213445393384,0.0,11,1,0.06385140455009725,0,0
4.722124682082382,0.42926403262716506,7,0,0.42926403262716506,1,3
0.8056024984690788,0.5948994735141029,12,1,0.5948994735141029,0,3
2.052643564941624,0.1147521774822898,18,2,0.1147521774822898,0,2
1.636774719063132,0.24764385553145862,21,3,0.359615174267191,0,1
1.4413022733559953,0.1801288589894006,10,4,0.1801288589894006,1,6
3.177445072845299,0.5470863551513602,14,4,0.6213688728339665,1,0
7.305012534357215,0.3190055770544146,9,1,0.3190055770544146,1,1
1.4712072471341675,0.6456658761132668,14,4,0.6456658761132668,0,1
2.740666118539189,0.3827508405894775,14,2,0.5065276975500714,0,1
2.974808594122362,0.3484900361271639,11,5,0.3484900361271639,0,2
22.493440532200538,0.31364135652056724,22,2,0.31364135652056724,1,1
18.56223509032555,0.4635984198514673,12,2,0.5792264093130157,1,3
9.660756377494316,0.0,8,3,0.060348342775799674,1,1
1.6597321320779423,0.31706879110410197,16,1,0.3827884260275803,0,2
0.42277501006245494,0.285990711254407,19,0,0.285990711254407,0,3
2.2867204471915734,0.4450837654315532,19,0,0.4450837654315532,0,6
1.8619759746141735,0.2624596788251926,11,0,0.31754044370062584,0,0
4.230417425643717,0.09225311316746596,6,4,0.09225311316746596,1,0
9.023118103537861,0.3014701349839398,6,4,0.3014701349839398,1,0
11.725230172785858,0.0834318942263313,7,4,0.0834318942263313,1,1
11.180722067808132,0.0,10,6,0.0,0,2
2.6746817729274017,0.44542449629709857,20,0,0.44542449629709857,0,0
6.973806420066045,0.41581231453893414,12,4,0.4279711983878446,0,1
2.2510780387125693,0.39341818879871493,13,4,0.43565377488495616,0,3
0.37703527139535786,0.5605856843891622,21,0,0.6524148117447801,0,2
7.255224091750933,0.16699362193921494,16,3,0.16699362193921494,1,4
0.059256970195521036,0.01377717144574897,13,5,0.08104363532382862,0,0
3.1574895356408943,0.28599404463839107,16,4,0.28599404463839107,0,3
2.397309190629072,0.2304999400588179,22,0,0.33401059737624766,0,0
7.092828332048829,0.13154085664598625,17,4,0.13154085664598625,0,4
8.720902458785153,0.2840301693024408,15,0,0.44099138144287947,0,1
2.175249594694507,0.17767897075908304,13,2,0.17767897075908304,0,0
10.01598789536481,0.0,17,1,0.019331609861268653,1,5
2.088132872828326,0.21176466184124793,14,2,0.21176466184124793,1,2
3.5470791796175867,0.07272496665922851,7,2,0.07272496665922851,1,5
7.790108103724291,0.34632961432218456,9,3,0.396214764236287,0,3
7.083886352932489,0.168793048351869,16,0,0.168793048351869,0,6
26.22935635718394,0.5223262948282104,21,3,0.683952152317343,1,2
1.5306002663908531,0.6207732134535732,7,0,0.6207732134535732,0,1
6.513902392304439,0.4358762746023812,21,0,0.5189692867705672,1,0
5.644759514938983,0.0,12,5,0.0,0,1
14.797577891663703,0.601039199775808,21,0,0.601039199775808,0,1
1.020191725468071,0.615144090074753,8,4,0.615144090074753,0,3
8.361078043886865,0.3037581022615881,6,3,0.3778631307672061,0,3
5.039710086314091,0.5645852320671064,21,3,0.5790438202221333,0,0
1.9267371662221136,0.18966497239066438,7,1,0.18966497239066438,0,0
3.8596874474326364,0.0,13,0,0.021901308133242203,0,1
2.4367813491238373,0.14794311227568124,9,4,0.2747402449561296,0,1
5.195202883182436,0.6458601732089513,10,6,0.7518305724263828,0,2
13.189383483118625,0.0017840152777052753,10,4,0.0017840152777052753,1,2
5.054130358835113,0.2999042563862989,7,0,0.30238414665001745,1,2
5.993509962764396,0.3068287786680424,9,1,0.32327401165768066,0,4
4.388183519173637,0.19740515120643765,7,5,0.19740515120643765,0,0
0.31512537883635244,0.21129568003257698,9,6,0.21129568003257698,0,2
1.5905045025835327,0.31444982684724054,14,0,0.31444982684724054,0,2
4.0636634148198825,0.18756753161305453,19,5,0.18756753161305453,0,1
2.2284283828548896,0.015588300566413749,17,3,0.015588300566413749,0,1
1.2036239030399498,0.3430063885886912,20,0,0.3430063885886912,0,1
4.208683287465494,0.5146733164889945,9,5,0.5841023826231672,0,3
2.3388185430300146,0.4739145037306842,12,0,0.4739145037306842,0,3
1.7913067080057121,0.13805290652203767,6,2,0.3014160117260698,1,2
3.7415634720808355,0.049754416924464806,7,5,0.17802156438567268,0,1
0.8582653197241459,0.24316242356904427,17,4,0.24316242356904427,1,0
15.765383375721647,0.6135583019591329,19,1,0.6135583019591329,1,0
12.136194391651394,0.4291196157919091,15,0,0.5553786747528715,0,3
7.378217737525844,0.44079293535884667,6,6,0.44079293535884667,1,1
0.6737322789876817,0.4779713903570989,15,0,0.5018404724089237,0,0
8.973368436546023,0.38415331250371726,9,1,0.4772556351117443,0,1
9.900226093295455,0.32412170952271574,7,3,0.32412170952271574,1,6
8.760023057013267,0.4324613793295936,10,5,0.4324613793295936,0,0
0.725998961972947,0.19076677915639606,7,3,0.19076677915639606,0,1
6.195396203911855,0.017107397726735807,9,4,0.017107397726735807,1,4
10.786356049017634,0.44459938692486467,12,4,0.5958221887349335,1,0
5.167313478039556,0.547547621149845,17,1,0.5855421618602887,0,3
6.237658835890025,0.07635361212879371,9,5,0.1459153284227763,1,1
3.67896077256394,0.46438429648318,21,2,0.5040808769686409,0,2
4.513655858613842,0.636153142677638,9,4,0.6482864102360977,0,1
0.2098898604271178,0.2995507596485758,16,6,0.2995507596485758,0,3
6.112649362128651,0.13639956305165074,12,6,0.311561017751369,1,3
0.5097354299005421,0.3246037347053511,21,2,0.3246037347053511,0,1
3.4257322731598503,0.18989320635985973,14,0,0.18989320635985973,1,1
2.0774213568882134,0.17665397800871965,12,4,0.17665397800871965,0,2
4.73039311524993,0.3866368134543085,9,4,0.42586912959047196,1,2
0.8591797199077654,0.0,9,4,0.016780065279188235,1,1
7.058990279548512,0.011214215501554547,21,1,0.011214215501554547,0,3
9.508809474763401,0.30385817607478854,19,2,0.30385817607478854,0,1
1.0701286474785592,0.29553829221751376,12,6,0.29553829221751376,1,2
0.6609861295165517,0.36871091540798717,7,4,0.3917862851122258,0,1
0.9435413742590875,0.6750450776966777,17,4,0.6750450776966777,0,1
12.5796513021835,0.32090280721516423,21,1,0.4874075350133137,1,2
4.507064112643444,0.4196344300669589,22,3,0.4196344300669589,0,1
3.77834188983351,0.1048934128770736,11,1,0.1048934128770736,0,0
0.6770762351640957,0.45358753270330743,10,1,0.523979457641975,0,6
6.291326257848845,0.19472182697786444,7,1,0.24794370804952082,0,2
12.149701588180086,0.3142841665162186,17,1,0.42782020621676586,0,1
10.568052132466761,0.27823027498616765,14,1,0.3736597874767015,1,4
5.901874637789996,0.5065948469828062,11,6,0.5065948469828062,0,1
0.4695774130403651,0.0380046891250001,16,3,0.15247151824642868,1,3
0.7153844318751637,0.0,10,5,0.0,0,2
0.3033970608717569,0.2573134605824151,6,4,0.2573134605824151,0,0
1.78622650464658,0.39370625138102483,14,2,0.39370625138102483,0,4
0.8747445990205558,0.3304538751615,22,3,0.36848061189120757,0,0
1.8070200849078826,0.5464408474827822,18,4,0.5679514353541334,0,3
2.9173644910473815,0.38747453483593364,6,0,0.4324502982265849,0,1
17.1864121374654,0.187230333628028,19,1,0.187230333628028,1,2
5.655439565416067,0.0,8,0,0.06053741123561299,1,0
10.809905658312502,0.25253755316095633,15,2,0.39050718667683015,1,0
7.4345229754567015,0.5055918004515596,9,1,0.5055918004515596,0,4
0.7161017099564315,0.22159044346657708,12,5,0.31103399000624155,0,2
7.989028381603994,0.3056640527355528,21,3,0.34403684821344005,0,1
1.9303201307196785,0.3842720508613417,16,5,0.4518295604094804,0,0
6.11505666252099,0.09694152515003679,7,1,0.09694152515003679,1,5
2.5018442581378646,0.42464717932776347,19,0,0.43840658411992905,0,1
36.37715305020888,0.6274243580003411,12,0,0.6311646665391191,1,6
1.8354956580368373,0.2654373296213187,10,5,0.2654373296213187,1,0
1.9637826969007222,0.07418711563353961,6,0,0.09751102255842563,1,3
16.013460601626402,0.2866797945956052,15,5,0.34022114817937416,1,0
0.14971896769478993,0.0,12,6,0.1410096302365083,0,0
7.157979343452704,0.36738065279532317,9,1,0.46929656402608316,1,3
7.753030569679041,0.39045487552971575,17,0,0.4823299601998031,0,2
10.861199510770915,0.6351272587691125,20,6,0.7684077659539409,1,2
22.000198077064827,0.261201041486675,13,5,0.28128980185595165,0,3
22.279504822425178,0.38169706762929406,18,4,0.38169706762929406,0,4
0.40502874543968226,0.12774237952281975,11,0,0.14638379744358734,1,1
10.350416728189272,0.22871457589498423,7,3,0.27319467160600835,1,2
6.236005608869798,0.0,22,1,0.08285549001209377,0,0
6.25354146739617,0.26104207574335286,12,1,0.31536449174570197,0,0
0.8242033656099832,0.23893816929628703,19,2,0.23893816929628703,0,2
6.3021421728466684,0.3598399532177792,10,4,0.4802357927765474,0,1
24.267356993487454,0.17528062393347213,11,6,0.20563725800079447,1,0
14.570153262791006,0.3166690701950184,20,0,0.3166690701950184,0,0
3.469603845281981,0.23332398887846684,11,2,0.23332398887846684,0,0
0.24460680897043152,0.23370012234009713,16,5,0.2797692535565288,0,5
2.6992627029079173,0.316072465192606,16,6,0.316072465192606,0,4
10.505674017363454,0.308104588463402,16,1,0.308104588463402,1,2
7.253894015922377,0.4522348078103277,11,4,0.4978250003741964,0,0
3.689828549307325,0.27587139317403303,9,4,0.32361782870210287,0,1
0.3400668112409991,0.23002293017539935,19,3,0.23002293017539935,0,1
3.340115148394722,0.26383851098255473,6,4,0.26383851098255473,0,2
3.798241357781069,0.15706717663180148,8,3,0.15706717663180148,1,4
15.833008889348395,0.22801778128666567,15,1,0.30978345596613194,1,2
6.1480365726479675,0.7062317426146463,12,0,0.7062317426146463,0,1
2.240772519901459,0.11746424786082657,19,5,0.1950234826642808,0,0
4.4706643796446155,0.2442687332241381,18,4,0.2442687332241381,0,1
0.4100283515419145,0.2225022673460619,7,4,0.2225022673460619,0,2
21.576321925087676,0.2505656775511201,11,0,0.35915654248515044,0,3
2.6782842226537777,0.23375213822432098,10,0,0.3776907847057256,1,3
3.899001684108031,0.3558480202441999,9,4,0.4723021169080629,0,2
2.633671975610883,0.0,16,3,0.07054216971973969,1,0
6.8838864394785455,0.5074342945064009,10,1,0.5179109779079789,1,1
6.512378870748593,0.42651655992843945,12,2,0.4828252819093205,1,2
7.5383859169004435,0.05142568278737303,10,1,0.10375087158161508,0,1
1.8730227182113224,0.0,15,4,0.17841119162419106,0,2
2.275876812699953,0.10458557077171976,16,4,0.10458557077171976,0,2
0.8029113306271817,0.25146670771457547,20,4,0.25146670771457547,1,0
6.3941408087978955,0.8160583797381551,15,0,0.8160583797381551,0,3
0.24366414692613153,0.40865139299485465,20,4,0.5440056983258358,1,0
5.46307975364472,0.0,16,2,0.0010355562194360656,1,1
12.227305279466352,0.1620688990198112,7,1,0.1620688990198112,0,4
13.28921194363034,0.28935751274540333,13,6,0.28935751274540333,0,0
3.5765340167672575,0.3507367108596194,16,4,0.3507367108596194,1,3
3.68938502279628,0.0370502279379154,12,3,0.061276138904023184,0,2
0.48055594307806626,0.2730019544045877,10,1,0.2730019544045877,0,0
6.665901448574202,0.15647217247789186,9,4,0.15647217247789186,1,1
10.330918801100012,0.07924828747953666,7,1,0.08293086505065193,1,1
1.683484516520052,0.35191912933979075,19,4,0.35191912933979075,0,2
3.281835563254253,0.45477543468856446,22,3,0.45477543468856446,0,0
10.952121019721444,0.4682082553923239,18,3,0.4682082553923239,0,3
12.579304892612761,0.41487727022677523,14,3,0.41487727022677523,0,1
1.671778850730662,0.20052609337194743,6,0,0.23651297482075367,0,0
4.798659465996215,0.44290995229270114,15,5,0.4999688140438634,0,0
1.2828224504193881,0.36181088762085756,19,0,0.36181088762085756,1,3
0.6447012795983522,0.3267883765904026,13,2,0.4557475037641184,0,6
14.522842649341914,0.1776613756596403,17,1,0.1776613756596403,1,1
10.305731269408358,0.20062477453169433,22,0,0.20062477453169433,0,0
8.563570742370949,0.3147773872249108,16,2,0.3147773872249108,1,3
0.2999731504734077,0.7879748933971003,19,4,0.8515099545282169,0,3
11.136973637527818,0.360248496018278,7,1,0.360248496018278,1,1
3.457991154251409,0.17776229954994277,12,6,0.17776229954994277,1,1
2.5149061161302546,0.13352211100611142,6,3,0.15952000321397447,0,0
4.7442473109138685,0.20164667746875942,11,6,0.2898467207993901,0,0
0.5747931971278712,0.7354586895098132,18,1,0.7607115897761902,0,2
8.479442178185138,0.22014867081080758,10,6,0.22014867081080758,0,2
5.239891453929722,0.481374106922057,11,0,0.481374106922057,0,0
1.2391206636327758,0.2248143509057287,14,6,0.24918962115222826,0,1
1.2512456401296619,0.35223690825592574,12,2,0.35581187109325485,0,3
1.221874143115046,0.4583490548017445,10,3,0.6996886514768524,0,2
0.3521491693219171,0.18561943003801518,7,6,0.18561943003801518,1,1
5.317457092188169,0.17177766916944606,12,2,0.21052902470287133,0,0
11.008559669065608,0.6317739388910659,21,3,0.6317739388910659,1,1
0.10591870449499277,0.49691857897915936,15,3,0.49691857897915936,0,1
0.3014766045045013,0.45813446373814565,10,2,0.45813446373814565,0,3
5.102600500277136,0.4574552586245828,12,1,0.5597465301309716,0,1
10.272003586899057,0.3919150976622131,16,3,0.4927154326258834,1,1
2.3737322773730996,0.7035551626350129,16,4,0.790078490608741,0,2
2.581139156291104,0.30878166037543137,7,0,0.30878166037543137,0,1
5.443190616594302,0.4154524734401839,7,1,0.4648835035947476,0,1
1.9229912572051764,0.009817414281197478,7,3,0.13563975141612544,1,1
0.16181265789799082,0.1350078626817518,7,3,0.1350078626817518,0,1
7.973328944863737,0.05983620003299189,22,3,0.11060624574127284,0,0
5.895383146477453,0.5548127167032298,15,6,0.6453880191449695,0,0
5.215813124393197,0.0,10,2,0.06751522642227617,0,3
8.121432820073993,0.21953799544945546,12,3,0.21953799544945546,1,4
6.747843710609294,0.0,12,0,0.0,0,1
1.383139195685609,0.13374242090362196,14,5,0.16442621019254067,0,6
2.607643288241255,0.2018102100536267,11,4,0.20620444586029685,0,0
0.808805588970464,0.5769742187588088,15,6,0.663291000030741,0,0
0.8345863706678545,0.37932558784429143,14,3,0.46467176241517716,1,3
6.765696607119907,0.13337169533420673,11,5,0.13337169533420673,0,1
11.73697969268823,0.5131927439463652,16,3,0.5131927439463652,0,1
19.737815376424816,0.30356645090595147,12,3,0.30356645090595147,1,3
5.938769832124615,0.30751337174145044,13,2,0.30751337174145044,0,3
1.2207906150800805,0.05946569844560157,8,3,0.05946569844560157,0,1
0.6699508067996254,0.10199725721937211,22,0,0.1300853168824631,0,2
10.05510021518895,0.1349805400108951,13,5,0.1349805400108951,1,3
5.187265029492692,0.3092922546308379,13,3,0.3092922546308379,0,2
5.7784864630559465,0.31557714539613496,16,4,0.3744915588762904,0,1
9.124774635921765,0.608818532704809,7,4,0.608818532704809,0,2
7.289742016812134,0.3770110335875669,14,3,0.3770110335875669,0,1
10.791191204224223,0.0,18,0,0.0,0,3
0.3471343996795788,0.35252839757433807,7,1,0.38125017193115274,1,2
8.25855457977542,0.009996728766493435,14,0,0.009996728766493435,1,1
11.416927530592222,0.10680581507769268,19,5,0.10680581507769268,1,1
2.0223688177591725,0.13756610565473398,14,5,0.13756610565473398,0,2
6.13736668646558,0.16733233529753963,14,2,0.16733233529753963,0,3
2.2626835429603593,0.024970121591939343,6,4,0.04781273041522508,0,1
19.016382027611492,0.34069640069045753,16,2,0.3984555735609368,1,1
0.20396944097092046,0.01783954298180812,11,6,0.10651510226283985,0,3
5.202044761997967,0.3713335214499694,7,0,0.3713335214499694,0,2
1.0927549944518398,0.7473942154123259,10,0,0.7473942154123259,0,2
7.473358155674614,0.034128188213187194,10,2,0.08818854609988688,0,1
1.1607096404733257,0.24309793913215555,19,3,0.257636939275632,0,4
1.6102833998494037,0.0,10,2,0.0,0,5
4.091710238988915,0.23981294140597337,6,4,0.31070808160753705,0,2
14.77898484322484,0.42854343052629673,19,1,0.42854343052629673,0,2
1.4273686974473185,0.4441278462714534,19,2,0.4441278462714534,0,2
0.9345920439711756,0.31547274605681935,21,5,0.477619284037663,0,0
8.53717330035741,0.47785268495179517,18,1,0.7554113816164078,1,2
4.166322081018762,0.8092109071885583,21,1,0.8999676319533649,1,2
14.567877218136028,0.6424609374875199,6,6,0.6424609374875199,0,0
0.9512637972766234,0.1954958141180726,22,0,0.2313180200003455,0,1
6.229528167392723,0.009779202706652279,16,4,0.009779202706652279,0,2
1.5906655384827735,0.21876971668523926,10,0,0.21876971668523926,0,3
1.0230250339739682,0.11060344687653034,14,0,0.11060344687653034,0,3
6.901254272290872,0.3902695095729265,21,1,0.5013586986961772,0,0
5.4037537360659815,0.06376129211410037,6,2,0.14190787122340082,1,0
8.434758388343198,0.2854355134819316,13,5,0.3473283920252889,1,0
2.2217106590439433,0.4676028109072621,9,2,0.5476324048337607,0,2
3.5649353213372805,0.2798608254365646,12,0,0.2798608254365646,0,0
3.1199215268649816,0.1107372354504407,20,1,0.1107372354504407,0,0
24.844642473550998,0.5349628115171383,15,0,0.5349628115171383,1,0
2.073977285632666,0.0,10,1,0.0037343173702008773,1,0
2.0957896402694995,0.23444098882450737,14,3,0.23444098882450737,0,2
2.6268285357567374,0.29166799532373305,14,2,0.32855740167942754,0,2
4.9888592192695125,0.3031817316799262,14,1,0.3031817316799262,1,2
1.7447032224526073,0.33609921121561626,12,1,0.3371844810398559,0,3
14.811125500304067,0.4220879639618986,7,5,0.4220879639618986,1,2
1.8529077381468657,0.2929185121909298,16,6,0.311319842196553,0,0
13.56956481436001,0.22638834357126386,19,4,0.22638834357126386,1,4
0.6553750265645865,0.21848213106806086,14,0,0.21848213106806086,0,3
6.412504342314706,0.17769683959232907,17,0,0.17769683959232907,0,1
14.250000493401032,0.45750866486537306,7,3,0.6524422132548664,0,2
1.1089440684068936,0.17069430410469708,18,0,0.2902243863717828,1,0
20.713736617657567,0.4693542218016489,13,2,0.4693542218016489,0,1
3.618559585315991,0.3037998164519742,19,6,0.34827721382129917,0,3
17.481055985546526,0.19574903862877407,15,0,0.3492922900654571,1,4
6.777275822642135,0.42368144314882694,11,0,0.5839649312788987,0,1
2.1536668460271953,0.15450921505537635,11,2,0.19435446451650634,0,1
1.251765455237561,0.42763680814564253,9,3,0.42763680814564253,0,0
2.172150062263028,0.342545224238357,14,0,0.46330310476767034,0,3
0.5857921403227749,0.18073506218161584,7,1,0.20410086674063796,1,5
0.931984018853423,0.4057269630669118,12,3,0.4057269630669118,0,2
0.6633134183935783,0.40931794513772773,19,1,0.477068183927309,0,3
3.2988910367507467,0.5315039211619915,12,6,0.5315039211619915,0,1
9.5254238096682,0.4932294024818592,22,3,0.4932294024818592,1,1
0.9145978151377687,0.39825480414525655,14,0,0.525845516186703,0,4
0.8377826950137333,0.07448180975824734,21,1,0.11934088882909363,0,1
6.187330553362635,0.7897173976348114,18,5,0.8723810166787618,0,1
1.3177707836335713,0.01927675778563792,13,1,0.01927675778563792,0,5
0.6162511325472293,0.4898526348564618,8,0,0.5316784312315825,0,1
1.095239246821305,0.38625676337725967,6,1,0.4152998125759091,0,1
15.440963428522037,0.06517152550377706,21,4,0.06517152550377706,0,0
10.338033851139242,0.2751398122243002,9,4,0.2751398122243002,1,3
2.6223343315211647,0.2842494227510719,14,2,0.2842494227510719,0,1
6.399556392505067,0.5611165431621047,6,1,0.718617652552725,0,2
4.623742858270179,0.15733781994395768,19,2,0.24118159967898095,0,2
6.782926478677242,0.2476109987151292,14,1,0.2476109987151292,1,1
6.886900013225107,0.0,12,6,0.0,0,3
5.9450191962881815,0.6469525586247155,11,2,0.6469525586247155,0,1
1.8563061850749436,0.08590635139598574,20,6,0.08590635139598574,1,1
0.23872530821425897,0.365382172847835,14,1,0.365382172847835,1,2
3.6480599544843946,0.2797184340556272,17,4,0.39034402705771654,0,2
13.297007012739297,0.280399806643332,6,6,0.280399806643332,1,0
5.056809522007432,0.461972396974175,12,2,0.46921391044965616,0,4
10.716729851379817,0.6342524920607269,7,3,0.7151884771621362,1,1
28.694554511745395,0.35029873398839834,21,1,0.5079314368994701,1,2
1.0720061117169206,0.43101560352610513,19,1,0.44215240418854884,0,1
7.06160283391192,0.36577830734540817,22,0,0.36577830734540817,1,1
6.730553016965214,0.5035062847861252,22,4,0.562884315434816,1,0
23.458787105014856,0.20741672410273454,19,2,0.22354421850076056,1,0
25.443468255861667,0.5150781108832828,6,0,0.5150781108832828,1,0
6.963154893820178,0.5220999731294768,17,4,0.5605037441275676,0,2
1.675226988936588,0.5165074017365819,15,2,0.5165074017365819,0,1
9.613458289852655,0.16797042653270478,12,0,0.16797042653270478,0,3
0.6792079424051718,0.2663324731525618,7,2,0.27955873260795744,0,2
9.103868703668033,0.34789339775608696,22,2,0.34789339775608696,0,2
14.460762861799145,0.025831591034198853,7,0,0.025831591034198853,1,0
2.895697601042176,0.618984041617203,7,2,0.6771175811881815,0,3
5.975824575412688,0.2975446932995648,10,1,0.2975446932995648,0,4
3.374216140188422,0.3567855775209443,17,3,0.3567855775209443,1,2
3.4550127889507922,0.1845991120545594,17,0,0.1845991120545594,0,3
2.229608078119723,0.03462448812659541,6,6,0.03462448812659541,1,1
8.61617626447741,0.17919402290504577,19,4,0.18266807312129096,1,4
16.50980893960905,0.3438408375267177,16,2,0.3438408375267177,1,0
16.956024005516966,0.43468576255073865,20,0,0.49604690735967305,0,0
1.1526409112411833,0.332358308120544,9,3,0.37307704211987136,0,1
12.464357033745904,0.3693448032483901,20,4,0.42469273566433074,1,1
8.023458333210726,0.23259472506372464,6,1,0.23259472506372464,0,0
1.7488346866637734,0.39924971324908565,15,3,0.41238372375827476,0,1
0.4179310562114906,0.5965665732771814,7,3,0.6137705240958914,1,3
1.87182618757971,0.4409578884877974,12,3,0.4409578884877974,0,4
14.59672557445927,0.46190837765058806,14,3,0.46190837765058806,0,2
6.01728241233479,0.3588032798613262,7,3,0.3821206722887599,1,2
7.660436601310354,0.0,8,4,0.002776137038502457,1,2
1.78358582333261,0.09106669387375133,20,4,0.1520850000815465,0,3
7.6246974068305455,0.3909751601327687,10,1,0.4361223756404999,0,4
0.17114693276655507,0.29781218960798284,20,6,0.36098051368213663,0,0
2.82310748822794,0.3879685772945656,7,1,0.3879685772945656,0,1
5.913094883492524,0.6352846835688147,12,3,0.6352846835688147,0,1
0.947622995947895,0.44520719984586676,6,4,0.44520719984586676,0,0
10.389754447366034,0.5517772411485643,11,2,0.5517772411485643,1,0
1.607522156833276,0.318936277894146,19,0,0.318936277894146,0,0
6.338165526633167,0.13855686450311203,11,4,0.13855686450311203,0,0
3.117151562390876,0.2884267681571318,10,0,0.36112065332469523,0,2
5.438689898650699,0.13904963725617242,13,1,0.13904963725617242,1,1
0.6820401818768087,0.6116589913544896,19,2,0.6116589913544896,0,1
0.1023447279175908,0.4580782153070939,10,5,0.5794895092805237,0,2
14.418705519332917,0.4041024993256559,16,4,0.441777619065532,0,2
1.8852242155986911,0.5471886404456207,13,1,0.7397838092729965,0,3
10.27803364295264,0.0,15,4,0.012759440228112477,1,0
40.0,0.4176275902685319,7,4,0.4176275902685319,1,1
1.4252141739287398,0.037870843139125476,18,3,0.037870843139125476,0,0
1.8487026461104574,0.2985488603068678,14,3,0.5322626519431264,0,4
6.523538248365944,0.2376584815065571,16,2,0.3563864764251316,0,1
20.191849260182472,0.43234732241938956,18,5,0.4791784713540592,1,4
14.848384669922769,0.34563745779219107,10,1,0.37370221853939584,1,3
4.19348892960805,0.5690234347223577,16,4,0.5690234347223577,0,0
9.511700448858194,0.17962056781347727,15,2,0.17967445585039177,0,2
0.8753304115644552,0.44182287792665675,20,4,0.44182287792665675,0,1
22.748978209082484,0.33244464337976637,8,2,0.33244464337976637,1,1
20.004581115202562,0.0,7,1,0.01015854232696835,1,3
1.0728150322796457,0.11627670829539344,13,0,0.13407517048967588,0,4
2.1351070554280347,0.2700243932955663,18,1,0.2700243932955663,1,2
0.6331964996475734,0.5224584899783455,20,4,0.5736316033667388,1,1
1.9023983544184735,0.3927446115114229,10,6,0.3927446115114229,0,0
10.155475651903146,0.0664998352238571,6,3,0.14176010868862055,1,1
2.8519363322133797,0.271936754390568,10,6,0.3302205282954571,0,1
0.5553039279598524,0.7035612897586061,14,0,0.825722555100451,1,3
2.5133588953898958,0.3222446669681716,7,0,0.3222446669681716,0,1
23.902188545434075,0.23453488498552083,20,1,0.4318432671847662,1,0
5.960384944958739,0.3983479281512441,10,1,0.3983479281512441,1,3
3.228779563787478,0.452678615916394,7,0,0.452678615916394,0,4
1.0930067088851732,0.20876633050398818,6,0,0.22679718757735381,0,1
25.68844045477214,0.4005149548742874,7,4,0.4562319608892066,1,2
10.317157830227176,0.23422210066583815,6,2,0.23422210066583815,1,1
1.98334790265243,0.44386552036588767,11,1,0.44386552036588767,0,1
0.43586737157976146,0.33393863159425674,20,2,0.5326701673171876,0,1
0.34975199526470635,0.39639356541057846,19,1,0.39639356541057846,0,3
0.769579075267083,0.1481632907664991,13,2,0.1481632907664991,0,3
5.215993230693321,0.13574272318542813,18,6,0.13574272318542813,1,3
15.85049307223922,0.48909946093187895,16,4,0.48909946093187895,0,3
4.119930932661897,0.28412072372290126,10,1,0.28412072372290126,1,3
11.106973730445997,0.3570069484198723,6,4,0.3570069484198723,0,0
3.5423157352892067,0.23872091458269606,10,3,0.4086740818884332,0,2
7.398011524072137,0.4797453548027288,9,5,0.4797453548027288,1,1
7.89776130186455,0.17843800399406845,16,5,0.2997819966597926,0,0
1.1466994010528309,0.2728797520198234,10,0,0.2728797520198234,0,1
2.6891340134588626,0.45719856254062635,12,0,0.6324924766509481,1,1
6.0851110710055885,0.5345935398328532,22,1,0.5753021833776361,0,1
0.4399200873882741,0.19524814179466332,14,4,0.19524814179466332,0,5
2.6921792783265137,0.6919367963911767,6,0,0.6919367963911767,0,1
4.59172026629617,0.36264833873872326,15,1,0.3809593878505222,0,2
33.47532367492004,0.09141434763825246,16,2,0.26917366564270023,1,0
3.860813752096684,0.3738104097179936,14,3,0.3738104097179936,1,2
10.15876818921218,0.22340015710330846,15,1,0.22340015710330846,0,0
3.3945139614132485,0.38681369743663535,22,2,0.38681369743663535,0,2
9.549314571858357,0.2914287504679324,7,5,0.2914287504679324,1,0
5.429357629557112,0.31485473803802894,18,0,0.31485473803802894,0,4
13.06076214062922,0.11768132468277079,17,3,0.1993444103776238,1,1
3.1753893952581747,0.498012246143272,14,2,0.498012246143272,0,2
5.562660601681972,0.06877452656979355,7,4,0.18036359734380264,1,2
5.9658165766645785,0.07824702091900096,12,3,0.07824702091900096,1,4
3.241350932695458,0.3734720698294973,19,0,0.3734720698294973,0,3
0.9350970379095089,0.6205688494355939,21,2,0.7091563522651089,1,1
0.5893787118674678,0.22948138058711853,12,4,0.22948138058711853,0,2
0.10087251024124005,0.44019446454079314,12,5,0.46845264240493206,0,2
12.406703226619602,0.5146680353727091,13,5,0.5146680353727091,0,2
1.6188557758492534,0.46293688745881384,12,6,0.46293688745881384,0,4
1.4257885935768937,0.2377583421652637,6,6,0.3170305059715991,0,0
7.9916416641000145,0.08179065656118506,7,3,0.08179065656118506,0,1
2.314117060856911,0.0,10,3,0.0,1,2
4.231861418137315,0.24743190010752134,13,1,0.24743190010752134,0,3
1.0640833659940134,0.535617473712435,19,1,0.535617473712435,0,3
19.275233890112414,0.07516680304761317,12,4,0.07516680304761317,0,2
11.446311715750738,0.44004196950375307,16,0,0.5830344173309948,1,1
11.961328190908487,0.10996949398962555,7,2,0.12907419317543986,0,1
3.133076494638405,0.32121451527736766,19,3,0.32121451527736766,0,3
8.622020777057939,0.4415583228310035,8,0,0.49387484724830866,1,3
0.9320414101339276,0.16810091263231441,14,4,0.26320433604578347,1,2
0.051938166066323635,0.3340969361393828,18,2,0.3340969361393828,0,2
0.12105052728360574,0.21698173265493426,16,2,0.2660242554727488,1,2
5.300063006781436,0.4410297317876353,16,2,0.4410297317876353,0,1
3.6461660625074352,0.34706343369692744,21,4,0.3949076960198983,0,2
4.379058057882729,0.3113015348858535,12,4,0.5184611275188789,1,3
0.04494677395034283,0.6116699920283956,6,1,0.6116699920283956,0,1
3.296220238395889,0.4324612284736604,16,2,0.4597009371718601,0,1
7.596539661874507,0.16192962677474218,16,1,0.16192962677474218,0,3
3.5078417009816603,0.2828272198404476,7,1,0.4808886533090041,0,1
7.905519402975841,0.28482024298406783,6,0,0.28482024298406783,1,1
1.591759220040967,0.31606391452504234,12,3,0.33292817379702766,0,4
10.064437997157142,0.804901855321499,21,4,0.9070171382561261,0,2
5.326675067612872,0.37417037854219937,15,3,0.37417037854219937,0,2
1.4201324939733584,0.0,19,2,0.0,1,0
1.620785795829602,0.19144020565660697,9,4,0.19144020565660697,1,3
5.933659932399716,0.0,12,4,0.0,0,3
10.629609426021691,0.234040348590832,16,2,0.234040348590832,1,1
3.223302837852721,0.0,22,5,0.0,0,0
1.7928660528767368,0.12568190578631439,10,6,0.2386987459319104,1,1
12.104960547438875,0.0,10,5,0.0,1,0
6.638686688242718,0.3768320355934955,7,6,0.3768320355934955,1,2
3.5661726777888774,0.3001078725257757,20,0,0.3001078725257757,0,2
4.015414451064678,0.3605924614997462,6,2,0.3605924614997462,0,1
1.3708700457240015,0.2790897222862947,6,4,0.3595665505983071,0,0
5.913887144203391,0.021140449959116403,14,3,0.021140449959116403,0,3
2.6659452186004877,0.4027042738509471,16,3,0.530662935621912,0,5
32.618827425980655,0.6844449120538906,14,1,0.6981881191974955,1,2
3.925676661963731,0.38184251572130934,11,2,0.3847662085128444,0,2
3.991856893425359,0.21481508013648679,14,1,0.24620713285579027,1,2
5.006215797112733,0.014386564778910982,14,2,0.04043340841290809,0,2
14.915875573536578,0.11838660584800692,14,3,0.17691588349636683,1,2
9.681220804257956,0.3906079313144118,20,2,0.3906079313144118,1,2
3.5993627211026205,0.514623605359875,10,2,0.514623605359875,0,2
7.609985724474735,0.3521732349443952,12,4,0.48019873507356126,0,0
5.294749827846122,0.4599774579411967,14,1,0.5591112108447941,0,1
4.067979776235988,0.4415356488054486,10,2,0.477745790483166,0,1
1.281504628486653,0.40130687827718353,9,5,0.49643137888147737,0,1
3.7410132810959227,0.1683052809477488,18,4,0.1683052809477488,1,2
1.6927340348885236,0.3347847023950305,14,0,0.3347847023950305,0,1
14.779492104769202,0.13032443922357234,13,2,0.18544649416653222,0,3
2.451481050839975,0.30348579059162034,20,5,0.30348579059162034,0,0
18.252418519292902,0.3661727062133824,10,1,0.5461667295035403,1,1
4.569266535176865,0.6357567614773709,15,2,0.6357567614773709,0,0
5.9906100312315385,0.038053605126473544,16,5,0.038053605126473544,0,1
4.697649469047247,0.3963015261982611,7,3,0.3963015261982611,0,2
0.8313023167058279,0.596247318324719,14,0,0.596247318324719,0,2
2.827910661889164,0.4517695531677593,12,4,0.46307892008338325,0,4
0.6264732078844225,0.4665890885650083,7,6,0.49616610480824663,0,5
5.852329201472106,0.4175389803735624,6,3,0.4175389803735624,0,1
3.5530188492968726,0.5596668979550834,14,3,0.5608410765951495,0,0
9.030061222648154,0.0825043663775264,7,6,0.0825043663775264,0,4
1.4943883323217588,0.02281466680595068,7,4,0.12506913191725783,0,3
1.0788239917190008,0.2987331719069488,17,3,0.2987331719069488,0,1
3.1286125648756062,0.0,21,3,0.14925058628606575,1,0
15.669793346837974,0.5461291608356023,12,6,0.5461291608356023,0,0
7.435979696336464,0.5441430390990882,17,6,0.6128382349625794,0,3
3.257238456145422,0.21332988898309474,7,5,0.21332988898309474,0,2
4.369813695663701,0.22584588066789807,7,2,0.22584588066789807,1,1
0.5278289178236464,0.2855305049698657,22,6,0.4813041668446124,0,0
25.03094293669711,0.31040413008792395,8,0,0.31040413008792395,1,1
6.587007031828689,0.32543478383885704,19,6,0.36286745940714504,1,2
2.01622816051653,0.41164642137566065,6,2,0.41164642137566065,0,1
5.288559577907181,0.26547472939830435,10,2,0.26547472939830435,1,3
0.6957142450064122,0.4886386606955588,18,4,0.6094228000827884,1,3
20.25961438484324,0.3891895554250607,13,0,0.5291446619017889,1,1
1.1526678351342496,0.17860731082547288,10,3,0.17860731082547288,0,2
6.265261427593142,0.5670225335608194,17,3,0.5670225335608194,0,2
1.689837888645959,0.028348602775502607,14,1,0.028348602775502607,0,1
7.585764214300788,0.2815668378357047,22,3,0.31423884406090324,1,1
8.998696706524722,0.4933834802150936,12,2,0.537843954366818,1,1
6.714477043350783,0.15538537901757107,7,6,0.15538537901757107,1,2
5.719276115181006,0.3619111293534303,7,5,0.3619111293534303,1,2
13.379861847679578,0.4086679193998096,10,4,0.42620985001738376,0,0
0.49134009882289675,0.12789522640375217,12,4,0.12789522640375217,0,5
2.4110629293511145,0.28550445608119296,19,4,0.3792925242555811,1,2
1.712407889193892,0.268699233958158,12,6,0.268699233958158,0,2
26.544076872263354,0.1896524296335414,10,5,0.243634280524088,1,0
2.9597787638445356,0.760334970410155,7,2,0.760334970410155,0,0
7.914342641950723,0.14737872931090484,6,6,0.2559311454786275,1,1
6.9258631496621685,0.5009860588135766,16,3,0.535501754401787,0,2
1.43016172610481,0.2214397966237716,12,2,0.2214397966237716,0,2
1.6387132366971124,0.08267276222294362,10,6,0.08267276222294362,1,2
1.9817386586908485,0.32056284863101375,13,1,0.32056284863101375,0,1
3.1772712648180237,0.42981867687750014,19,2,0.42981867687750014,0,3
1.6019854020058757,0.48410191501313576,11,5,0.48410191501313576,0,1
0.11908284413202497,0.6124530221310138,22,2,0.6237773876265326,0,0
12.691310545599727,0.88904925798702,11,3,1.0321077686435745,0,0
20.219907308436984,0.3501028407511194,16,6,0.4094921362536391,1,4
2.507385920767014,0.1673815652349224,13,1,0.1673815652349224,1,2
2.479534171304213,0.39057486535897823,10,3,0.39057486535897823,0,2
0.042702475235907214,0.24675740991870165,18,3,0.346341406200573,0,1
6.841307947438374,0.48519322597044595,7,3,0.5525322406190175,0,0
10.472916958043054,0.04056714072685563,12,6,0.22760219570857426,1,1
0.9512198070003294,0.7736669084800876,22,4,0.8539664318931997,0,1
1.0437375772482937,0.47120961895510255,10,6,0.47120961895510255,1,2
9.36626553179167,0.0,7,0,0.09434528710401058,1,1
5.747221022129551,0.15819421953700555,7,6,0.33761566639330454,0,4
0.27538761722994404,0.46321620882278775,8,0,0.46321620882278775,0,2
5.845855176521231,0.5352688112342909,20,1,0.5352688112342909,0,3
2.216978355672346,0.045552474553607336,19,5,0.045552474553607336,1,3
2.7600836489826794,0.4426051700865897,12,5,0.4426051700865897,0,1
8.811053428855775,0.0,12,1,0.0,0,2
9.993992560714496,0.2821328269057908,10,0,0.2821328269057908,1,2
3.068521071270265,0.5224093684206412,6,3,0.5224093684206412,1,0
17.642118730694747,0.1896968539794039,21,2,0.24302195812281005,1,0
3.1299314978303885,0.0,12,2,0.09184619651497793,1,2
8.866144588560317,0.32924295927551184,12,4,0.3624099237201625,1,5
3.9684640944782323,0.17905622667290436,13,2,0.19995020425321036,0,3
13.669247465099314,0.42591167321316714,14,3,0.44372438059067226,1,3
14.300249315259133,0.12293471355638791,10,1,0.12293471355638791,1,4
0.548856169348958,0.14547262206937991,13,2,0.2074564492552079,1,1
16.539662159165818,0.0,6,3,0.020608195645331694,1,2
10.476181332892692,0.33398894221029657,13,1,0.33398894221029657,0,2
9.401452827372918,0.26781901234468025,21,3,0.3022544742155196,1,1
1.345700251642217,0.0623230658519858,15,5,0.0623230658519858,0,1
9.812203405811388,0.3387597427534184,16,2,0.3936309953820878,0,0
11.38803164723639,0.5054140601288278,7,3,0.5617326218002096,0,1
2.047765874396711,0.25688641131621004,7,1,0.3864017873327937,0,1
18.251923797074053,0.35363338996439475,16,3,0.35363338996439475,1,1
0.30687654543507287,0.3546622499170328,17,2,0.3546622499170328,1,3
0.974473045863568,0.059134034564207905,17,6,0.19964187304134573,1,0
4.6277050262689885,0.7113171641415192,20,5,0.8121573917551151,0,0
5.145194931563668,0.20583003397554323,16,4,0.20583003397554323,0,4
6.2163620925647685,0.4312232403720542,10,1,0.4312232403720542,0,1
0.10268852859596628,0.45384305544580994,12,4,0.4634835523379172,0,1
19.3685249268749,0.27208097457684965,10,1,0.27626540400250055,1,3
0.2736762898973074,0.4213590050119269,14,5,0.4213590050119269,0,2
0.9263379193385717,0.3491638443632778,13,0,0.4243593507129662,0,0
0.08468188887092605,0.01647204855451878,10,6,0.03611573643671337,0,2
5.020143963123659,0.23354545974998234,17,0,0.23354545974998234,0,2
16.153080356674398,0.17748981952918763,22,4,0.18412895988775413,1,2
6.578736678765566,0.20765099173077456,17,2,0.27019871802573164,0,1
10.378033261095014,0.03919936443267241,16,2,0.03919936443267241,1,2
0.08022112437182813,0.525286743349206,9,4,0.525286743349206,0,0
4.685516989319998,0.6203985309226826,11,6,0.6347677459617467,0,3
3.6922629948931274,0.49560059519968175,12,5,0.49560059519968175,1,2
4.146511178117421,0.5541058448294286,14,3,0.5541058448294286,0,1
0.44971978898165876,0.23107303259836875,18,2,0.26415884128904915,0,3
6.920350441401905,0.1727486330027927,12,0,0.18350245958478378,0,1
4.197653051506881,0.14428259063765767,16,3,0.2794446168429865,1,2
8.69282021512668,0.4288129845914445,16,1,0.5007052076623033,0,4
3.984917253605576,0.3454126106288299,8,6,0.3454126106288299,0,3
0.9707502431735457,0.2845556576803148,14,0,0.2845556576803148,0,2
6.269126118762741,0.5590297088390686,7,1,0.5941000236702424,0,1
1.135253126389483,0.3809882707630686,7,2,0.3809882707630686,1,4
12.352873812251461,0.13226847249588303,10,0,0.13226847249588303,1,0
5.6977859425278305,0.16381823417286104,7,1,0.16381823417286104,1,3
1.026181229910401,0.4363986598508291,20,3,0.6167218328940578,0,1
19.674631059952095,0.5083465705309194,20,4,0.5083465705309194,1,0
4.383418051290778,0.4103360464511939,18,3,0.5120726533007526,0,1
0.45415304705619597,0.6793777495744162,16,3,0.6793777495744162,0,0
5.914373893264557,0.6270014331462839,6,2,0.6270014331462839,0,1
1.751738422529169,0.38820716697015256,21,2,0.38820716697015256,0,0
9.768466923147345,0.13228386810369952,12,4,0.16116243890416165,1,4
10.216628710165132,0.03800249765364644,22,4,0.12556435204655875,1,2
23.164374684823272,0.222523650997057,8,3,0.222523650997057,1,1
4.18135950225135,0.45064268928323137,6,6,0.45064268928323137,1,1
3.6413422060984595,0.6653294158623876,15,3,0.8020069543493089,0,1
8.401765960140095,0.38348940688215993,20,0,0.6020465998711955,0,1
0.8526356531444748,0.5337445588462473,21,4,0.5337445588462473,0,1
4.750060002724985,0.2509385027624395,21,2,0.2509385027624395,0,1
4.741221626695449,0.42455382504551004,19,2,0.45106111549532535,0,4
0.5623911665776231,0.4646713658954345,11,1,0.5043484197495364,1,1
3.2475449228082827,0.0,14,0,0.023385357243963643,1,3
11.515571859717138,0.21731223952469791,6,0,0.21731223952469791,0,1
11.634056209622187,0.48994007685557395,20,1,0.5324276821530931,0,1
0.6270830112885689,0.35489366712731296,14,2,0.5490811131057205,0,2
0.570619033526881,0.06069699036981338,7,0,0.06069699036981338,0,1
1.8285256767780713,0.0,7,4,0.0,0,6
12.465430747111082,0.2268438509395987,13,2,0.2268438509395987,1,2
0.8280087945504577,0.2856828614212242,16,1,0.3485994506155885,0,2
7.637725540142364,0.1232154100343309,10,6,0.1232154100343309,0,2
0.6399389278244156,0.32861698740559886,19,0,0.44307630254855906,0,1
5.855254909275186,0.40127734944657895,10,4,0.40127734944657895,0,0
2.6409663604576377,0.4341374341452465,15,2,0.5161695097331206,0,3
9.332936820968106,0.0,17,0,0.0,1,3
1.5970144624111766,0.03714298043837594,10,0,0.03714298043837594,0,0
6.116619367066851,0.23907547032905288,16,1,0.2885610377135609,0,3
1.6126322727884173,0.4144346262074927,14,2,0.4724183565457991,0,1
7.5034581106660205,0.3978468027100071,10,2,0.3978468027100071,1,2
12.41352809968217,0.39437398957533515,21,6,0.4205271811660439,0,1
0.8135562881510542,0.22331641160621363,7,3,0.28950107285043447,1,0
12.086224959893022,0.23447331253800785,13,3,0.23447331253800785,1,6
5.402138969057829,0.15433414631565184,14,2,0.15433414631565184,1,0
0.8156777743172596,0.4536388256211696,14,6,0.4536388256211696,0,3
3.3468939361501047,0.11590224245208433,12,0,0.11590224245208433,0,2
1.0522684251882106,0.47000727903791395,11,2,0.47000727903791395,0,1
7.230798640630639,0.3415706476275292,14,0,0.3415706476275292,0,1
8.53446801022493,0.2909911043089693,10,1,0.3736000688842172,0,0
0.6709315424885498,0.16865792004470667,9,2,0.2153529855123988,0,3
4.233017426976383,0.028891627767174688,19,3,0.16953796498047588,0,0
10.11224868452552,0.17046944872439085,22,5,0.2077072809641214,0,0
16.508537821909442,0.23399862627502271,9,1,0.23399862627502271,0,1
4.32333061854374,0.0,7,4,0.0,0,4
18.00799438346681,0.26052896893306715,17,1,0.36068251168647003,0,1
4.603203774170893,0.4848714736052011,14,1,0.5668452956316057,0,3
3.007138139129777,0.4134435810867745,7,0,0.48710350442179823,0,1
11.311272143615156,0.2007588248516985,11,3,0.28455742399492934,0,4
4.07526104587097,0.30938725968304553,10,2,0.340780133393816,1,6
3.8308462394233818,0.18876708611560006,15,6,0.20397596178105717,1,0
4.043744792334182,0.3297521466671392,22,3,0.3297521466671392,0,1
11.255478764669357,0.6080215647488063,6,5,0.7116277708693144,0,0
10.700660363775055,0.4936997605249752,7,2,0.5259562747674233,0,4
3.1002573255057797,0.40415886113855054,7,4,0.40415886113855054,0,2
2.432489395046649,0.2014230175232563,12,0,0.23965129638403976,0,2
4.062792938866066,0.4499876785889677,7,4,0.5409890756761773,0,0
5.102631861241187,0.0,13,4,0.0,0,4
1.6335081292496296,0.24952930360182188,15,6,0.24952930360182188,0,2
9.477966591585602,0.41674228396478996,10,4,0.41807758384301513,0,2
3.998830126950407,0.4480842428095503,16,3,0.5882752311527235,0,2
2.4392040108088846,0.4339768980431482,10,4,0.4339768980431482,0,3
0.6778095743209049,0.35896613784193887,19,2,0.35896613784193887,0,2
1.6375108393689697,0.2608550041832234,6,1,0.30957292978215495,0,2
17.888748429387036,0.40759519396529775,6,2,0.42817926314423166,0,3
2.183921267866345,0.10942779188273988,14,0,0.10942779188273988,0,0
1.1097370295163538,0.13106454734135,7,0,0.13590112287756784,1,3
3.704596960126528,0.3123469352920593,13,3,0.31785054307895383,1,0
2.201111409623338,0.33463952854174944,8,4,0.4611192770787015,0,0
0.2147533046954201,0.0,19,2,0.0,0,3
2.3417911813788317,0.3910292761899037,6,3,0.39925647483861987,0,2
4.713004249427549,0.45454567558387865,20,0,0.5101818156405853,0,1
4.813921355022019,0.28454295250674094,14,3,0.39189710315560355,0,2
2.6455489184316403,0.7748932566567985,6,3,0.7748932566567985,1,0
3.5576694422558166,0.16341297873696276,16,0,0.34957933184380946,1,0
20.203892753924084,0.22778256732262608,13,0,0.22778256732262608,1,4
2.842609621145466,0.2209866187745581,6,5,0.2209866187745581,1,0
1.7922705647509842,0.28476247774179647,14,6,0.3063633319378498,0,0
1.6740550980616606,0.23425503740674175,14,2,0.23425503740674175,0,1
3.6723304675018884,0.018637891079025637,12,5,0.018637891079025637,0,0
8.55071382836858,0.1906903407527049,15,4,0.2405082728999259,0,1
1.383941618826054,0.2804758608451848,19,5,0.4236340664289102,0,2
7.412700893861239,0.5457144164123995,13,3,0.5736947794580876,0,1
0.12826011175278573,0.7404486546745828,12,1,0.7783190470348846,0,0
3.2573350348400982,0.5670947795701309,12,0,0.6343890451947509,0,5
8.973042126012306,0.14492419406547868,7,4,0.14492419406547868,1,6
2.481585122252172,0.16083807787476687,9,3,0.22219143788856355,0,1
4.9770614340915325,0.2681342844981298,12,3,0.26849855596144956,0,3
1.3763222546245557,0.6569117777707172,12,5,0.6569117777707172,0,3
8.128666982208186,0.2669151895636213,7,4,0.2669151895636213,0,1
0.3221713968348641,0.034498501892513855,14,0,0.034498501892513855,0,4
11.485297576829241,0.19976457260939295,14,1,0.2814093146691777,0,3
1.3253494317080676,0.4514112003638834,11,0,0.5600915441649872,0,0
12.447824123752877,0.43798805537921737,6,5,0.43798805537921737,1,3
2.6080898804272863,0.2599566667016688,7,3,0.36459773766097914,0,2
7.695576566044296,0.43668293471200614,14,5,0.43668293471200614,0,2
2.307143167942588,0.0,12,0,0.0,0,6
14.18112762124172,0.32076584700653954,12,4,0.49186622918641426,1,2
0.8124248743491738,0.472137084273726,13,4,0.5917482266453247,0,4
1.1798845859317926,0.13342734496909295,19,6,0.13342734496909295,0,1
4.07582217369286,0.13273229270074238,19,4,0.2069860190130167,0,4
0.5129449844325523,0.0,14,4,0.0,1,3
1.3087881852812688,0.6179791189621389,13,1,0.6179791189621389,1,4
17.269443117844293,0.15596920459568664,12,6,0.15596920459568664,1,3
22.50189002057051,0.3482086555724223,18,6,0.3482086555724223,1,2
2.832123533223739,0.42078340829667493,6,0,0.4510098474957056,1,0
15.406027991136227,0.6024135898282906,15,1,0.739821670746155,1,2
4.722435636364611,0.2692204452028729,16,3,0.2692204452028729,0,2
1.8861481234795494,0.19211404124431625,7,3,0.19211404124431625,0,4
7.272004071529254,0.3346135297141107,7,3,0.3346135297141107,0,2
6.453509315351226,0.5568160553084573,7,3,0.5568160553084573,1,3
27.127908274618296,0.26596549371984324,19,6,0.26596549371984324,1,0
1.847694710701552,0.1090261836831847,15,1,0.29529443881027434,0,1
6.689538585653699,0.0,19,1,0.0,0,0
0.3205550105340788,0.05574052307895491,20,2,0.05574052307895491,0,1
0.7238334198053868,0.472878299481333,6,5,0.472878299481333,0,0
0.023556431370857313,0.23587510473863768,13,4,0.23587510473863768,0,2
40.0,0.1784958180158579,20,2,0.1784958180158579,1,4
9.725229080300604,0.1568065553632115,22,0,0.19563409466713455,1,1
9.27098134649332,0.31700917204003637,14,4,0.31700917204003637,0,4
4.276746084314491,0.25210898124688325,7,0,0.2960104448942379,0,2
2.140624687518229,0.2453735712561495,22,0,0.3031562917232188,0,1
0.984044581506387,0.5698647855621478,14,4,0.5698647855621478,0,3
2.0101075741463257,0.6076032563723267,21,5,0.6894028496472011,0,1
2.8293527578370483,0.0,11,6,0.13136272570532104,1,0
8.471152507302467,0.36551854622859153,13,5,0.36551854622859153,0,2
4.654762908850442,0.14462758027572153,14,4,0.14462758027572153,1,1
0.4839009254017176,0.2503497772277813,16,1,0.283479424321567,1,3
0.10916107053217583,0.3618556770253389,9,4,0.4260783013122342,0,1
0.6477311370476626,0.2574560166138161,8,3,0.33405156546623976,0,4
3.1708702619039197,0.3460919761255266,14,1,0.41390291169037374,0,2
16.235677031161373,0.43459404120638345,13,4,0.5078957347472559,1,1
6.086770941073297,0.35891536010806396,12,0,0.3766171124181958,1,2
9.7116560464903,0.17063273916647528,6,1,0.2497779732108649,1,1
3.7683670440953527,0.17416007860593521,13,1,0.24964923139741824,0,2
2.6933625118869293,0.012058940676392904,12,3,0.012058940676392904,0,4
0.6884285730102961,0.12921594049585633,12,0,0.2605639504671887,0,3
12.521602293255242,0.6924136723797056,7,4,0.6924136723797056,0,2
9.171573950747103,0.14159928518095108,12,3,0.15613750287099998,0,2
1.1043887547839928,0.061324237511236,16,1,0.10217836788689845,0,4
4.307843748578189,0.3639855723689547,12,3,0.3639855723689547,0,4
4.0092619234413505,0.277927048141628,20,2,0.4590240265441601,0,2
5.886440539897672,0.2608813526301549,6,1,0.2608813526301549,0,1
17.533429412226976,0.581809193282418,15,0,0.7211173346908113,1,0
5.20173917664342,0.409825335111673,19,2,0.409825335111673,0,4
4.6620073209644595,0.1940014136593049,7,0,0.1940014136593049,0,1
0.3097996894893398,0.21510481648164398,9,5,0.24075773821881402,0,0
0.38983954024367296,0.19948269721886297,7,0,0.19948269721886297,0,4
1.2447049082005437,0.47494792431605143,17,5,0.47494792431605143,0,2
0.19805786638073591,0.2383704741093725,7,6,0.27520716702916254,0,0
8.160319633282107,0.0,14,2,0.008134239409568712,0,4
7.709585505000824,0.29033606425313113,12,0,0.29033606425313113,1,0
0.8774855906640692,0.0,16,1,0.0,1,3
10.850220416010508,0.7368461203509804,22,0,0.7368461203509804,0,0
1.0089928228688838,0.10686641723055379,17,2,0.10686641723055379,0,1
2.1501345943487857,0.26762704692845385,11,1,0.26762704692845385,0,0
1.7179132055182655,0.3516405469402274,12,0,0.4625917900536269,0,3
2.7942254555111203,0.24226836786415398,19,0,0.24226836786415398,0,1
1.763519048785048,0.24199391970676146,12,4,0.3020614039656457,0,6
4.027737954134494,0.3843654572321754,19,5,0.3843654572321754,1,3
3.139493661305396,0.6052431917592558,12,3,0.6052431917592558,0,2
25.861358115066277,0.4535018163634595,14,2,0.4535018163634595,1,3
0.3453065816879437,0.5957027757147085,21,0,0.601288462768916,0,1
0.9201755773918268,0.0906761783812996,7,2,0.0906761783812996,0,0
0.3256341152706922,0.36347252665107227,14,2,0.3685235499864432,0,2
5.89844975605997,0.33104921041165586,12,2,0.4120175906273342,1,3
0.33630721865491064,0.37021825833534694,19,1,0.42188692935354005,0,1
10.863442666883877,0.5752463941271145,14,6,0.5971369655477823,1,4
4.30388474541831,0.25584217004158916,15,5,0.2743096269075345,0,2
4.492056061456917,0.21889932668918244,15,0,0.21889932668918244,0,0
4.947666092388314,0.40679615948373277,7,0,0.40679615948373277,0,1
1.1238625686670083,0.0,10,0,0.007537443647117639,0,4
1.3215635396217398,0.2526295901755643,14,1,0.270770667561248,0,2
2.3035485627229986,0.2731604621429094,10,0,0.2731604621429094,0,0
5.400975197200353,0.11592827673861492,21,1,0.11592827673861492,0,0
1.4152285686224446,0.5114118022713154,20,0,0.5114118022713154,0,1
0.7420412622544558,0.08755193653134313,11,0,0.08755193653134313,0,2
21.06277032769528,0.27282539032724074,15,1,0.411895234703882,1,1
0.13336208913600994,0.35863144506459366,10,6,0.42595873682064955,0,0
9.738100291101512,0.5706903122952237,15,3,0.6292285471770797,0,0
9.308008907631745,0.2978887130238293,8,5,0.2978887130238293,0,2
2.1162180310648324,0.4872307188256421,6,4,0.5746990418802058,1,3
0.8745026767935169,0.4401190794554255,13,2,0.4401190794554255,0,1
0.9443360387139388,0.3246915112338285,14,2,0.40120899376917646,1,1
7.172687810031832,0.0820973183453089,10,5,0.16849579943542226,0,1
6.176867293433922,0.0130838278191302,7,4,0.0130838278191302,0,3
9.160119621893056,0.3213010802838373,15,6,0.3213010802838373,1,1
16.633725155937604,0.19146062521947727,12,4,0.3376728017441082,1,1
7.064518141577381,0.48385221833625836,13,6,0.48385221833625836,0,1
1.016561371774031,0.44917130361971547,7,6,0.503003147529087,0,1
1.6738613702923195,0.26307780111259005,18,0,0.26307780111259005,0,4
11.078322858313516,0.06845741521174611,21,4,0.18513423983156674,0,0
1.4090660043326528,0.4021471099214547,19,1,0.4021471099214547,0,2
0.45171927717885657,0.0964101107729699,14,2,0.0964101107729699,0,1
7.2897991675977885,0.148307215413827,12,0,0.26274667557606035,0,3
3.090270634537566,0.10411685235696908,22,4,0.27225374338464764,0,0
15.157376559015148,0.2722997956120093,10,0,0.2722997956120093,0,0
6.303306988423572,0.5340384668141123,7,4,0.5867067031298976,1,0
0.5686272039030886,0.2989918259552942,20,2,0.2989918259552942,0,1
17.72254221326999,0.21135626151446085,16,2,0.38921201854446197,1,2
1.7949440828591756,0.0,8,5,0.14735042564861334,0,0
2.467805031103217,0.4104249169459686,12,6,0.42160021391632674,0,3
3.0876005655912406,0.1439190788142745,16,3,0.2080548164262438,0,2
0.31549715145189455,0.3235035238316193,13,5,0.43151725444353317,0,0
4.1172131840609,0.22915627681667186,15,2,0.22915627681667186,1,2
0.7896690737363203,0.46763544391988754,7,0,0.46763544391988754,0,3
3.0746648640646366,0.26855272159428956,10,5,0.36971905098373686,1,2
2.5912529655897316,0.28821472909538964,13,2,0.28821472909538964,1,3
8.892606187390486,0.3971494294910919,20,3,0.46178389046847423,0,0
9.752504797945127,0.7213880364526372,14,5,0.7765891708453879,0,4
0.9992530057765755,0.47768938607171085,19,2,0.47768938607171085,0,3
2.739456500399041,0.2822787787302781,6,3,0.3923660750094679,0,2
2.8042329136273065,0.3006395981230577,13,4,0.3420611579479783,0,1
0.9850779212642933,0.19502810793511305,14,5,0.19502810793511305,0,0
9.610411080299478,0.11000085929606093,15,2,0.11000085929606093,1,2
7.370173508129961,0.18944984258673558,16,4,0.18944984258673558,1,2
1.2671549012354386,0.14557020725761147,10,2,0.14557020725761147,1,7
2.7410737823725784,0.4306736767591771,10,2,0.4306736767591771,0,1
0.6709886075146944,0.08576102842620276,7,3,0.08576102842620276,0,0
5.936501685077415,0.5666421122760088,21,4,0.6859242936172404,0,1
0.7763615591511623,0.45040927672376596,15,5,0.45040927672376596,1,2
25.58404037573834,0.3041003458735337,9,0,0.3041003458735337,1,0
9.103397328775728,0.30006372229301365,14,5,0.30006372229301365,0,5
2.968124779154348,0.1885437380770893,18,1,0.44710297715829866,0,2
5.184523146300508,0.3540168822695528,17,1,0.3540168822695528,0,0
14.537801610354006,0.5176184926417178,10,2,0.5176184926417178,0,3
4.845953721155346,0.15936870754883722,13,1,0.28719520835650153,0,3
1.1505850923944236,0.0,19,2,0.0,1,3
2.855679736981654,0.4406436509713488,12,3,0.4406436509713488,0,1
11.114595640715917,0.3648731948487601,10,4,0.40242229080548625,1,2
6.20053852044004,0.07596023971176408,17,1,0.14538103805242494,1,1
6.311363632497318,0.15332172581717637,9,1,0.23622675003883323,0,1
12.096389027126211,0.12817914518997184,16,2,0.18467318555272447,1,2
13.464372253710007,0.1550935461931502,7,1,0.1550935461931502,1,2
15.138834883168267,0.23526344919176245,7,1,0.3011949608228284,0,1
0.5979222712519894,0.24669053914385053,12,4,0.28694605785480265,0,4
4.7132329664742105,0.16984126898630794,7,0,0.30387916708782914,0,1
8.09421160607202,0.14836723610001434,15,5,0.2951807178226755,0,2
8.486356992526071,0.2542431312161237,20,1,0.2542431312161237,0,0
5.599342771999002,0.3335383069719122,21,0,0.5029691199424524,0,0
1.0947982169953039,0.23674069272703108,7,0,0.23674069272703108,0,1
9.579738858968076,0.5317334046682604,11,3,0.5317334046682604,1,0
7.640180247484768,0.4016175428841573,11,5,0.5680084290974702,0,2
0.5404395906880501,0.0,14,3,0.08178339201898957,0,0
3.739598256765947,0.4047455530827707,19,2,0.4047455530827707,0,0
1.146798866890352,0.4211087965171165,19,5,0.4211087965171165,0,2
2.4702004424494044,0.21305300637516172,20,0,0.21305300637516172,0,1
0.10947931595000476,0.0009604825393688676,10,3,0.0009604825393688676,0,4
3.068253333812419,0.3016133518822272,7,2,0.4878347596313247,0,4
4.789405350435957,0.29845826970355116,11,5,0.29845826970355116,0,0
5.798917135060243,0.07567075269336104,7,1,0.07567075269336104,1,3
6.534770629616812,0.00975615674801289,10,4,0.11163953833381651,1,2
10.85800038032208,0.2824892907093121,7,5,0.2824892907093121,0,0
1.4559685555970243,0.2533845615898356,19,0,0.4922587195536645,0,6
0.7702862817297911,0.21654692693552124,20,2,0.236731072122695,0,2
11.444524007307368,0.28331785305068774,12,1,0.3807390222064075,0,4
1.0219747926531686,0.07944472523593615,11,0,0.27416161164014047,0,0
22.075970782956098,0.21303587742677715,12,2,0.21303587742677715,1,2
11.091435459118845,0.4066650061228695,14,1,0.4845046426882706,0,3
4.169411586081557,0.23000598392974222,21,1,0.23000598392974222,1,0
23.91447743827215,0.0,15,1,0.02064452122141084,1,2
0.6147000591386851,0.20546154445528564,7,5,0.20546154445528564,0,0
2.166385329365923,0.0859683072986279,10,1,0.0859683072986279,0,1
6.100387142666918,0.35342725929234614,11,6,0.48994671330815354,0,1
2.5847608981805856,0.36376748067608505,8,0,0.4458572799594091,0,2
15.817661557515896,0.0,14,4,0.0,0,1
0.4072715220527166,0.4518025941164378,22,4,0.46288748945491315,0,0
4.7832090587177145,0.07756273974428829,22,4,0.1527125679017559,0,2
5.3622792107988175,0.6118364580964704,16,1,0.6896032020584552,0,1
6.345883805101733,0.29024474709987663,14,3,0.3324084980287181,1,1
1.771594321181642,0.05072130029216754,11,2,0.15190189094534212,1,1
2.7206863306684657,0.07160278586146368,12,0,0.07160278586146368,0,4
11.135120874187718,0.36961905835746894,7,4,0.36961905835746894,0,2
1.301051457861946,0.22174002202032445,8,4,0.22174002202032445,0,0
10.522200521567251,0.2806692180763718,12,3,0.2806692180763718,0,3
4.962203331903948,0.6225560465394079,17,1,0.6225560465394079,0,3
8.61763666798305,0.16015118715418494,7,2,0.16015118715418494,0,1
7.502349386520612,0.31199257153914134,6,0,0.31199257153914134,1,2
1.395463671320496,0.5839688974746107,14,1,0.5839688974746107,0,1
5.047276782047323,0.35410269509328,21,3,0.35410269509328,1,0
12.137149352891893,0.0,6,1,0.17278111297432952,0,2
3.395031140759924,0.40107780234642737,8,0,0.49370177096989215,0,0
20.393538459331555,0.06739942844331115,10,0,0.06739942844331115,1,1
3.611235525140631,0.5813615057465931,15,2,0.5983440885611727,0,3
0.9244035565162165,0.13542647900040441,10,4,0.13542647900040441,1,1
2.9602199820904618,0.893901901549133,10,2,0.893901901549133,0,2
18.18224124789004,0.5934751976655357,7,1,0.684917835221575,1,3
2.3115122962428405,0.14067748607440425,15,2,0.16264885715591282,0,3
12.154183610317357,0.3040027610003221,21,3,0.3040027610003221,1,0
12.78444345937761,0.4507288563266927,11,4,0.5649719150250683,0,0
2.5864195067052558,0.45673209484534155,6,2,0.4995140929237041,0,1
0.5215729532594299,0.38846725199523946,11,0,0.4774511569619652,0,0
7.736267214403789,0.550431807393222,8,0,0.569589555494341,0,4
2.2395469467876588,0.2754062106731261,21,4,0.28329981725674047,0,1
9.165035876114091,0.22665646628479336,12,1,0.22665646628479336,0,3
3.5074234137365154,0.23062720241507786,22,3,0.2831194261159639,0,0
3.984638752771624,0.47167464639442547,18,1,0.47167464639442547,0,2
9.028019415849764,0.37303620806052923,19,3,0.42700223829604667,1,1
2.891129452518307,0.3582567331380513,11,0,0.3582567331380513,1,1
3.512512154068072,0.4590468498514364,15,1,0.4590468498514364,0,1
2.83146117372175,0.0,7,2,0.14458123341464102,1,1
2.7469376424337697,0.36201376477503006,11,2,0.36201376477503006,0,0
4.4786115400743975,0.34371377777474316,7,1,0.34371377777474316,1,3
9.926594238242082,0.633761616260141,14,2,0.633761616260141,0,3
2.6943234846157944,0.0,21,1,0.0,0,0
4.457236170974916,0.6114373264753517,7,3,0.6114373264753517,0,2
6.665214440600456,0.31508182578493316,8,5,0.3297569462122631,0,2
1.8836589464055458,0.397797906132009,16,3,0.5385946602783249,0,1
1.9504165402346612,0.6351837575218753,11,5,0.7382482096223718,0,0
16.255486939903868,0.4121522536011146,16,5,0.47088447501546415,1,2
7.714017030059443,0.3800736578925122,17,1,0.3800736578925122,0,3
5.164947073756088,0.34845823716046365,16,1,0.34845823716046365,0,5
6.259974717156113,0.20330437300112458,17,2,0.26025740541921777,0,4
0.17842346734769113,0.2943021750979214,21,6,0.3354931877905308,0,1
5.775625500384772,0.15689744677545026,7,2,0.2063046100722416,0,2
4.2740885418109205,0.2910866201149036,19,3,0.2910866201149036,0,2
4.734641200575901,0.0,16,2,0.014399546894425422,1,2
2.672323422312431,0.38580791351350974,15,5,0.4082825016793171,0,1
0.5099097380716626,0.27565254924327487,7,3,0.27565254924327487,0,1
1.2891123775282258,0.23275925266664713,14,0,0.3443296801232517,1,4
18.064431427137617,0.34395161678802866,7,4,0.34395161678802866,1,4
3.15258621523852,0.013287215406911856,7,4,0.013287215406911856,0,4
3.7718374624991426,0.6858539993242565,8,0,0.6858539993242565,0,0
0.3248986838076848,0.27944650770248003,13,0,0.27944650770248003,0,3
0.2297401506211957,0.2708311134055621,11,2,0.2708311134055621,0,0
7.577698455655975,0.10692075797341552,9,0,0.10692075797341552,0,2
4.634371857542758,0.3047892764898522,12,2,0.38565499233850503,0,3
4.264275121516226,0.5773919780546561,11,4,0.6004323949141751,0,0
1.6713392655540642,0.5071832418864068,12,0,0.5071832418864068,0,1
8.193088129609773,0.47088755022811124,6,1,0.5232568199035987,1,2
1.1052433709162282,0.4092797903334543,15,6,0.4530033139805947,0,0
1.2638428270755047,0.22829149448747804,17,0,0.22829149448747804,0,0
3.705035074099899,0.009967366592659621,10,4,0.009967366592659621,0,1
2.023586143335801,0.25979224562667297,9,0,0.32092214237419014,0,1
1.7058305351673209,0.2528257070932646,19,2,0.29036975611962623,0,3
6.217842809677079,0.5097588879342482,16,6,0.5695485953706407,1,0
6.315614404785293,0.361878088491964,19,3,0.361878088491964,0,1
10.441281027743454,0.6224623055807097,7,2,0.6615198250343861,1,2
3.244705275290806,0.5394977080076349,7,4,0.5394977080076349,0,3
0.45536105675477706,0.20870087809918086,15,5,0.20870087809918086,0,0
1.918475068830008,0.0,14,4,0.17318935319808526,1,3
23.47377721550362,0.5771150467882962,10,6,0.6650497830080001,1,2
5.441883861823594,0.5718770446461489,16,4,0.5905478218633191,0,4
7.421808975507076,0.026757681819554735,17,1,0.026757681819554735,0,0
0.04431019181655361,0.6018480039655001,19,2,0.7266663473046165,0,2
4.3814285178221475,0.37642343411850354,6,1,0.37642343411850354,0,1
0.2295059239348205,0.3321370996251306,7,0,0.3321370996251306,1,0
5.0530887981727854,0.6229566508494655,12,2,0.7573544574577357,0,0
15.212465926372289,0.568937034646123,9,3,0.5753981749915726,0,4
20.73122242378618,0.4302661903990408,8,2,0.46566931483209756,1,4
4.66638588046433,0.3946434131623966,10,1,0.3946434131623966,0,0
3.6772033105330895,0.4232788581060718,20,1,0.4232788581060718,0,2
17.40439767946484,0.2199885132234948,20,1,0.29289459036327126,0,2
6.717970673308633,0.2889797100535358,15,4,0.2889797100535358,1,1
0.4026061984576786,0.11953656908109145,13,5,0.11953656908109145,0,0
3.7610740351439995,0.2333920448522162,20,1,0.2333920448522162,0,1
1.6485557423859214,0.2266732242662134,6,2,0.31489047058832775,0,1
3.8070548145689243,0.17293892607566705,16,0,0.17293892607566705,0,0
3.646944659817083,0.32734930052969263,12,0,0.3508383681216278,0,0
5.23572194814671,0.23520382985988453,7,2,0.37218646644971953,0,1
2.6475220964260506,0.4004469440703948,20,3,0.5729658099434587,0,0
1.076701334220427,0.0,17,5,0.0,0,1
4.203683136669973,0.27732904117854007,17,4,0.27732904117854007,0,0
10.638905951839947,0.32631032803549914,14,4,0.38474076553819697,0,1
6.544083076437099,0.23787415203262388,10,5,0.23787415203262388,0,1
2.478273397236633,0.26552146003815374,18,0,0.3651102220966733,0,1
16.44868236538293,0.0,7,0,0.06595525457659833,0,2
14.59668008979444,0.3712954209338984,20,5,0.43291932407709394,1,0
1.4093871755067222,0.4295211965134141,7,5,0.4295211965134141,1,2
0.2412929778671603,0.39870745884075337,6,3,0.40680696945522027,0,1
8.112719113940049,0.5077454118884366,14,1,0.558959775241183,1,2
10.547984658664204,0.3403059211565004,14,1,0.36013506285358055,0,3
20.62677595927664,0.3957362361301874,17,2,0.3957362361301874,1,1
13.234732150165977,0.3312181476913705,8,0,0.4670120790372492,1,2
5.5057712811944555,0.43751014391849885,13,6,0.4523351130142312,0,1
4.530803703032178,0.0,14,4,0.0019083828318454583,1,4
0.16941576229941668,0.12128380640439779,7,6,0.24383676553268452,0,1
1.6994034560441023,0.6173799314066182,6,5,0.6173799314066182,0,0
3.692837826432167,0.0,12,2,0.0,0,1
5.941301478513205,0.2719644140349312,20,1,0.2719644140349312,1,0
4.888524858484873,0.5344549919216136,7,0,0.656327433598123,0,0
8.1435828818942,0.28134786689164704,10,1,0.28134786689164704,0,2
1.969082473515262,0.2189977857098605,11,3,0.2189977857098605,0,1
4.99380183541499,0.32588433536306005,14,0,0.32588433536306005,0,1
0.5536276182145912,0.22937596399951066,15,4,0.2746935384188902,0,3
3.203189240215064,0.3061698985513878,14,4,0.42352080820536353,0,3
8.32162739979003,0.16332379269597405,16,6,0.18440812366602002,0,1
7.093284576445244,0.5217348839911449,9,1,0.5217348839911449,0,3
28.029614785107526,0.5846529842131322,12,3,0.5846529842131322,1,1
1.9534761385615784,0.2733219355776755,7,4,0.2733219355776755,0,1
4.1371939223683345,0.022702115861751304,10,1,0.022702115861751304,1,2
2.3986616227865802,0.19523136593732093,15,2,0.3032674541711683,1,3
3.4853763900848342,0.26320226797940716,8,4,0.26320226797940716,0,2
11.667371804079213,0.40110777538064163,9,1,0.40110777538064163,1,2
6.916049488274906,0.09839735536586439,7,0,0.09839735536586439,1,2
12.844899428618035,0.14616753627156984,21,5,0.14616753627156984,0,0
1.365252576958666,0.40213522757176146,19,0,0.4305953031735225,0,1
12.39849414222373,0.48778176640791154,16,0,0.5969615927579137,0,3
0.3697352152897469,0.17568119096586315,7,2,0.17568119096586315,0,5
13.167728953429751,0.03335658920980078,16,5,0.03335658920980078,0,4
2.394576615256919,0.9568236402575769,6,4,1.0534928025087318,1,3
2.266407760981574,0.4566608474177427,16,1,0.49130417284829847,0,1
4.3057283953935945,0.24659924764659366,16,4,0.24659924764659366,1,2
16.94988310953548,0.4738062551061679,20,0,0.4738062551061679,1,0
0.29376366966148443,0.2751086740571156,18,0,0.2751086740571156,0,5
2.6053265350870873,0.47343137782003725,16,6,0.5357997495722241,0,1
11.651532197736602,0.33187863955524444,13,4,0.33187863955524444,1,2
3.02562767726799,0.31825437963351466,8,0,0.31825437963351466,0,2
1.3325413695006518,0.27728362635384224,8,5,0.27728362635384224,1,1
3.3181641403284576,0.010523733307381988,14,0,0.1030173324483454,0,1
2.9221907482006446,0.687618979878628,19,4,0.9139394345940242,0,2
14.820075224449985,0.11169321594645129,6,4,0.11169321594645129,0,0
8.611253466875581,0.027995284737881043,8,3,0.10572964812339536,1,3
4.2205859376820865,0.2574280234487265,19,6,0.2574280234487265,0,0
26.7252962575363,0.10770563729789864,13,0,0.1182478887815595,1,2
3.756044500391652,0.2896574418879458,19,0,0.3220513255523587,0,0
0.36001506368571556,0.4375527697123537,7,6,0.578410606671727,0,3
1.8250993995556204,0.4990605801058446,10,1,0.6114510634241408,0,0
3.4369560013242273,0.46294614432433634,12,3,0.5249807551829672,0,2
1.0240368993313895,0.23887358904286393,14,2,0.23887358904286393,0,4
17.68910028512209,0.30991836553231716,7,6,0.3600487727068907,1,3
8.736411170319105,0.38157581017949815,14,4,0.532486507755692,1,3
1.8742031539290733,0.0,19,4,0.05639642891382932,0,2
5.361373943665962,0.4141169400239719,19,2,0.4840251926328829,1,3
7.6689280591596685,0.008540142483233648,6,5,0.023234817896798092,0,0
17.009739924925146,0.708069319781298,12,0,0.708069319781298,0,4
12.80391095000439,0.21909698307166092,17,1,0.27289142023423185,0,0
4.344016854972846,0.26302496456108176,12,1,0.26302496456108176,0,4
8.940672932121359,0.1460585801524289,7,4,0.1460585801524289,0,3
4.955201468518689,0.17400599362886204,19,3,0.3094729008969225,1,4
4.827206791842912,0.754818713828648,10,5,0.8217614251751255,0,1
0.731256623843938,0.4880739377246595,10,0,0.4880739377246595,0,1
0.8089945150952855,0.0,7,6,0.0,0,2
4.524184606966562,0.600842580137046,12,0,0.600842580137046,0,2
1.8789145932823967,0.5386484550282863,19,6,0.5998819587956687,0,4
0.12756798718363602,0.2437575075423423,7,0,0.2437575075423423,0,2
7.6989446992784725,0.3613393884059675,9,2,0.3613393884059675,0,0
0.19815600374365577,0.29701118411578514,16,0,0.29701118411578514,0,2
5.427312023338173,0.6945159808893865,15,6,0.6945159808893865,0,0
4.64866621251293,0.14074196220158192,20,2,0.14074196220158192,0,1
20.806848881429694,0.32920212195514537,18,2,0.32920212195514537,1,2
3.9723699575094553,0.21437093380143904,20,0,0.2314870482251382,1,0
0.39428446381616056,0.013391919076429115,9,2,0.014288116622925253,0,0
4.813594731474026,0.7383276510109975,9,2,0.7383276510109975,0,2
11.036736638385452,0.0636866841795175,7,4,0.11140001757875406,1,3
34.560753838272575,0.34402583749755516,8,6,0.34402583749755516,1,0
3.376326951405216,0.0,9,5,0.0,0,1
2.316611427273272,0.22018589215138135,10,2,0.2374514687208825,1,2
14.228608366781954,0.3843937642866915,20,1,0.3843937642866915,0,0
1.2735342060334198,0.13505320409952742,13,3,0.13505320409952742,1,1
5.733759784479995,0.417360370147131,17,2,0.417360370147131,1,5
3.1223718466737336,0.2461917816223835,22,1,0.27316753592233844,1,1
0.25170056448438194,0.5320165024797227,22,6,0.6514758825365979,0,0
2.5597200900607424,0.5723521826680447,17,2,0.5723521826680447,0,7
1.849174458498034,0.18265104785399766,11,3,0.18265104785399766,0,2
6.951915806411563,0.31534657187859133,7,3,0.40207272664603866,1,2
17.830981033212044,0.33669084529444654,8,2,0.34405421460779545,1,4
1.872235384384281,0.4238698590869397,14,1,0.4238698590869397,1,1
10.010859565570557,0.3028763992488531,16,0,0.32436884740916916,1,4
0.34170709596218457,0.33804219186856843,16,2,0.33804219186856843,1,0
4.634714092213411,0.2513187050409761,13,1,0.328481909205728,0,3
0.43897400504872297,0.32304797339440366,8,0,0.32304797339440366,0,3
16.311603165275546,0.5595880387070264,16,1,0.5595880387070264,1,2
8.723618943094658,0.4292166482423708,21,0,0.5408430361632024,0,2
6.43678856506453,0.4402511278886738,14,6,0.4402511278886738,0,1
10.42009629848932,0.44461406482711563,14,2,0.44461406482711563,0,4
6.256564895715398,0.2692382444237929,9,5,0.2692382444237929,1,3
20.831856249651075,0.36376540871590607,12,5,0.36376540871590607,1,1
7.509698661198439,0.08296526433285106,15,1,0.08296526433285106,1,0
15.514353729893488,0.5537615312633914,14,3,0.5537615312633914,0,0
4.368070385787119,0.0,14,4,0.0,0,4
0.7470181735399951,0.28257032153291495,16,4,0.4245603143937553,0,0
4.506917356438853,0.5281791954300549,9,6,0.5281791954300549,0,1
0.814044368579673,0.027226413274131667,10,3,0.027226413274131667,0,2
5.386190066448952,0.37995598352337023,14,2,0.37995598352337023,0,2
3.9523940659448407,0.16384671068419462,12,2,0.3151790492163171,1,2
5.846306757599906,0.22623934696222625,14,3,0.22623934696222625,0,3
0.06058675554297345,0.48918819212788756,14,1,0.48918819212788756,0,3
1.3002892450807797,0.33961138517703005,16,1,0.33961138517703005,1,1
4.05573991109149,0.0,12,3,0.0,0,2
18.035127379750588,0.10471489205368029,17,4,0.1956549773569215,1,1
2.903243052128029,0.4950671469777519,6,1,0.4950671469777519,0,0
3.3137622331259955,0.3897885436385995,16,5,0.3897885436385995,0,0
7.525201875016235,0.6496271145048569,7,2,0.7921736296447283,0,1
5.554907186614811,0.6365295188026594,10,1,0.6920683292386283,0,1
2.130852288815781,0.23155097397064162,15,3,0.23155097397064162,0,2
3.1741045296567814,0.8006475610138977,8,5,0.8400384107532719,0,2
1.4731003390437492,0.3048959339703821,6,6,0.3048959339703821,0,0
20.292156627084182,0.10746629311819489,9,3,0.10746629311819489,1,0
0.8399490450850962,0.17327202681788453,7,1,0.17327202681788453,0,4
2.7897314945647893,0.0,15,5,0.07630668826887682,0,3
0.1570719764499616,0.6214038016498562,14,3,0.7701979388301069,0,2
1.5044721934256338,0.6189523978087728,7,6,0.6189523978087728,0,2
9.097629402559111,0.09689851223733578,14,4,0.10094033730295433,1,6
1.3476820306382082,0.2544231423236188,12,0,0.4242263907649623,0,3
0.5007031626372438,0.3191215088225155,19,5,0.39456587457466735,0,2
3.8598959774349693,0.10792938957157722,19,3,0.10792938957157722,0,3
0.060115561863673395,0.0,20,2,0.09118686477962668,0,1
0.5314540645549388,0.2579284792446176,7,3,0.3471663319117549,0,2
9.889879241872377,0.23578411410815062,18,0,0.23578411410815062,0,3
8.856614536548511,0.22231775180224495,14,5,0.22231775180224495,0,0
14.80043123292117,0.34454321252019293,8,3,0.34454321252019293,0,0
11.566111720392428,0.5859039317051984,14,0,0.5859039317051984,1,2
6.896444914672591,0.23938145606165478,16,2,0.23938145606165478,1,4
0.3225117220714871,0.3340885997442726,21,1,0.3340885997442726,0,1
9.162963334174687,0.4453741047489872,22,4,0.6168395699844572,1,1
11.20578694902377,0.41082858530254973,16,0,0.4527158070675407,0,2
9.629154839341934,0.1771152951104316,11,0,0.1771152951104316,0,0
4.26150411476379,0.31927542462280717,10,0,0.31927542462280717,0,2
1.5908430294207174,0.4095079640338107,6,0,0.5014196083523149,0,1
11.19876784050319,0.07432973249784444,9,3,0.07432973249784444,1,2
7.793280206235567,0.5527078021593016,21,4,0.5965133283553773,0,1
23.70494924717476,0.5863177810428222,15,2,0.6211094663510656,1,2
1.0154317801806036,0.15544394891110122,10,5,0.15544394891110122,1,0
1.5345008642025948,0.33873400366963374,6,1,0.5773383908683084,1,1
1.4280064017217748,0.4284556513342063,7,1,0.4284556513342063,1,6
9.436893653195908,0.19087716873424945,7,6,0.19087716873424945,0,2
1.241460896569408,0.3963227691376189,8,2,0.41255219302423873,0,1
0.41391327794679367,0.3326511252584331,17,3,0.3326511252584331,0,1
39.26203470740277,0.0064163644722398105,16,6,0.04176771630562909,1,2
0.15078210068844947,0.3918322631957116,7,3,0.3918322631957116,0,2
10.81974031551298,0.07997151674579281,8,6,0.07997151674579281,0,3
2.7282489015217566,0.48784057033240946,12,0,0.6172047240658998,0,2
11.056376423076646,0.16575778497322222,19,4,0.2612309471458804,1,1
4.8529711891721945,0.267742913267771,7,0,0.267742913267771,0,3
13.914191388757239,0.574455782689315,16,2,0.6099400968476189,1,2
15.637809101154563,0.39927632930576906,12,4,0.4432871199451674,1,2
0.054838934984445434,0.08410521608509092,10,1,0.08410521608509092,0,3
0.47044341866905415,0.09701668584018325,12,0,0.09701668584018325,0,2
1.7289629578266186,0.1801394422752549,12,2,0.1801394422752549,1,4
6.639541664692338,0.3789288166713332,10,1,0.44795760824064035,0,0
13.150138150310923,0.3716599629865536,10,2,0.3716599629865536,0,4
3.6964718855849856,0.13137953906742614,9,4,0.27076012780860337,1,0
5.603263578154099,0.06655810287712816,9,2,0.06655810287712816,0,3
1.2532242637773274,0.35631668101716685,20,3,0.39921688255694154,0,0
9.80751391333669,0.2636279868419676,7,3,0.2636279868419676,1,0
20.52744147137359,0.7314431774895476,17,4,0.7501284135670939,1,1
1.8767598858306358,0.3073207313126158,16,3,0.3073207313126158,0,0
4.097113552734599,0.662850565540055,14,6,0.662850565540055,0,1
0.5403105069758896,0.06592328037913198,10,2,0.13654617108608996,0,2
4.914121980950526,0.0,16,0,0.04205983887820741,0,2
4.192377702586651,0.07598297349489308,17,1,0.125395493997656,0,2
0.9359696657132427,0.5378259562906933,19,4,0.6655798935963883,0,1
3.501089910861514,0.6512203179387068,19,0,0.7289698342082269,0,5
2.439736536323383,0.14356410920947318,10,3,0.14356410920947318,0,5
4.42674475029672,0.20788679404808846,14,2,0.41130672504503457,1,3
5.286328289678163,0.06620381795750002,7,4,0.1255520859411873,1,3
0.05119123041249368,0.0,12,3,0.0,1,1
8.587900563754209,0.44368233955532593,7,3,0.44368233955532593,1,0
7.489937171340705,0.34460406059243265,15,4,0.34460406059243265,1,0
2.7369488391454677,0.3020975965347751,13,4,0.4907576600449362,0,4
0.3263312292580587,0.019988692567323996,13,1,0.11526659336423184,0,0
8.43733055113525,0.6279913363657321,9,5,0.6551799945487954,0,2
18.629957037604164,0.19932865239010536,19,0,0.19932865239010536,1,0
1.6478180042895367,0.4067252849632952,17,3,0.60552098318431,0,2
2.345155295853674,0.00908771895105509,7,5,0.13213186026929125,1,2
1.2186698891887247,0.2618949620759925,12,2,0.2618949620759925,0,4
5.161392616172852,0.3582748912477168,12,4,0.3682291347016091,1,2
1.0093858235765052,0.3654150436106615,6,3,0.41960427119736887,0,0
2.6421465160621493,0.330929708647325,9,2,0.330929708647325,0,0
7.164392548039519,0.3989044984097545,19,0,0.3989044984097545,1,4
4.927465107398054,0.07389590879340774,13,5,0.2761649172329307,0,2
2.931083981114636,0.33947452108793197,19,1,0.33947452108793197,0,3
3.2709456960717693,0.32275153669605544,7,0,0.32275153669605544,0,2
4.954737343975745,0.34633453683901216,10,2,0.4286642481235573,0,1
0.03529195764045388,0.31446904346383636,14,2,0.31446904346383636,0,1
0.4905792662945515,0.045357445217320436,14,2,0.04689800594651162,1,3
12.784816664593734,0.036440049578205236,13,6,0.16784011762214907,0,3
0.4864728945825377,0.0,6,1,0.0,0,1
7.361475446571455,0.4635069019690595,19,4,0.4635069019690595,1,0
15.157234856979695,0.46553150194703974,16,4,0.46553150194703974,1,3
1.8938857669589182,0.4687100582444241,18,6,0.4687100582444241,0,3
2.7768949369522913,0.36135799249229034,10,3,0.4770886603403941,1,2
5.048789114845088,0.0,14,0,0.12406104614081813,0,3
12.807643991958672,0.09465790164294677,14,2,0.14002209994539708,1,3
17.074114716125017,0.33408308351862237,22,3,0.33408308351862237,1,2
8.072371453926351,0.3271036005583591,14,1,0.48603515402087427,1,3
0.5436180771504316,0.25545035736959576,10,0,0.25545035736959576,0,1
6.636616432684955,0.37378344058164936,18,2,0.38726254415913475,1,2
3.1688859447813975,0.3023303415370491,16,2,0.3266638146621317,0,2
3.817210730677113,0.3241540931102723,13,0,0.3241540931102723,0,2
0.30238358835870094,0.17218693343359676,16,1,0.17218693343359676,1,0
1.272199049660123,0.49640219722431805,7,4,0.49640219722431805,0,0
9.378578964944147,0.21384567826392317,11,1,0.3282971940554681,1,3
3.6303654523873625,0.03387018339587472,14,2,0.03387018339587472,0,3
2.1543143924862638,0.14580019743625425,16,2,0.15255407374207874,0,0
2.9072356809410826,0.23030676172760392,14,4,0.23030676172760392,0,0
11.561332804090396,0.49880055767376935,7,3,0.49880055767376935,1,2
8.29379055082037,0.29154640031304135,14,0,0.29154640031304135,1,5
1.9073253752772066,0.26277035620687017,12,0,0.3709709262750698,1,2
0.7499914524200679,0.0502673150474745,10,6,0.0502673150474745,0,4
1.7420995411757907,0.45709651796591527,14,0,0.5159187067703798,1,1
15.211375625157451,0.16960956919532286,8,1,0.17152217968998232,1,1
5.227744130447515,0.2799944282117328,19,5,0.2799944282117328,0,0
4.5747290076615865,0.596036615376373,22,0,0.6371241610667009,0,0
5.443890795491955,0.4017526662098609,7,1,0.4017526662098609,0,1
2.734505452411006,0.0,14,1,0.0008819809174877313,0,4
9.873718519811932,0.0,13,5,0.0,1,4
4.44503442949623,0.2871379099761508,13,4,0.2871379099761508,0,3
0.7448677097861512,0.05745187702503898,8,6,0.05745187702503898,1,2
0.8291284506461086,0.42970934952659956,16,1,0.42970934952659956,0,0
4.618344311666274,0.3084526129929958,13,0,0.3274672309569623,0,3
16.54693068791148,0.3330769538047726,12,4,0.3330769538047726,1,4
2.2120697953415736,0.15865136367152938,10,5,0.22170290904235956,0,2
12.220185433056939,0.6482767310573412,19,4,0.8668633607085185,0,3
8.665971503274477,0.868518745602092,16,1,0.9702337452905817,0,2
1.7086174506120457,0.24428305524865704,11,2,0.2879483513946028,1,2
0.2221051212907308,0.3706078496830002,15,4,0.3706078496830002,0,1
0.6444908506925805,0.31948346861286253,9,6,0.33752737247568537,1,0
7.822624780526397,0.24806262731178624,10,3,0.304251522133344,1,0
1.3363848543289472,0.13358590645344065,12,3,0.2456370429730986,0,1
2.784328987748188,0.08300640250390454,15,6,0.2529869095924412,0,1
4.179307800111147,0.07288054689489515,9,4,0.07288054689489515,1,2
7.756128376952558,0.38104800510982906,9,1,0.38104800510982906,0,1
0.721026064603664,0.19606510435927293,6,1,0.2442280850666762,0,0
3.128957963084482,0.0,11,0,0.0,1,0
3.9823797569484425,0.38897164411966445,12,4,0.38897164411966445,1,1
4.669970237603391,0.2923477435071688,7,1,0.2923477435071688,0,1
10.234392623356946,0.5693346002802292,19,0,0.5693346002802292,0,2
1.1301212806414274,0.3746244794182019,15,4,0.39259845217896766,0,1
9.896294621844538,0.004265280737940524,10,2,0.20237345866544246,0,3
7.083069652767204,0.0,10,4,0.008339842131217226,0,2
4.869838799153543,0.15610552313241252,10,5,0.15610552313241252,0,0
7.214401656432529,0.17497851586126945,19,1,0.28566595003592665,0,1
3.186350998942271,0.48863184020003336,16,0,0.5200409035976682,0,3
0.8937681080563677,0.2982258135420853,8,5,0.35534558745073996,0,2
6.575469956689888,0.5267376996197017,7,0,0.7222630298877785,1,2
4.462504992863533,0.03503338885947305,17,6,0.03503338885947305,1,2
6.119496531793811,0.4930528768760896,14,2,0.4930528768760896,0,1
2.4749272902007937,0.4441978306861839,12,0,0.4441978306861839,0,4
14.242332970196298,0.0,7,2,0.13605828027328062,1,1
5.3112219170269395,0.5645235682521544,18,4,0.5645235682521544,0,3
0.5356271041278021,0.31869169835327055,10,4,0.39901747061801,1,0
3.584884102240069,0.37840890077370115,19,2,0.37840890077370115,0,1
8.472284161021307,0.12702077751431545,14,6,0.2078883252836749,0,1
9.483195215527445,0.5550494025843945,15,4,0.5653040622775235,0,0
4.094395515316088,0.062829534152226,7,5,0.062829534152226,0,1
13.508362360190082,0.4664184036747892,15,5,0.5980950724630434,0,1
1.8691314775273107,0.46412149518173423,14,2,0.549043921446304,0,2
3.171887990174816,0.10516651436555555,14,1,0.11791408904650312,0,4
13.731910323165305,0.6966747198845149,12,4,0.6966747198845149,0,3
13.595015154253941,0.3463056960435038,10,2,0.3463056960435038,0,2
6.944687773414596,0.43077852205420486,12,6,0.43077852205420486,0,1
11.7531446066873,0.0,16,2,0.0,0,2
0.5577811739771816,0.7235460006017129,14,5,0.7287633282941807,0,1
12.01465972776224,0.05508861195498202,12,3,0.09188587295395248,0,3
2.3194471432595494,0.5049772865531861,19,2,0.5630560380611778,0,3
1.1785095903852454,0.1010456564136609,7,0,0.10793548959370741,1,0
1.6416481593565395,0.17620223943046345,16,5,0.33571340369133684,0,1
3.2473843366368875,0.4577508087770894,22,2,0.4577508087770894,1,1
1.735636057585227,0.5055105427350315,14,0,0.5076473043222013,0,2
2.3189850880447143,0.04574315017717956,6,5,0.17120094994022814,0,1
0.87000540459644,0.5180944338113987,14,4,0.5809913925079334,0,1
2.1073682507614993,0.5089960990266388,6,1,0.5089960990266388,0,0
5.095772528695037,0.11240931823102149,12,4,0.18520270362133073,0,1
3.4988050744923247,0.6197295187182221,8,0,0.6197295187182221,0,2
2.5544853311423563,0.008628474350392379,8,1,0.015526098313996754,1,2
8.233215797872436,0.1750454834444769,8,6,0.24164255026981024,1,3
13.438223557933878,0.3958005248183977,16,3,0.3958005248183977,1,1
8.482960896889516,0.12928674305947868,22,1,0.23187040626872374,0,0
2.4208089391224825,0.3527638171358682,10,4,0.43745291684562254,0,1
8.185839275874294,0.34821521576065906,9,1,0.34821521576065906,1,2
0.9891076424358329,0.26258514601545585,19,4,0.26258514601545585,0,1
0.83776582619652,0.46648010771811194,11,3,0.46648010771811194,0,2
2.5444668618685258,0.25432784146847215,19,0,0.2596975381096183,1,4
9.892265675910998,0.3463082137627611,21,2,0.5305967703741468,1,3
1.6969493042184376,0.5292943754975805,8,4,0.614242364081284,0,1
0.392054882308855,0.4581372420051681,16,3,0.5726170538546405,0,2
0.8473739006470484,0.4572034581628417,7,2,0.5460880140149695,0,0
11.743129731362878,0.07016407955664394,14,1,0.11172677308642134,1,2
6.027180015820559,0.40495851510026437,21,3,0.40495851510026437,0,1
1.7517565507343598,0.12430024180609903,22,6,0.24480654213590175,0,1
4.862075963375013,0.043717004044394714,21,3,0.043717004044394714,0,0
4.499316355906721,0.2856587307430063,18,3,0.2856587307430063,0,4
6.392852200350998,0.11914096266968202,7,5,0.11914096266968202,0,1
1.5930782244117294,0.45812354376799547,20,4,0.5426412299931831,0,0
11.988407599054224,0.4629070919390648,20,6,0.46610864248616385,0,2
2.2208938346662395,0.0,7,5,0.01439146910233742,1,3
7.107603068176216,0.13433949208462198,17,5,0.13433949208462198,0,2
0.09753637857659131,0.008042665616400213,12,2,0.14393932890220626,0,5
2.797572273233275,0.20747414468142183,14,3,0.20747414468142183,0,1
2.6005012264540586,0.3910351339737649,12,3,0.39123243478669006,0,3
4.704794814518378,0.2515423803643223,14,4,0.31548342796720347,0,4
0.45310347977148113,0.18204815186657292,16,1,0.2048869106371944,0,2
9.367641199195006,0.5600353053626279,14,1,0.7001594776625175,1,1
1.4737216384186815,0.0,16,4,0.020846293253788648,1,3
6.781320219307687,0.5473743787036449,10,1,0.5473743787036449,0,0
9.753773388669138,0.19114234136890285,9,3,0.19114234136890285,0,0
4.951532917402852,0.28437819797744207,7,4,0.28437819797744207,0,3
8.102858277766893,0.19452733245597825,14,4,0.19452733245597825,0,0
6.505777148425995,0.6085776211078238,12,6,0.6085776211078238,0,1
2.6359601438764946,0.05380430063894809,10,3,0.05380430063894809,0,4
9.928448950421448,0.30234727394438715,21,2,0.30234727394438715,0,1
2.0948038622605805,0.40548773037199937,10,1,0.4138432961135866,0,1
5.080768770196044,0.0,19,6,0.0,1,0
8.208316277143034,0.11602036591076925,18,6,0.23599971819660803,1,1
2.8581192052639914,0.27036429330035416,15,0,0.32752884765281826,1,0
2.1638190344435113,0.12266699306312503,14,3,0.24071058511518084,0,2
3.6898546795915745,0.13688164575616998,15,6,0.14284325766498493,0,1
10.221288189118587,0.2300274673847125,20,1,0.3232848191151089,1,0
15.948857950275091,0.42991626632923463,10,0,0.43526359719064833,0,1
4.725847210824323,0.2314564446243711,20,3,0.2314564446243711,1,1
6.498788130304902,0.5156852388945893,6,2,0.5156852388945893,0,1
14.015214806350198,0.10044844346812903,12,3,0.15644114192952746,1,6
0.6224832491835419,0.049615547905309476,10,0,0.09801637962539596,1,3
1.5844071959933805,0.6852690811442268,15,0,0.7096023763691339,0,2
7.404530698237686,0.16840837446689771,12,0,0.17643415005189006,0,5
10.414922496055357,0.03781759858556799,14,0,0.060956367189555286,0,5
11.67068198788377,0.0,14,0,0.0,1,2
3.2179599410040067,0.5150206907617878,12,5,0.5303465875216743,0,1
0.5615133620209626,0.23173909706798812,22,6,0.23173909706798812,0,1
3.455188045414105,0.2492580529867203,19,0,0.2492580529867203,0,2
1.5739153965036237,0.2681596576826721,6,0,0.2681596576826721,0,0
2.06506126972905,0.5025885769339562,13,3,0.5420169091122282,0,2
8.87750300407994,0.2640940332048159,13,5,0.2640940332048159,0,0
0.47118915966643415,0.7688107557665252,16,6,0.7688107557665252,0,3
10.546973876154958,0.3267521148108458,14,6,0.36702537695920595,1,3
3.3482276015690857,0.5123569533916642,10,2,0.5123569533916642,0,3
5.438991953049587,0.46104797158088134,14,6,0.538727700914357,0,4
0.563571533998966,0.29271053594839247,7,4,0.29271053594839247,0,2
2.4691321909691464,0.18260580279590732,17,1,0.2393534004967177,0,0
0.5638924382700062,0.36639278571331074,19,1,0.36639278571331074,0,0
19.54940005372565,0.4020197462414546,7,3,0.4020197462414546,1,2
9.878530235132349,0.18548279037469453,6,0,0.26145554880214195,0,0
3.6930377163085657,0.3332677731901312,16,0,0.3332677731901312,0,2
1.5185442595383218,0.5472409956519192,10,4,0.5472409956519192,1,1
16.2592707004748,0.7139895478139358,8,5,0.7589964330792938,0,3
2.5350260912372162,0.4708738640698843,13,6,0.4708738640698843,0,4
1.0531561013480895,0.6725519372760564,18,6,0.7856717990736387,0,4
4.9691899776596085,0.17412515775870882,11,0,0.17412515775870882,0,1
17.270268815947865,0.4403764504118588,12,1,0.5905521323695577,0,4
0.02302586909108527,0.5677039017162544,12,0,0.640176145720574,0,3
1.631835438056754,0.1207333334056008,10,3,0.1207333334056008,0,4
16.727202545661818,0.20288197759099813,22,1,0.24597333808463537,1,2
1.1258329721389209,0.64758095236705,11,3,0.64758095236705,0,0
0.7211088040865794,0.10498022884261199,22,0,0.10498022884261199,0,0
5.066433304099748,0.03177399346885784,8,3,0.03177399346885784,0,3
11.876223110862217,0.6055963147279022,10,5,0.6410348953849846,0,2
3.8903028806134903,0.5393526449960877,19,5,0.5393526449960877,0,0
31.28855401910114,0.38642404879675385,10,4,0.38642404879675385,1,3
6.821095130898081,0.2908578490708345,12,2,0.2908578490708345,0,6
0.4617716455429002,0.2122950988790036,14,2,0.2122950988790036,0,4
29.628881845737297,0.3563897747618102,18,0,0.3563897747618102,1,5
3.144420035804137,0.6159613914803099,7,3,0.6873919931552922,0,3
2.0330314895521706,0.3477132252284152,13,1,0.38553975255744394,0,2
4.897032563601435,0.7333918534493932,15,3,0.7772929374014902,0,0
2.17708595162605,0.1204116028719539,21,3,0.2732245650695821,0,1
0.5425523261005984,0.29606384913434614,18,0,0.3444132716195456,0,3
0.008576184801274481,0.22538826646721688,20,1,0.23669060107491724,0,0
3.58247848439611,0.0829716913675334,13,3,0.1563612863152411,0,0
10.879005171405815,0.2693832533980689,10,5,0.2693832533980689,0,1
5.09621261826373,0.3834658603320879,22,4,0.38385444065307717,1,2
40.0,0.40484603599040603,6,1,0.5371614665808555,1,0
2.0283527907070025,0.7340904357889113,13,2,0.7516528092748344,0,2
1.9748178070736109,0.39289349394471196,21,0,0.4623971656743399,0,0
1.0443310199380633,0.5300273607359232,10,0,0.654976571079062,0,2
1.075216387852074,0.31321884925979515,16,1,0.4930381177865546,0,3
2.0144024627294996,0.635611120090519,7,5,0.635611120090519,0,1
9.445584335821433,0.7796898571176138,20,0,0.7796898571176138,1,1
14.171259026656593,0.40621702619518996,16,2,0.40621702619518996,1,5
22.15423401261016,0.10146819690968373,6,1,0.10146819690968373,1,1
1.5860566244775542,0.1902389954445663,15,0,0.5362513440358094,0,1
12.786811802167055,0.3563868606410324,16,0,0.4703629631943961,0,2
2.3872596459786815,0.3912996070501292,13,5,0.3912996070501292,0,1
0.718383260403626,0.4396850268768744,21,3,0.4523122493557705,0,1
12.242475490083123,0.3920395362460082,19,2,0.3920395362460082,0,2
6.065349951167526,0.30139698325118774,11,4,0.30139698325118774,0,0
1.0800079554595832,0.17276031175957426,9,0,0.17276031175957426,0,1
3.370937535082203,0.3802276522528459,16,1,0.3802276522528459,0,1
2.0318120837220763,0.6709974714961313,16,1,0.7491881459617318,0,1
8.008922664865983,0.503985721085551,12,0,0.503985721085551,0,6
3.6244061982994573,0.4069407899272396,15,5,0.4069407899272396,0,2
27.21383401607728,0.5059133847645503,15,2,0.6903868787471891,1,1
0.337803167107858,0.22578719421982948,18,2,0.2652739778405087,0,0
2.631171785368534,0.1983469707833359,16,5,0.3217004310039258,1,3
3.9455239662318795,0.1504429791268036,10,4,0.1504429791268036,0,2
4.19660406495176,0.2749426754461124,11,3,0.3856093343161401,0,0
2.2782212330368394,0.21559882065818395,11,2,0.2729924009937275,0,1
7.839140276016756,0.5416549481304278,12,4,0.5416549481304278,0,1
12.46452104359585,0.20493531646356222,9,4,0.20494629558539285,0,1
16.753742177484035,0.1394556567550167,17,0,0.1394556567550167,1,2
9.81140814293057,0.6885154357661263,12,0,0.6885154357661263,0,1
11.405972801511307,0.20972495378373127,6,0,0.20972495378373127,1,1
4.7983212610280805,0.33070569145007017,12,2,0.37224625394934946,1,0
10.488346854875509,0.39026456494868234,15,1,0.39026456494868234,1,2
2.1701585900274063,0.07266137621583696,16,4,0.19671027729505253,0,4
3.0497606158596984,0.5470967539006139,19,2,0.5470967539006139,0,2
2.2867984112614312,0.4274238080822455,6,4,0.445016363586791,1,4
3.7797649629247196,0.6116768023761563,13,2,0.6520144049984378,0,2
2.0177023027573235,0.16415561255637992,7,3,0.16415561255637992,0,2
19.559975035008954,0.31982515849523196,14,1,0.4445008901994979,0,4
2.251169113331592,0.30787115099883905,14,4,0.3960786281641683,0,3
0.6191408232103615,0.3527776988700044,8,6,0.38974992579175316,0,0
4.48964054435006,0.00907705028456779,18,2,0.00907705028456779,0,0
0.35276441489266497,0.32216727573844445,16,1,0.32216727573844445,1,0
0.7028658107247181,0.014707217715250964,12,4,0.01624986224794998,0,2
1.4860729871382752,0.3716668142393843,6,5,0.3716668142393843,1,1
3.745648696657941,0.0,12,5,0.0,1,3
3.4070318076309856,0.0,6,6,0.0,1,1
9.647390448559328,0.4637097432879997,12,3,0.4637097432879997,0,2
8.07033074743316,0.19063230896104344,10,5,0.3519318657664704,0,1
3.33408333367642,0.1024283852735518,16,2,0.20085171879935887,1,5
2.4361294456211358,0.5541691242151097,10,2,0.5541691242151097,0,2
2.282897718833924,0.365525243465683,18,1,0.39120511795205837,0,1
8.923191253853892,0.47441803910675673,7,6,0.47441803910675673,1,3
0.32086294508754615,0.2667515855358339,14,3,0.2667515855358339,1,2
0.0774273377332369,0.8359257387800005,16,0,0.8359257387800005,0,2
9.52442641499697,0.17909722788804097,14,1,0.17909722788804097,0,1
3.8907223901903163,0.6488991098719776,16,1,0.6488991098719776,0,2
0.8416523010006559,0.28772679198001744,7,0,0.3108581088456111,0,1
1.6117170162859051,0.0,7,3,0.0,1,5
16.174117483345693,0.39656974914962173,14,0,0.45653447562465266,1,3
11.775413815545047,0.36295251229103276,6,3,0.4962198281698644,1,0
7.422800546609899,0.08973563715215402,12,6,0.12403892249502715,1,1
3.949289633279434,0.11555614457305702,14,1,0.2510775647703344,1,0
4.407861742209612,0.29506047138300157,12,1,0.29506047138300157,0,2
22.19225410639013,0.3699495630495963,18,0,0.3699495630495963,1,2
20.247994765330045,0.0,13,2,0.11040416948922625,1,2
1.4544861205884725,0.5106242905047605,15,0,0.5106242905047605,0,0
9.999370067414793,0.20110040523700448,6,2,0.22957359377070405,1,0
1.3182168610057616,0.033650503120364716,16,1,0.033650503120364716,0,0
1.4412612545563652,0.48821331029038617,21,1,0.6557251825032318,0,2
6.7637936814381945,0.29527640411630873,19,3,0.29527640411630873,0,0
3.115174318823036,0.5432331553564509,13,5,0.5622588732923242,1,2
16.089420137189425,0.3875904525959511,7,5,0.3875904525959511,0,1
0.5593384063463928,0.2996970994103908,10,1,0.2996970994103908,0,4
4.298809786438316,0.26945401100396876,7,5,0.3115609233171316,1,1
15.044498825114875,0.3965425521112276,10,3,0.5703593602929508,0,2
14.067550513684601,0.21729374823813394,9,3,0.21729374823813394,0,1
1.0213800669912807,0.12948548225070008,21,0,0.12948548225070008,1,1
2.740276001110799,0.4219818245309288,12,2,0.4219818245309288,0,2
5.79164753954168,0.2711024317111141,10,4,0.2711024317111141,1,1
1.041799627310163,0.3067135296138012,12,5,0.34707470521504946,0,0
20.656274956569323,0.5178759672309216,7,2,0.5178759672309216,0,3
14.77295573212302,0.2772246784528518,18,6,0.38978128489994757,0,1
1.095970977129098,0.3030067851083581,22,2,0.4411099089513839,1,1
0.7748835506497651,0.18007009770981358,7,0,0.21750715390068845,0,4
0.5356664561069596,0.38614798679637014,11,1,0.38614798679637014,0,0
14.410698750685416,0.3699655825360176,16,3,0.4785680139493775,0,1
1.2912294488218352,0.4801550263581116,9,0,0.4801550263581116,0,2
3.230053839328145,0.18417423259862475,10,4,0.2013246320385401,1,0
3.574504514391733,0.20843660608196285,7,1,0.20843660608196285,0,1
5.4829283624073994,0.4584274798290939,16,2,0.4584274798290939,1,2
0.4466303815650592,0.35044260067257266,16,1,0.5450664134742084,0,0
1.542984071221703,0.11875637476146106,13,2,0.11875637476146106,1,3
16.08468723966169,0.5613108135469002,7,4,0.562575713045446,1,3
14.342606128500224,0.0,10,0,0.014767012145439962,1,2
9.120069526333278,0.45685695065275034,7,4,0.46260146460586926,0,2
0.11755152016257184,0.04695759280036066,16,5,0.07140354766113385,0,6
2.376120039532376,0.6771577032971055,15,3,0.6779004043360118,0,2
5.932503026179919,0.0,19,0,0.039191167078099505,1,3
1.9310761177020654,0.5304501303745497,8,3,0.5304501303745497,1,0
14.420183062830343,0.2836731279977512,19,0,0.2836731279977512,1,3
6.028919845964566,0.2266794860322512,12,4,0.3380736580223828,1,2
0.4477381866876361,0.3370793312935523,12,3,0.3846419780495937,0,3
14.381743140769618,0.42638006783156257,7,2,0.42638006783156257,1,2
18.98727167571967,0.11911989953382607,15,4,0.2506646847451833,1,1
0.48538916052907083,0.13684245496628553,10,0,0.18914680211846327,1,1
4.560342072422338,0.42992097302257715,10,4,0.5029476491838207,0,1
2.1689558874542523,0.0,10,6,0.148698945057492,0,3
2.993768461068766,0.1831541813615829,17,0,0.19665724543633026,0,6
1.1881541112002185,0.9081373908318882,16,2,0.9081373908318882,0,5
5.177525024359855,0.10639740708214379,13,3,0.10639740708214379,1,2
19.017565153062492,0.5295605583519505,10,3,0.5295605583519505,0,3
4.195868043366257,0.18280984625723756,20,2,0.18280984625723756,0,0
0.5193279660199541,0.40180902895942877,6,1,0.47718935590005784,0,0
5.805525212513624,0.4308711381192435,7,1,0.4308711381192435,0,1
2.495120228600492,0.5257913470365895,14,5,0.5257913470365895,1,2
11.624535585486793,0.25994923463744485,9,1,0.331824341371222,1,2
3.422160366160186,0.6977769277509707,17,4,0.7112690949125829,0,3
1.285397284191169,0.18213268708296393,17,1,0.20109307267048096,0,3
1.272521580096421,0.34684408271991196,10,1,0.48194164194874073,0,1
8.785903359043953,0.3490553864435215,8,0,0.42358034494679564,1,2
1.8521073178923226,0.07560637601011691,17,4,0.07560637601011691,0,1
8.746314114691815,0.24282554900417586,19,0,0.40398210501288356,0,2
1.3831794109133442,0.33230269984768146,19,1,0.33230269984768146,0,1
2.3288730897832437,0.21357579137411603,19,4,0.2771802865175921,0,3
3.7583950527313283,0.7881847930913071,21,3,0.808178793845193,0,2
17.20887532288289,0.13227526528009384,12,5,0.13227526528009384,0,2
16.10583430300834,0.5358848936280856,21,4,0.5783521685632639,1,1
1.390623005660144,0.4712919626297573,6,6,0.4712919626297573,0,0
2.661049315476871,0.2972275730991457,18,3,0.2972275730991457,0,5
0.9708754632252741,0.1269581892295506,21,2,0.19943213064201082,0,2
4.2799166277627005,0.14634893592164597,6,2,0.14634893592164597,0,2
3.7035931159649227,0.19640654015669803,14,0,0.19640654015669803,1,2
13.861294542648041,0.0,12,3,0.0,1,3
15.956021192824597,0.09930691484014187,16,1,0.22568086311512595,0,2
2.9028376476668383,0.0035046969272714557,20,4,0.09913507147260923,0,0
4.06054862528968,0.5691750006355434,19,5,0.6191051781616238,0,3
13.593831541819416,0.4236924784776437,13,4,0.461350258525312,0,4
9.861313712615917,0.45719481977309206,17,1,0.6568759914896846,1,1
0.021978071934329123,0.4177663903083895,20,3,0.5443624819422217,0,0
2.3145004742173105,0.33339352466683264,10,2,0.33339352466683264,0,1
3.2867454100955062,0.5921360664258274,19,6,0.6381334091690255,0,1
1.5659782155065183,0.17784746885365255,7,1,0.24038278191277104,1,2
1.3356492870147454,0.32133393107340896,12,6,0.32133393107340896,0,1
0.2311010867048774,0.44941176556482465,8,2,0.49008014639409814,0,2
6.18633406983526,0.03575815362877416,18,2,0.03575815362877416,0,1
1.8270188643781302,0.9193177792285099,6,1,0.9193177792285099,0,3
0.32260239466030916,0.30571315255551723,20,4,0.30571315255551723,0,2
1.575824432721461,0.32839789011511855,20,0,0.45458295990922176,0,0
9.714322566330761,0.5513756063349844,8,2,0.6504149670533512,1,4
11.442584835167233,0.48299106660204477,15,1,0.48299106660204477,0,0
3.9590432791183474,0.3076156038792918,15,6,0.5119270972559661,0,1
3.2278518867006376,0.3260258876196084,10,4,0.391804263235568,0,0
22.86050727546807,0.0,9,2,0.0,1,1
1.3430977500640333,0.18870684443000474,15,6,0.18870684443000474,0,1
1.4551761068079545,0.40344204323179206,6,4,0.40344204323179206,0,1
2.070741598966425,0.38877856780857734,19,4,0.38877856780857734,1,1
1.1379430724185449,0.5442331500008174,18,2,0.7182900509967954,1,1
2.8620785722903936,0.2758997883553351,11,4,0.2758997883553351,0,0
14.50354814207643,0.022542697313826743,19,1,0.05124716212261521,1,2
5.73249501139495,0.5113460861551355,6,2,0.7076407591758941,0,2
3.1856245889661774,0.5872178692364032,10,1,0.5872178692364032,0,2
16.346064887775768,0.47964891457124587,16,2,0.5138648024570038,1,1
0.29806801368411917,0.2672732658285017,19,4,0.3767790279450414,0,2
1.416431921541204,0.5088772103753159,6,2,0.5088772103753159,0,4
5.006724645260799,0.9857820956016428,11,4,1.0692540122351775,0,0
5.735690164580898,0.3230304628880951,10,6,0.3476982803335067,0,0
0.2421670203133055,0.037652661550975075,7,4,0.037652661550975075,0,4
3.0954185328868573,0.18274299008956957,15,0,0.2730222195255443,1,0
6.284446787948876,0.42509520006081014,16,4,0.4585923984383537,0,1
7.185371317545827,0.0,16,4,0.009683894503338251,1,4
6.098985677369777,0.3338806149824139,12,0,0.37044546945238993,0,3
2.318946570822237,0.37606733006317655,6,3,0.5374678733508313,0,0
0.5891186895547853,0.6070243479625304,7,6,0.6091738254227055,0,1
3.342394938568874,0.5620389712108601,8,5,0.5620389712108601,1,2
0.8269884601544727,0.4729169583503542,15,0,0.4729169583503542,0,0
17.69580172858371,0.0,19,4,0.0,0,1
3.8680951707272264,0.48421062560958505,12,2,0.48421062560958505,0,1
2.2898397364657193,0.44110267721204927,17,1,0.44110267721204927,0,3
8.722406747200598,0.3511888754156693,22,0,0.3511888754156693,0,2
4.1343165559131005,0.0,12,3,0.07623885106675674,0,4
2.226677956617535,0.1446452181625879,10,0,0.1446452181625879,0,4
10.02685048705933,0.06663544609318672,17,3,0.06663544609318672,0,2
12.111304788653484,0.0,9,3,0.0,0,1
6.7069204905395505,0.29941696971704107,18,1,0.29941696971704107,0,1
0.2886182629124938,0.14043557571144405,10,2,0.21919824390038062,0,1
5.012729911663669,0.8250611160537824,17,3,0.8473449346852474,0,1
8.645641602706416,0.2662456121124181,11,4,0.3110404582327788,0,2
0.8805892177679218,0.558750631173192,16,2,0.573933642175841,0,3
1.5578397334149878,0.0,8,4,0.0,1,4
12.84765172362631,0.193982082799026,10,1,0.193982082799026,1,1
0.12196152602546732,0.3193795752068629,13,2,0.3193795752068629,0,3
8.383577081603393,0.11836921027846589,7,0,0.11836921027846589,0,0
3.852138937651043,0.21555986303905111,12,2,0.21555986303905111,0,2
3.551912117884247,0.25640981875129226,17,2,0.28305996272460443,0,1
0.04273099588944425,0.2532184029110211,12,4,0.2532184029110211,0,2
10.268765056406037,0.6710237146070692,12,4,0.6710237146070692,0,2
2.676081283756365,0.37564525708630203,14,6,0.37564525708630203,0,1
4.669167552292347,0.39590211258826064,16,1,0.39590211258826064,0,3
6.786205840680546,0.4079309548690141,13,5,0.4079309548690141,0,0
7.2766601995690845,0.4225252754674225,16,1,0.4225252754674225,0,0
18.73867523540083,0.28342260322502694,14,5,0.28342260322502694,1,3
4.547265722104935,0.23585072570423074,7,6,0.23585072570423074,1,2
3.0621499075665186,0.3333632119036555,7,6,0.45764223412872845,0,4
18.436149881474407,0.5313607897826945,14,4,0.6413603917590003,0,1
6.165181554383686,0.5252476376872768,13,2,0.5252476376872768,1,5
2.1242164837611526,0.25192030486231776,7,4,0.25192030486231776,0,1
0.8112373060782512,0.45356873893362226,10,4,0.628944405834441,0,2
11.092055529907434,0.26108306739206644,13,1,0.26108306739206644,1,5
2.698210080204513,0.30677410988704884,7,4,0.31111703713022093,1,5
6.481152899963332,0.2052953236891605,16,0,0.35186107839741154,0,3
3.81851924394715,0.2636709722187533,22,6,0.2636709722187533,0,1
1.3308400204924742,0.568266013909936,8,1,0.568266013909936,0,6
5.523097008121157,0.31848422946784727,19,5,0.31848422946784727,0,1
0.37561402179912623,0.3270565017104636,11,2,0.3270565017104636,0,0
3.1998842180260647,0.010556444148408284,9,2,0.025127348444999413,0,0
4.746080950478404,0.23815121847345405,9,4,0.24778007144385086,0,1
3.4367059103817548,0.25173701925105424,21,4,0.28893644747003444,0,1
8.285982703960451,0.13417130291131896,7,3,0.13417130291131896,1,0
10.558947519248935,0.3043330823407127,6,3,0.3081547978595578,1,0
8.850571787005627,0.21416354195446913,13,0,0.21416354195446913,1,1
0.2375174740585736,0.31599917104871644,20,5,0.4448725920812655,0,0
1.2949878843634368,0.32430060196378685,14,1,0.39720449719273615,1,2
4.615085230965978,0.1088491284354711,17,1,0.20467873906198072,0,0
16.383803464894417,0.2202596435033621,6,6,0.31804450298266357,1,1
10.8092872200506,0.3154748565521667,18,3,0.32839357601046126,0,3
11.091293672213173,0.5368598862313451,6,2,0.5368598862313451,1,2
2.1676116758397375,0.3513438345591481,14,1,0.3513438345591481,0,6
3.3669047119745095,0.16761296401651446,13,1,0.2597175411457754,0,4
3.817266818234396,0.37980095184877044,14,3,0.37980095184877044,0,1
1.0273752302839578,0.6415097778643521,6,3,0.648355622175315,0,0
0.18936587647814573,0.4833412945178037,12,2,0.4833412945178037,0,1
17.61379773600778,0.40950530608712404,6,0,0.40950530608712404,1,4
1.6522493895039188,0.4451180350964643,7,0,0.5695440614246016,0,3
1.646217696114814,0.5879908082857261,7,1,0.5879908082857261,0,1
0.5223675304330044,0.515125358803532,7,3,0.515125358803532,0,2
15.828997523724139,0.41335207622353154,17,5,0.48044176703771035,0,2
5.2012490801932945,0.513728443918017,15,3,0.513728443918017,0,1
6.598340863113144,0.08366978074718781,10,2,0.08366978074718781,0,2
14.553731323271823,0.0,12,3,0.0,1,5
2.5444038876958572,0.331419730128766,10,2,0.331419730128766,0,5
5.829351134255748,0.3137361419301077,12,6,0.3137361419301077,0,3
0.2374332470300636,0.19121798929734846,7,0,0.3466746845857007,0,4
1.2404664929728035,0.4651705339655419,8,4,0.5741122832321228,1,6
10.675872544873226,0.0,16,3,0.0,1,0
8.734338842876742,0.19304554878843921,22,1,0.19304554878843921,0,0
2.5906329679327667,0.203008891024477,7,3,0.203008891024477,0,3
2.837429028743907,0.0,10,0,0.0,0,2
4.575683703031662,0.5989462014538608,6,5,0.5989462014538608,0,1
0.0014462023885838025,0.02815974626733536,22,4,0.07473774722913082,0,1
1.6564528306621178,0.1823319885384628,12,0,0.1823319885384628,0,2
1.4009197058743894,0.48159595156102675,22,6,0.60865320090848,0,0
1.7299572531767247,0.42920906868574626,10,2,0.46913362831776695,0,6
9.83647133937704,0.07836506070305066,22,3,0.21839653829264508,0,2
1.9683071550979534,0.43649784185212726,7,0,0.5025611955577368,1,3
1.2756058360147842,0.35795689573164435,12,2,0.35795689573164435,0,3
4.210263985993011,0.7666071124222935,7,0,0.7666071124222935,0,2
12.043619994647967,0.38078808321366087,18,5,0.38078808321366087,0,1
1.6572861037801385,0.27175163578629363,12,3,0.30251198103448984,1,3
0.4907509971621652,0.12869960857611545,8,3,0.22013023997789655,0,3
2.644111333591367,0.15115132660888572,18,3,0.16540015531045762,1,4
8.261672979102848,0.13484618090636835,11,0,0.1791517429141749,0,2
4.800260511613093,0.5742197627823844,10,3,0.6424337861011264,1,2
10.182843810703615,0.3035939830032941,16,2,0.3035939830032941,0,6
19.25238688076164,0.413049424794946,15,2,0.4601397294536708,0,1
9.440443599130628,0.6028495199961774,13,2,0.6565134323691155,0,2
5.555063494086778,0.0,19,4,0.0,1,2
4.079509476907739,0.555774752940075,12,3,0.5722332105931183,1,2
0.2453637723358033,0.3110793823566668,11,2,0.35260761261795204,0,1
24.93297283139298,0.38700967432808886,13,4,0.42417461634177855,1,0
2.901998019181786,0.13431935565034975,12,4,0.16157858998174898,0,2
0.9908627975673227,0.1489751203102963,21,0,0.22738078657034733,0,0
6.592433177205936,0.3977691779625976,8,2,0.6176587445203461,0,4
2.0068669890214617,0.7769195600662939,11,0,0.7963395836067262,0,0
5.288123226396031,0.5006626625629803,16,5,0.6588415554089005,0,2
5.302475264322873,0.5531045842837081,14,4,0.5531045842837081,0,2
3.5406181392899385,0.261599745947716,16,4,0.275864045237881,0,1
10.851674270155089,0.17995915508287436,22,1,0.17995915508287436,0,0
1.847039799378873,0.1438390096842013,10,0,0.1438390096842013,0,3
3.5721233350311294,0.20234525506066237,11,2,0.37118881101629164,0,0
4.629145329043675,0.0,8,1,0.08018466917126349,0,1
6.53716703887311,0.1550161314216796,6,3,0.16587583501165096,1,1
9.194079348334377,0.18792936878803135,9,2,0.30221170832998134,1,2
3.0132499858650883,0.2649283651210318,12,1,0.2901404137878254,0,2
6.231545910505598,0.32635002194945834,12,1,0.32635002194945834,1,1
0.9794277375088265,0.3724901737251221,13,4,0.3724901737251221,1,2
16.18694504243504,0.29701492551140796,9,1,0.339462387312484,1,2
2.897889419182785,0.1837113827314486,19,0,0.1837113827314486,0,1
7.845374266977211,0.0,14,2,0.0,0,1
0.12330486381219412,0.18493827831964132,12,1,0.18493827831964132,0,2
1.3778915515137973,0.10550987246259896,14,3,0.10550987246259896,1,1
4.005842111233028,0.39321334965572075,13,0,0.4252729312681388,1,1
12.634834716442176,0.4818574793387388,15,4,0.6622670911080717,0,3
4.495196790633645,0.48771421341198784,13,0,0.5043936128940132,0,4
15.944468961586143,0.45139054722556404,18,1,0.45139054722556404,0,0
3.9675298780291186,0.27329485290950234,19,2,0.27329485290950234,0,2
4.045353138233427,0.19560888690482064,14,4,0.19771016070316555,1,2
0.7652740353533553,0.15057944926658673,12,6,0.25663635077142255,0,0
9.736848704188892,0.0,10,0,0.0,0,4
1.7018647155507707,0.49837074010157156,18,2,0.49837074010157156,0,3
13.792304853605676,0.2650577924140051,8,2,0.2650577924140051,0,1
14.502874827806068,0.0507319412758252,9,3,0.0507319412758252,1,2
17.220956544509885,0.13470172485795304,9,2,0.14019506790730596,1,1
4.40669685622607,0.12660530871348954,13,2,0.22769797037692135,1,4
6.782360119728489,0.30860489700302535,14,3,0.3857901749403661,1,3
9.044426312086085,0.5134935702141372,16,1,0.6481184631195338,1,4
0.842573857444962,0.23040209008088336,10,4,0.23040209008088336,1,1
5.512119522830462,0.0,11,4,0.0,1,0
0.2093992726370876,0.26216393296821594,16,5,0.26216393296821594,1,1
4.129746941569792,0.26876121998056085,7,4,0.33315913388647,1,1
1.0093949601367498,0.25501595381289566,16,1,0.3945960397544709,0,1
1.2121311042237934,0.17450776670485965,19,2,0.21740850276509743,0,2
2.7252311464351697,0.34348781614516843,12,1,0.34348781614516843,0,0
3.398422897879433,0.31322822302980036,7,4,0.31322822302980036,0,4
5.855805333940241,0.2950339371746706,14,6,0.2950339371746706,0,1
0.46406283776977864,0.38252827228859315,20,2,0.4504571728138492,0,0
4.203348576952163,0.2140334353704293,10,4,0.2140334353704293,1,2
1.2099447147365192,0.20268286605986935,9,3,0.4024197066703884,0,4
5.119545959023727,0.57602465791708,6,1,0.57602465791708,0,0
6.086806204274732,0.4118710819430872,16,5,0.5123152558217564,0,0
4.881176510770015,0.46538921218855994,8,0,0.46538921218855994,0,2
8.04323588622494,0.5452209170668136,13,1,0.5452209170668136,0,1
2.4533088900456947,0.40518883612496004,15,1,0.538048604245559,0,0
8.691740694928345,0.4856777358272342,12,0,0.4856777358272342,0,1
3.401911613805918,0.0,14,2,0.05505291384749028,0,3
3.9720367939639107,0.3408307743992054,19,0,0.3408307743992054,0,0
6.266485678473215,0.26345630763713446,13,1,0.26345630763713446,1,0
0.11117394237188397,0.6355368181799619,16,3,0.6355368181799619,0,3
6.367798817797958,0.48552910636066,6,6,0.48552910636066,0,1
5.783205891841529,0.173910961841364,13,1,0.2045546184898561,0,0
2.2250528160662357,0.37455883170584114,7,0,0.37455883170584114,0,5
0.5381979697606445,0.3335362666898479,17,6,0.3335362666898479,0,4
0.5720350507741829,0.39086628663044576,9,4,0.39086628663044576,0,3
15.401159353075379,0.09623150612506962,19,2,0.24826432104998045,1,2
7.013165456167283,0.37200329304764507,20,6,0.37200329304764507,0,2
0.8156236295899424,0.2543697301423531,19,2,0.2543697301423531,0,2
2.647080705298321,0.35648995281112006,13,0,0.35648995281112006,0,2
5.38603568649113,0.15512296697556602,12,0,0.15512296697556602,0,2
10.831684206090635,0.18298736572068008,12,0,0.18298736572068008,1,0
0.26785651041203673,0.5347684040733405,15,3,0.5347684040733405,0,0
1.6200992369695668,0.08969048833196777,22,1,0.17774336017041964,1,2
13.22997363827142,0.10444911979159027,12,3,0.12189299104215186,1,1
0.05524687364390932,0.2896837485568844,11,6,0.2896837485568844,0,0
1.3493637652795647,0.14562192496280907,12,1,0.3857214924946424,0,3
19.16863826442975,0.12299427354744025,19,1,0.1822140441228023,1,1
5.702216931187133,0.321015194241659,13,0,0.6764201692165062,1,2
1.8201975050415868,0.0,7,5,0.12933674392022712,0,0
0.4160431983158327,0.09840755301727239,7,4,0.09840755301727239,0,1
0.17157807726968638,0.7108191165847286,21,5,0.7108191165847286,0,1
1.68419966313984,0.3918950117938018,8,0,0.3918950117938018,0,0
12.79633595789987,0.15068732954601777,19,1,0.15068732954601777,0,1
3.2262387291160906,0.38364301565323944,12,4,0.5113456603156996,0,2
7.644941935856188,0.41346609539732593,7,1,0.41346609539732593,0,2
15.027108770429617,0.4988828840180477,13,0,0.4988828840180477,1,5
3.1459019624158184,0.2745687941086539,14,5,0.2745687941086539,0,1
1.2737956642305388,0.49529954055457787,18,6,0.561421964430981,0,3
4.367896910442665,0.0,10,4,0.10979888812974858,1,0
14.321260547180067,0.08873837390484934,19,2,0.16618820190752476,0,2
9.78931633721369,0.3327742803472911,19,4,0.345797850548396,1,4
0.408580060756726,0.3659267065615583,19,3,0.46844069299272156,0,3
7.077101807907759,0.11764354246627162,21,3,0.17105648537778856,0,0
5.090356071317102,0.35188399825263184,13,4,0.4308545877999463,0,1
14.280891720778891,0.1752319502625479,12,3,0.1752319502625479,1,0
0.7839428789266503,0.24460818115456687,11,0,0.24460818115456687,0,0
4.581882864040828,0.5049547601330022,19,1,0.5669714104703489,0,2
12.694775859330809,0.4817874993777199,22,1,0.4817874993777199,0,2
3.1660383564391985,0.10058793452734749,20,2,0.30446839165649237,0,0
3.94662135266564,0.0885497075959793,14,2,0.1309380823028317,0,0
0.4383970073543648,0.21776532088933673,14,5,0.27528622999517305,0,3
1.955574647233612,0.29465073976541495,14,0,0.4000468437863282,0,2
2.3538717897578225,0.1684203022850518,22,0,0.19541977198205096,1,0
17.41590549928209,0.5081284885599335,14,4,0.5552613100462502,1,4
1.993293681997166,0.36947796834171104,12,3,0.36947796834171104,1,5
3.7067772234008975,0.38121702197488583,7,5,0.38121702197488583,0,4
6.675739536948976,0.046692234211005657,8,6,0.046692234211005657,0,2
1.0617361436044983,0.533458143476756,18,1,0.533458143476756,0,3
3.9983583569638412,0.0,13,5,0.161110590123532,0,2
8.048821782965668,0.4668110903698738,15,2,0.4668110903698738,1,2
12.09790871414997,0.48686234753415425,7,1,0.48686234753415425,1,2
5.905157818412684,0.2135197625444077,18,4,0.21445945383113907,1,2
6.63479156622617,0.5545820434494848,12,6,0.5998762265061997,0,0
0.8099957716655626,0.2873804894091307,14,0,0.2873804894091307,0,3
17.487845006314316,0.3124863406654886,19,4,0.3124863406654886,1,1
0.8533509763210063,0.36790575748084325,13,3,0.36790575748084325,0,5
8.941213918346131,0.9373149823622111,13,6,0.9406134458046385,0,0
1.8458094518835968,0.5688867816166009,22,1,0.6331313333081308,0,0
16.271729821915002,0.4402262401425836,22,4,0.4402262401425836,1,0
7.63692710400284,0.11743910267976099,7,2,0.11743910267976099,1,1
8.410000591884925,0.3287179650958984,14,1,0.3668844524621395,1,6
1.4835353866470946,0.13737518123072268,8,3,0.25538510541208626,0,2
3.511570877810099,0.46442216945656256,20,1,0.5557382988469175,0,1
5.771074623040846,0.32809339514697133,10,6,0.366377937621077,0,1
8.817367639123908,0.07509566407722093,21,4,0.07509566407722093,0,1
0.6586171659090695,0.31622491668370056,12,2,0.31622491668370056,0,2
19.67897531428654,0.13011650605673888,8,0,0.13011650605673888,1,3
13.25569814427535,0.3302432442675094,19,2,0.4316639388463109,1,0
1.8911302806965882,0.12818453672694868,11,0,0.12818453672694868,1,0
10.381511423139301,0.30549752667216257,14,1,0.30549752667216257,1,2
4.382900582118088,0.450093972387019,8,2,0.48899045635846616,1,4
3.717222502787582,0.2893896016149788,22,0,0.33905032151474324,0,0
2.2650639532113517,0.22182234656552224,12,3,0.22182234656552224,0,1
5.218856337783846,0.3406552442114925,16,6,0.3406552442114925,0,3
7.853536374695222,0.4394365241585706,7,4,0.5993311206446427,1,5
3.1752911300544313,0.07856334602364787,13,0,0.07856334602364787,0,2
5.952865246257746,0.3521312309410405,11,2,0.3521312309410405,0,2
7.210110960987931,0.56350816380348,10,6,0.6246650723423345,1,2
7.450501151367285,0.41473139265534303,16,1,0.426254906648429,0,1
0.3201900954092487,0.3115508293334456,17,5,0.3115508293334456,0,0
11.785878533774708,0.42794750133977894,21,3,0.42794750133977894,1,0
3.6777405432558172,0.3904992912205365,15,3,0.3904992912205365,0,1
1.8262524582654929,0.4507202218319628,11,1,0.4507202218319628,0,1
1.6605675926485768,0.0,20,5,0.18978127366373698,1,4
3.9584382145007826,0.0,20,3,0.0,1,0
13.073266615505977,0.5009658298966474,22,2,0.5009658298966474,1,0
2.8522449325904393,0.0,17,4,0.0,0,1
8.311187697197864,0.380307727143841,6,1,0.380307727143841,0,3
0.6109920289977835,0.22959006879354166,18,1,0.2872495201933416,0,1
3.878230864369153,0.1007621508808006,7,1,0.1007621508808006,0,2
28.7389879475926,0.3699299514294947,7,0,0.3699299514294947,1,5
8.829487646403031,0.3402067007433141,19,1,0.48295771443474167,0,5
1.4183491805567623,0.7220685304192755,9,2,0.7843651674222698,0,3
4.176205749918095,0.17503775909282215,19,2,0.18135085590040198,1,2
1.5965001869851645,0.5880220240138347,14,1,0.5880220240138347,0,2
3.1613329666485313,0.3704845828768629,22,4,0.4379378830694618,0,1
9.0870583899008,0.1677956236914575,12,1,0.2315740555381911,0,2
8.850092902773689,0.45984929150344905,14,4,0.45984929150344905,0,2
1.5534045636043599,0.4131477008907902,12,2,0.5229798909608258,1,4
15.323481671620272,0.30716865897160983,6,3,0.5305446851740012,1,2
5.387290079814021,0.35325907128812467,6,5,0.35325907128812467,0,2
2.8674821822783674,0.18060259379089366,7,5,0.18060259379089366,0,2
4.1821551267690396,0.13484257494909863,7,4,0.21518329181948476,1,3
5.574299512817715,0.45188843476451657,15,3,0.5450866742142791,0,0
4.924390750521989,0.2552121151373452,6,4,0.2552121151373452,1,0
3.997921986283916,0.2839834003501815,12,1,0.2839834003501815,0,4
4.218370657873248,0.3559643191888554,6,4,0.39946609432258223,0,1
1.1645085921357163,0.3530576689567616,12,1,0.3530576689567616,0,2
10.051316171873278,0.014134705805187053,7,2,0.02823935520660236,1,3
4.6821774770727425,0.5572504172909718,20,5,0.5572504172909718,0,2
0.8430243518144014,0.32423643038013567,19,2,0.32423643038013567,1,1
8.718634580294701,0.2594693474355701,7,2,0.38011678887678296,0,2
16.168788452139058,0.38616920103394936,9,3,0.6017262434345237,0,0
17.65962448390411,0.3473084387229726,7,4,0.45234484101256156,1,0
2.762865113482338,0.45341253789794045,13,1,0.4702346335488586,1,2
0.8737409540290567,0.40759673443018823,16,5,0.4556817667961343,1,1
4.383843658345544,0.44356924579925333,7,4,0.46657370861589353,0,2
0.7168190431801249,0.5701987811455032,11,2,0.5701987811455032,0,1
16.30745955915795,0.4767249097941944,10,1,0.5190345358523649,0,0
1.2169553646824107,0.2679027559342875,13,0,0.2679027559342875,0,4
1.7482602148066368,0.07541976878463344,6,1,0.15494387741686624,1,0
3.1316887696162685,0.633559586600903,18,4,0.747885423623562,1,2
2.8989171137687295,0.25245532533057746,19,1,0.25245532533057746,0,3
9.49861333863928,0.20537851732789553,14,0,0.20537851732789553,0,2
3.6563315550013407,0.0,14,0,0.02441896464704182,1,2
1.1235337277936315,0.3676946210624223,18,1,0.38979508204322144,0,2
1.8653758162733158,0.329777320790754,7,1,0.5499322493376597,0,5
4.269252629505234,0.0,11,0,0.0,0,0
0.9571680928818433,0.39065480842663514,6,4,0.39065480842663514,0,3
5.675177393960972,0.20036161585971218,19,5,0.20036161585971218,0,3
5.004772028098165,0.8380630014577388,18,0,1.028963688038101,0,1
7.525332839437532,0.18612776158182634,13,4,0.22691503723583523,0,2
16.65520763441363,0.21296133356044133,19,2,0.22367521699092693,1,2
14.599892378086992,0.12504475514912644,6,6,0.12504475514912644,1,0
17.521035290463857,0.5555753042083944,14,0,0.5555753042083944,0,1
1.683965447880896,0.22544484110704938,18,5,0.3785294979052292,0,2
0.8463773452624165,0.15501716924690065,16,6,0.26529852954956806,1,1
2.1595960431835244,0.4413910019841085,6,0,0.5860654259594791,0,3
13.527638563220227,0.023929412917362947,7,2,0.023929412917362947,1,3
21.46477441678304,0.42502210924978945,9,3,0.4989078583276632,0,2
11.767815995059454,0.6562799433201716,10,0,0.6562799433201716,0,6
0.6993223670006888,0.4133215665670178,19,2,0.4133215665670178,0,2
17.673429500740014,0.42757966325198493,16,4,0.4588956374327214,1,1
3.3032022184253553,0.4740120433814968,7,4,0.5916809321110577,0,5
0.05612341453168976,0.6419416057351037,6,3,0.7351357507334052,0,0
3.504613165529046,0.5419787920038208,13,2,0.6683065113575564,0,4
0.282984690380204,0.3879339444546047,13,1,0.528211423234886,0,2
4.709968731273304,0.48077828012720025,16,6,0.48077828012720025,1,2
2.4799618373563512,0.12281301490697785,6,3,0.12281301490697785,0,2
3.8482822327593613,0.4552587181494644,13,2,0.5114856953501574,0,2
5.698625349067006,0.09888880576325046,12,3,0.1836381040774913,0,1
12.186244528662002,0.22659551627367464,9,4,0.22659551627367464,1,5
6.506509392106745,0.0,6,3,0.007466883953750295,1,0
3.415485267443576,0.3802859318734924,13,3,0.44891871781484455,0,3
10.269749270470632,0.17122559777832944,17,2,0.3246487397933755,1,3
14.16015001864228,0.5222290430408925,7,0,0.5222290430408925,1,2
0.765363859713903,0.3780385221210806,13,1,0.5011067566567604,0,2
4.554862697764989,0.524819178940325,17,2,0.524819178940325,0,1
2.008742372093245,0.08328069106549243,19,5,0.08328069106549243,0,1
0.2892275605214851,0.5076772074319266,9,6,0.6327541890171362,0,2
6.625610036101713,0.7211712688726655,18,4,0.7211712688726655,1,2
11.916615564541743,0.45283165998637886,6,5,0.5064759164231804,0,1
1.0668894741655632,0.4580698017384578,20,4,0.4580698017384578,0,1
10.041096281360119,0.333919535278987,7,0,0.333919535278987,0,0
11.520110323222127,0.19506624388692712,12,5,0.3426109377071421,0,0
14.744246847140754,0.45223847454030175,18,5,0.49473875785667304,1,0
1.8496363879219624,0.0,19,5,0.12817164283386248,1,0
14.057509816302407,0.2164489750158367,16,3,0.2164489750158367,0,1
2.3198255724000236,0.0,8,5,0.1319275216108444,0,2
4.822300953969358,0.1592687245369834,6,2,0.1592687245369834,0,2
0.3109657016152604,0.42840901837871226,15,1,0.42840901837871226,0,0
0.26923793468597557,0.40107867524409263,14,6,0.40107867524409263,0,0
7.645796805196417,0.31018273910709454,8,5,0.3478711160892053,0,2
3.5271037638461635,0.33408019881240214,14,4,0.37334125486565506,0,1
1.7766437941907627,0.0,18,5,0.06127790724974265,0,3
1.2673899034747478,0.225487543885817,13,1,0.26301448011977746,1,3
6.651130185972114,0.163729678712958,21,4,0.20271587474664965,0,2
0.0024097479943790976,0.16818806189709182,17,2,0.16818806189709182,0,3
9.83601776213923,0.4199157255627507,12,5,0.4426350684217554,0,4
0.4953977753168254,0.1278985346989379,22,4,0.17184198342794674,0,1
1.275370530957323,0.1790638299745178,17,0,0.1790638299745178,0,0
2.9288726016017126,0.0,19,4,0.05332003359652896,1,2
3.9798847446967915,0.24117536392476607,10,2,0.26329175027193263,0,3
2.630984339001296,0.08243249045727602,19,1,0.1878395532975074,0,1
2.320261986377071,0.3158405857379287,7,1,0.4665342196977045,0,5
19.931436358640678,0.10977839065150705,13,5,0.2662813075086863,1,3
6.156293439174403,0.32090844910984323,13,3,0.32090844910984323,1,3
0.1422712375461001,0.27106284785153134,6,3,0.27106284785153134,0,1
3.3745654625377357,0.6344083546084642,16,1,0.6344083546084642,0,1
12.477066852321887,0.39944359609063873,21,0,0.4026181943165666,0,2
2.152544261994644,0.0,7,3,0.0,0,2
0.5959813718127907,0.04702223117945831,14,6,0.14461814873494078,0,0
8.522452700455165,0.3110416017984666,7,6,0.3110416017984666,0,3
5.588636860423218,0.11403041032146982,12,6,0.13453207260776756,0,2
5.068182581409333,0.0,20,6,0.0,0,0
0.3303911920182109,0.5699092627667487,16,6,0.5832864753814311,0,1
0.9084198125371628,0.44404480338108154,6,5,0.44404480338108154,1,1
5.845893418502692,0.4041953746983543,10,4,0.4041953746983543,0,1
1.3978289369966772,0.17853539090581697,7,6,0.17853539090581697,0,3
4.207923912329565,0.3855353542019859,21,3,0.49651486302447984,1,1
4.723187178772086,0.15912793515582366,22,6,0.17051286468071983,0,0
2.0003224022054544,0.3409714600435382,16,3,0.3409714600435382,0,4
17.788327415163266,0.11588335483270448,15,2,0.11588335483270448,1,1
11.088611721436077,0.6032576901112028,19,6,0.6032576901112028,1,2
7.688871727821329,0.0,12,0,0.1059381156932106,1,1
0.48722041777979386,0.5464567659021662,8,3,0.5466236144382408,0,1
0.6731696991245282,0.307783165603466,12,0,0.307783165603466,1,3
4.072878587268104,0.20210660093160182,15,0,0.20210660093160182,0,1
1.0512178390089855,0.33340058433914765,12,2,0.33340058433914765,0,0
22.973116447059706,0.44666960143563617,21,6,0.44666960143563617,1,0
1.0355598649823736,0.5733493473388794,17,3,0.6105910168772691,0,3
4.010350859211659,0.36262860462670643,12,4,0.41561758086698675,0,1
2.7164824482294896,0.12186078294754452,12,0,0.1929958613279052,0,0
6.11968988098708,0.3111260247531577,10,6,0.3111260247531577,0,1
0.8289306255246346,0.6633586473324746,12,6,0.6633586473324746,0,2
3.3760452552933904,0.5695356171025248,7,0,0.5695356171025248,0,3
1.9270611334111174,0.4817526956248717,18,4,0.4817526956248717,0,1
13.12224201163977,0.45913740402447734,12,2,0.45913740402447734,1,2
0.2485937851453603,0.43989001812130835,21,6,0.4813517324413396,0,1
14.701465908322783,0.531750966901974,11,6,0.531750966901974,0,0
10.73835821217775,0.20867424285561892,9,6,0.20867424285561892,0,1
2.1192632808833096,0.028982786844998776,22,5,0.028982786844998776,0,1
9.343653632781797,0.31380070014741224,14,4,0.4787838276681474,1,1
0.19026650332689393,0.13648368264446178,12,1,0.13648368264446178,1,3
20.443090567181912,0.08899584892456308,16,2,0.08899584892456308,0,2
4.48682339276718,0.15594428468241361,7,5,0.15594428468241361,0,3
2.1682388598432447,0.7970627849067373,14,2,0.7970627849067373,1,4
2.7019892401773484,0.32722492681516885,21,4,0.32722492681516885,0,0
0.4122775934305082,0.3723815672721976,7,2,0.3723815672721976,1,2
27.25289854807343,0.05552743859914916,16,2,0.05552743859914916,1,2
0.24050825548293486,0.0,21,3,0.034294387676088514,1,0
6.383650139482473,0.1361894713762388,16,6,0.1361894713762388,0,2
3.5082963235716758,0.5876391170417496,7,4,0.5876391170417496,1,2
17.845729281194792,0.3668550932153042,19,2,0.4452256657026711,0,1
1.6941753993212654,0.4197190182888784,15,3,0.4197190182888784,0,1
4.556835129064502,0.44771320784041224,12,4,0.44771320784041224,1,1
3.95080760776104,0.18173012404034444,14,3,0.33271146072424324,1,3
7.2814413475421675,0.5775931167946735,14,3,0.6117000292999131,0,2
0.422600657079189,0.17343848015556354,7,6,0.17343848015556354,0,1
1.2924596724734227,0.5812464718525105,16,0,0.5812464718525105,0,1
1.449104072982931,0.38846043122706814,8,5,0.38846043122706814,0,2
8.039918045918174,0.0,20,4,0.08765065231269642,0,2
1.2579495503441593,0.15039810267989298,17,1,0.15039810267989298,0,1
5.112741607878022,0.0,18,2,0.0,0,0
1.4542932528598427,0.5326564265588417,8,0,0.668860658368732,0,1
11.866725163340067,0.29505291583951976,15,1,0.29505291583951976,0,1
17.103089295207404,0.0,16,3,0.0,1,2
4.385006747441778,0.37514937634393164,15,3,0.37514937634393164,0,0
2.6060482166216525,0.19256714752233597,20,2,0.24692115678861587,0,0
1.5998912183455851,0.00323882899333533,6,4,0.00323882899333533,0,1
0.3063767774502228,0.6355931673937394,11,3,0.6355931673937394,0,0
1.8759489761283255,0.3214571732193157,14,1,0.3670497912486311,0,3
6.37198908685324,0.2413137195373375,19,2,0.2484453118219055,1,3
4.576487680354451,0.22011504380279656,16,4,0.24142459871158542,0,3
17.298845833242883,0.0,7,0,0.0,1,2
3.027841381803846,0.039090220083178084,7,2,0.1474734614999263,1,2
7.102342098149905,0.5569833569750167,6,1,0.5971072896081039,1,0
4.032104928463216,0.20522342604285615,7,6,0.20522342604285615,0,2
4.31172804674412,0.3044135401873727,15,6,0.3044135401873727,0,0
1.869998994943658,0.0,21,4,0.19055385295770091,0,1
3.641275024057148,0.03638159284089881,15,5,0.0728331913650816,0,1
3.818162980962451,0.42196250397495055,20,4,0.4921913762687862,0,2
7.358180108075496,0.3755423520227667,14,6,0.3755423520227667,1,5
16.94480799847195,0.6506750397448631,12,2,0.7514518565027193,1,0
2.3967903640287753,0.5685912663262452,22,3,0.5685912663262452,0,0
0.2587006818024683,0.2538578055030354,21,2,0.2848520229027945,0,0
4.114588493347765,0.3945907129426542,17,4,0.3945907129426542,0,2
4.717648049306602,0.2366793114193852,18,3,0.2366793114193852,0,1
1.1067149218326797,0.7109619637277298,8,2,0.8134944469699673,0,1
8.574324547928931,0.5298029392104799,13,6,0.5298029392104799,0,2
25.169940641670912,0.33393701817155025,6,0,0.35760377621434986,0,1
17.487648020663535,0.34007895697527024,10,2,0.3661865602820428,1,2
1.3171957625085797,0.5889700574519616,7,3,0.6142220713441842,0,1
12.49411014759933,0.4159155694227694,6,4,0.5573973018972267,1,0
7.314389444292121,0.6117256034140173,18,6,0.6117256034140173,0,0
3.629131944281532,0.0,10,4,0.044786820310211486,1,5
4.667147525609968,0.3922456522997596,10,2,0.4958485627142811,0,0
11.366748185485616,0.196913027063723,13,1,0.196913027063723,1,1
3.92511600232199,0.6512755975255985,15,4,0.6512755975255985,0,2
2.8028371516695803,0.6092797374379659,19,6,0.6092797374379659,0,0
4.078395279005488,0.30656716182026134,7,2,0.3626219893473456,1,0
5.192584895788405,0.6071261957622063,12,4,0.6179231167717717,0,0
1.257497880615532,0.6566229039985012,20,3,0.730186036027274,1,3
13.87022307240623,0.31488133438522947,7,3,0.31488133438522947,0,2
6.728589148653372,0.7943867544863715,13,3,0.7943867544863715,1,2
6.018758665830242,0.2937317694660555,17,5,0.3300876794499789,0,0
0.6288055414230482,0.2570958099328182,6,2,0.401163589004111,0,0
5.560682412182491,0.4731745177168687,6,2,0.531371391532005,1,1
0.7735537766466387,0.22924185377153722,16,4,0.22924185377153722,0,1
0.49180223684747837,0.31706795515897873,7,2,0.3359411676574527,0,4
4.495904347516123,0.5818868848101819,16,1,0.7945070987201509,0,2
3.0928739438848236,0.30384377044345406,10,5,0.30384377044345406,0,2
5.3322032472836565,0.0,14,0,0.0,1,2
0.5607377051651853,0.37346387756983934,13,3,0.37346387756983934,0,1
3.383070472642747,0.16074128418952102,6,0,0.16074128418952102,1,0
1.1526803930512104,0.4730542314589092,15,0,0.4730542314589092,0,0
26.10320777052555,0.4392379431652491,8,4,0.48675369450640105,1,1
4.941588564099188,0.5942800696333044,13,3,0.5953838334909193,0,5
6.9776927113487766,0.4815064601585394,9,2,0.5001277829474564,0,2
2.361974731637475,0.5180488567316129,15,1,0.5734145023521929,0,1
0.5971913095889272,0.16618064797245732,10,4,0.16618064797245732,0,1
22.346010933732604,0.46079729917810053,11,5,0.5752967433602535,0,0
2.0234110627366366,0.6936902578720581,10,2,0.7351761155079757,0,2
3.3078879712257105,0.16227001827264653,18,5,0.2595631768583818,1,5
6.296600429546531,0.6599476583454196,15,1,0.7016831193640796,0,2
0.15004435353934026,0.1901299817597339,7,2,0.22907289319719393,0,2
9.9725758951939,0.12960575099000513,8,2,0.12960575099000513,1,2
4.614705617896027,0.35924008867096763,7,4,0.35924008867096763,0,2
1.95618599074418,0.4431820832257619,8,1,0.5303136137602031,0,2
0.38152494693168315,0.482350024794453,11,3,0.5257783932418745,0,0
1.0639927398833349,0.10764751584535961,6,1,0.10764751584535961,0,1
13.524704676591279,0.38690801945085807,16,0,0.5201962035796875,1,1
6.950636654054751,0.16288908570329894,19,0,0.16288908570329894,0,1
1.7253062593140336,0.0022155487858846468,17,2,0.0426307222520699,1,3
0.40710891334122973,0.11425273689344304,14,0,0.11425273689344304,0,2
7.03901899591019,0.14981992680883632,14,4,0.14981992680883632,0,1
5.097511009243279,0.40431903207050146,15,3,0.40431903207050146,0,3
3.110320064327877,0.5304427326137338,10,3,0.5304427326137338,0,0
2.711675839420149,0.0053586740249466636,8,5,0.0053586740249466636,0,1
1.4663124937493992,0.3703922148416111,10,1,0.3703922148416111,0,2
6.644911844035017,0.06466036284581869,14,4,0.16055229470042023,1,1
21.1744629378745,0.4258170818028001,6,4,0.4258170818028001,1,2
1.1594353999761584,0.17545388379925042,7,1,0.22399353736722522,0,2
5.45464883162947,0.08973419639534422,21,6,0.08973419639534422,0,0
3.3118136834617813,0.45993290306951495,17,1,0.45993290306951495,0,2
3.551007274012365,0.182615478910981,18,0,0.182615478910981,0,3
1.7593627482860015,0.23680720972946034,12,6,0.3033657651773586,0,1
10.46244192167841,0.0,19,5,0.1477927016748845,1,3
3.98450892154691,0.48931027228469476,13,5,0.48931027228469476,0,2
4.70376217123413,0.46418170423382143,11,3,0.5219871832967963,0,2
2.1809968932706987,0.30109156885626276,10,1,0.460621861390511,0,2
1.2039529214202696,0.0,12,0,0.0,0,5
0.5389600127530144,0.5418738356669526,15,4,0.6878513873281216,0,1
7.513080789689948,0.16674732272784173,17,2,0.1700917507801671,1,1
1.3106846844067856,0.20932930997988236,16,6,0.20932930997988236,0,0
7.028556534477464,0.7624088112719063,10,5,0.7624088112719063,0,2
2.969481821890343,0.15927271117815406,8,0,0.15927271117815406,1,1
3.224812534442519,0.44844199248530003,10,3,0.44844199248530003,0,1
3.799965487288423,0.41241845241652353,12,3,0.41241845241652353,1,1
2.7504286190877583,0.37803443857601704,10,2,0.591794136437636,0,1
0.636297699684105,0.3564001085109022,19,0,0.3564001085109022,0,3
2.223181290106776,0.37527771237783986,9,0,0.39289394634247693,0,4
6.539123029201763,0.35438811818810806,10,1,0.35438811818810806,0,3
6.57581393801814,0.2896163282447878,16,4,0.2896163282447878,1,0
2.0231191307888063,0.6022566248221485,12,2,0.6022566248221485,0,4
3.698257239998128,0.03746788784014432,16,6,0.03746788784014432,0,3
1.2899157013100633,0.5042916208030753,19,6,0.5321980038858349,0,3
1.4171606024977925,0.46446845973751033,21,2,0.46446845973751033,0,1
0.13990095022201532,0.43967982426588026,18,3,0.44825574289204173,1,3
13.623411796572977,0.5233958855280257,16,6,0.5233958855280257,0,1
1.4197034795363455,0.2814801209463214,18,2,0.33256705859815805,0,1
1.549002748867621,0.0,12,5,0.0,0,3
1.9677039261743792,0.28554146805710284,18,3,0.30401052831212144,1,1
0.8177236110124355,0.1017611564750891,7,6,0.152118256020571,1,1
6.117634765081817,0.15362815802838722,15,1,0.15421512552255284,0,0
0.4686965843317912,0.05151606523351762,6,4,0.05151606523351762,0,2
0.8646248783275237,0.2045310283112331,7,3,0.29017477880191095,0,3
6.20971468194557,0.18067526120331015,6,0,0.3660910659838541,1,0
2.4900081883877165,0.0,7,3,0.037088928244606044,1,3
7.384936901961565,0.4400443822564578,11,2,0.4400443822564578,0,0
4.890868562712696,0.7440643716009765,16,4,0.7440643716009765,0,1
1.7744562178200347,0.42124743869925774,22,1,0.42124743869925774,0,2
6.3131429982786145,0.25941520869315443,7,6,0.25941520869315443,0,1
0.7416471442189339,0.28905072086475686,7,4,0.28905072086475686,0,3
4.612533386414668,0.21580282639736476,12,1,0.21580282639736476,0,3
3.44843249683805,0.31800831677339164,14,2,0.31800831677339164,1,0
1.8708124731772107,0.29259838118535325,13,3,0.3132656069558845,0,1
5.558122130169537,0.13179031392034107,22,3,0.13179031392034107,1,2
12.303193267168915,0.6365776777895663,10,4,0.6365776777895663,1,2
40.0,0.00256915285804582,14,2,0.00256915285804582,1,1
5.615330642780038,0.44366630863884926,11,1,0.44366630863884926,0,1
3.11219800030938,0.2797604745364936,18,2,0.2797604745364936,0,3
1.530957068552784,0.6801663630131489,16,5,0.7232793985977265,0,1
1.7831314131966645,0.3681729198496443,12,0,0.3681729198496443,0,5
3.9172733841423684,0.22801889256335034,7,6,0.24343317633726116,0,2
2.746341958214721,0.25045856031310054,12,0,0.25045856031310054,0,1
14.70752154860148,0.30798133890395224,13,0,0.30798133890395224,1,2
2.756001037599631,0.07144186100071981,8,0,0.10889306050042127,1,2
2.8051083999002513,0.14662609497641763,10,3,0.14662609497641763,0,3
2.902517635103776,0.0,10,6,0.1005511312584102,1,1
10.870066743999669,0.1154046203251812,10,2,0.1863902237899818,0,0
6.312462060722215,0.31878129633208996,12,1,0.31878129633208996,1,3
5.714132647678062,0.3600350098569042,20,1,0.5153672739637063,1,2
2.44008227896553,0.0,17,1,0.0,0,2
10.219333377225954,0.2725576593911599,7,0,0.42621870897000813,1,1
0.23471480473520948,0.41268199016442647,14,5,0.5509570893334556,0,1
12.278230811671273,0.2674175613247529,11,0,0.2674175613247529,1,0
4.313866409628657,0.1732422708444399,15,2,0.1732422708444399,1,2
3.0474815557180586,0.2175677709903572,16,2,0.2175677709903572,1,2
4.1249863814033,0.1918473290045556,7,1,0.1918473290045556,0,2
6.605168445855245,0.17265388817838853,13,0,0.3095598897472211,0,1
0.07708562810173446,0.33476470504896966,9,5,0.33476470504896966,0,3
12.313380049801374,0.7615376455470902,19,2,0.7615376455470902,0,2
3.551558203312288,0.15126001661896332,16,4,0.22436545795485346,0,0
2.5201218146117945,0.2363714734677146,9,1,0.25787079427495896,0,2
0.8927095669798417,0.28966041212495364,21,3,0.28966041212495364,1,1
3.4731855721960296,0.16252911312834126,10,1,0.3182863100642733,0,1
4.114917811690719,0.5196471607046853,18,0,0.5890681553250312,0,3
3.1015319584559684,0.0,18,0,0.0,1,3
6.811534910120107,0.19378816592426484,14,1,0.218354173068605,1,2
3.2776446634147693,0.46366274726399237,14,3,0.5899000813290625,0,3
19.529750945140034,0.24118113832227323,10,1,0.2985730794053875,1,4
5.486916933963985,0.13583220822994171,7,3,0.13583220822994171,1,2
9.885267070995504,0.3881513508877528,14,1,0.3881513508877528,0,1
0.6948622417938619,0.4812686470794304,22,1,0.4812686470794304,0,1
3.0379276311061627,0.3421270890430117,13,4,0.3421270890430117,1,3
2.4645036236085898,0.13975592803742332,19,2,0.13975592803742332,0,2
5.056602274196003,0.39124066383034867,18,3,0.40130267141460246,0,2
11.844590223688144,0.219590139945042,12,0,0.30040934283731013,1,0
0.4894617196128111,0.4490373763787655,16,0,0.4490373763787655,0,1
0.45205879526792364,0.5966517769713182,10,5,0.5966517769713182,0,2
11.39544171311644,0.0,10,4,0.0,1,3
1.4360193649508488,0.3222134946391265,12,1,0.3449204812927151,0,1
6.629350358904738,0.0,17,3,0.0912156422771458,0,1
4.696831529057991,0.7883577170659541,18,4,0.7883577170659541,1,5
10.734747078596532,0.2063750932407619,19,4,0.25627635684296146,0,4
0.8017980541733916,0.44927464836507447,18,4,0.44927464836507447,0,3
0.8340758025479695,0.29293662808102083,7,3,0.29293662808102083,1,3
4.882653426167395,0.13938308385618808,16,0,0.26429468329103073,0,0
17.554848191698767,0.11558939056451462,15,6,0.3081907842727196,1,1
3.216837599476545,0.6171358346201519,16,5,0.6171358346201519,0,1
2.3755435243618397,0.49118761203566214,22,2,0.6063528516552067,0,0
5.59893271920069,0.6887168174755127,19,0,0.7568276233569409,0,5
15.994135435490103,0.3110906670315398,6,2,0.3110906670315398,1,1
10.881374597236476,0.35758392424920005,7,1,0.35758392424920005,0,4
32.40025463495813,0.24656168686894236,12,2,0.297908087457509,1,0
0.13696290856762527,0.24258355937699816,6,6,0.3041173870928678,0,0
0.7185022944984883,0.09162261350452633,13,6,0.22621270366967744,0,1
5.641468565468943,0.31680203818487024,10,3,0.31680203818487024,0,2
10.308036045737612,0.14215068102276057,7,2,0.2291729118040241,1,2
2.0148871931140437,0.38838178443284055,17,2,0.46296710047571354,1,1
1.6403960522077816,0.3340020437960419,21,4,0.4818932621315114,1,2
9.278097010788633,0.3575364087351444,7,3,0.3575364087351444,1,3
0.34820220523077494,0.6350259879380452,7,3,0.7472374364283523,0,2
2.7663360896221754,0.2924564100468818,15,6,0.4378188679131908,0,1
4.229001883570037,0.4513454005706856,18,3,0.4798283557828969,0,3
4.930639847538075,0.7103018928171163,14,4,0.7334263991151501,0,6
7.825304279009677,0.5613234138590095,18,1,0.5613234138590095,0,4
2.6295948138466123,0.530633939690969,9,2,0.6155349982984842,0,0
5.691091629454967,0.23866235689589999,8,1,0.3511587534376574,0,1
5.282290808461441,0.3459286111135593,9,3,0.4063809309554923,0,1
4.759344748762786,0.03634474159401163,11,4,0.10210579771449575,1,2
6.137967782504596,0.3997828801928829,6,1,0.3997828801928829,0,2
1.8021660375807196,0.3548920355227683,21,0,0.3548920355227683,0,0
0.5306844690258662,0.3046770250312362,9,2,0.3046770250312362,1,0
0.7620364104606199,0.505438957648572,12,4,0.7077695881242417,1,1
1.5261212020233126,0.058445035515120675,12,5,0.058445035515120675,0,3
4.161258779898863,0.6269725702320694,8,2,0.696274126011933,0,4
11.01211494246908,0.48035293758805675,15,1,0.48035293758805675,0,3
7.249759586288276,0.28587320406960515,12,4,0.28587320406960515,0,3
9.336537606005807,0.27025408243652127,8,2,0.27025408243652127,0,1
2.593710021284822,0.3961222430497189,20,2,0.3961222430497189,0,1
3.111672575356359,0.6041702464127559,10,0,0.6118744465345678,0,1
3.002102940218373,0.32032154373800215,12,3,0.3524814895757877,0,0
1.278217696691848,0.32880618039584525,20,1,0.3335625426763971,0,3
0.37902335546428423,0.30362369552517426,15,2,0.30362369552517426,0,0
5.363009951810767,0.6564048225402945,9,2,0.6564048225402945,0,1
27.17853060234627,0.2262233794125952,7,2,0.3155848672652098,1,2
1.095103331252602,0.29409848027618574,13,4,0.40836125501288273,0,1
0.2868582352201914,0.5926871308521989,8,1,0.6621712227288794,1,3
9.072007656957835,0.3294021667225727,16,6,0.36333303110546245,0,1
1.7468162366826099,0.5274117720091045,7,3,0.5274117720091045,0,0
10.619182627820646,0.11774398861940827,8,3,0.11774398861940827,0,2
7.30309130894162,0.25894149567429714,13,1,0.25894149567429714,0,1
17.476462941759728,0.5968868076880457,7,0,0.6140644522538866,1,0
3.15489689164599,0.1647320568472909,6,3,0.26587180788861087,1,0
6.507720930513109,0.2697401920460585,15,0,0.2697401920460585,0,2
3.7513027871188944,0.35133704617829575,18,4,0.35133704617829575,0,2
5.975067685517306,0.10216909640140265,9,5,0.10216909640140265,0,2
3.582648028402124,0.21723797627562058,12,4,0.3250701068087436,1,3
1.2542032242613725,0.3225273363651281,6,4,0.3225273363651281,0,1
4.254408480993661,0.30933634683239225,21,2,0.30933634683239225,0,1
4.512088649448827,0.5560704041674271,18,2,0.5560704041674271,0,1
9.98348649960027,0.6082914389664507,14,2,0.6082914389664507,0,3
7.979953881129019,0.12878302559981772,6,5,0.12878302559981772,0,0
6.540144866411868,0.3222537038334979,14,5,0.3843647680025908,1,0
0.7220808107680258,0.4348496616849531,7,5,0.4348496616849531,1,4
7.651014838452882,0.6032694931598395,16,5,0.6865255547447237,0,2
4.162546077513527,0.4436980594634259,20,2,0.4436980594634259,1,0
13.471533875369069,0.35818268031846634,19,0,0.35818268031846634,0,3
15.144699725688906,0.4333085063965261,11,1,0.4333085063965261,1,1
0.3404164173563344,0.434753766867252,16,1,0.434753766867252,0,0
10.310214115583511,0.1144571415431263,7,4,0.1417618227000444,1,1
0.23055788886475162,0.33855975850125375,12,0,0.33855975850125375,0,1
2.7453171829848664,0.5918321988377383,17,5,0.5918321988377383,0,3
4.689247668351409,0.25852864626119904,10,3,0.25852864626119904,1,2
0.9617224043975775,0.3258893285094888,12,4,0.41383254734882857,0,3
8.229943550140781,0.2514967100947956,9,1,0.2514967100947956,1,2
0.050338801970497934,0.0,11,3,0.006015905242868463,0,0
1.107858645778675,0.30411803544693583,12,1,0.4587826510850844,1,3
5.216397501788792,0.3603583861305745,22,5,0.6297281450015956,0,0
7.51871699505241,0.19750132182381958,7,1,0.19750132182381958,1,2
14.907743532517426,0.06907261022305436,21,6,0.206529221872745,0,0
7.3347894438724515,0.12387870804367013,19,3,0.12387870804367013,0,5
6.684413642350001,0.45283752322711285,7,1,0.5240299558303982,1,4
3.0086303952047215,0.6945049546093811,18,0,0.871946794379721,1,0
0.0077115066496561725,0.5764866681810865,14,0,0.6374510314805689,0,4
0.7680861823435294,0.0311307990338896,6,4,0.0311307990338896,0,1
4.58856218212179,0.4709254621101406,16,3,0.4709254621101406,0,1
6.745978951711837,0.16736752483814196,12,3,0.16736752483814196,0,2
3.2420238868373685,0.18354658749824454,13,2,0.18354658749824454,0,2
7.871108070373432,0.20760488040574318,19,2,0.20760488040574318,0,3
4.427139017400574,0.44121338997108606,10,1,0.44285445373108834,0,0
0.4624280307630706,0.49185067528980764,7,0,0.5183639013222224,0,3
1.2792799994843849,0.2803937857440424,14,5,0.2803937857440424,0,1
10.995422154507661,0.28378585179839505,10,4,0.28378585179839505,0,1
7.744001679826616,0.3928527486471586,18,4,0.513397978790209,0,4
13.509184222564569,0.4135989079048484,11,3,0.4135989079048484,0,0
0.7503681828244453,0.5352451413517059,14,1,0.5352451413517059,0,2
27.766049949716777,0.04312560489816025,17,1,0.0753919082912059,1,2
1.4098297222597496,0.30400546796080596,9,1,0.42426569228821764,1,2
0.07109885261502505,0.08639512482176445,7,2,0.08639512482176445,0,4
35.76663418462781,0.28981154418731936,9,2,0.28981154418731936,1,1
1.9799801276360198,0.2547649424638478,22,6,0.2547649424638478,0,0
6.616073422125133,0.29065010921945955,9,3,0.42245838890535725,1,1
1.166478859687548,0.14005142237789364,8,0,0.3051230809915053,0,0
5.208269040466401,0.002542041358514213,7,1,0.007890332959893907,0,4
14.062629577047023,0.0,14,0,0.04156437441602041,0,3
2.315573633986167,0.2737639691470319,8,1,0.2737639691470319,0,4
6.656595271268044,0.21379977883341217,21,4,0.21379977883341217,1,0
1.2488172771707307,0.16481246703923455,13,3,0.16610765602976638,0,4
5.881702790294526,0.5645096925663322,17,0,0.5645096925663322,1,3
2.460909601823957,0.12811236264093778,19,1,0.15816620239253648,0,0
1.4235176733649932,0.5833668164277606,13,2,0.6599887479317453,1,1
2.25411609373817,0.6247687488538514,18,3,0.6888273005645269,0,2
1.1822316326887325,0.0,11,2,0.0,0,1
13.931592744218197,0.3184762917997939,7,0,0.3184762917997939,1,3
3.0368883470991017,0.22006070183280182,10,2,0.22006070183280182,1,6
1.6884452312479792,0.0,12,0,0.029465063499886375,0,3
3.569678089222723,0.011071749386317109,21,2,0.03245513646127082,1,0
2.3187076345445723,0.45498722142169484,14,1,0.571832384058173,0,2
8.185301323345247,0.703839850542253,19,0,0.7221475559552311,0,2
21.28842909522004,0.48053562853984966,16,1,0.6079494621348297,1,0
3.4578799094647596,0.36472649450259553,6,5,0.49233354021799114,1,2
11.84112997377122,0.2957335236737825,19,5,0.2957335236737825,1,2
5.006371775582583,0.6365325829296228,13,4,0.6469952154886057,0,1
1.0264074920103992,0.7296478403915281,16,1,0.7296478403915281,0,3
7.039163084177271,0.18263146409516276,11,2,0.23735521141113186,0,3
4.32230247217485,0.0,21,6,0.05420825545893482,0,0
6.309339307950641,0.0,10,0,0.052912986968099956,0,6
13.226623435820134,0.5643761984319604,18,2,0.5643761984319604,1,3
3.4835688932413635,0.2905882918451227,22,4,0.30523305470967926,0,3
13.886587285308138,0.3366483820917437,13,0,0.5170098652351167,1,3
8.333844031729384,0.0,16,4,0.0,0,2
4.023677089887282,0.1493622174423067,12,4,0.1493622174423067,0,4
5.546272143334921,0.24090383721984354,13,5,0.24090383721984354,0,0
2.3634233759638463,0.3415676766728141,6,0,0.4065865486290251,0,0
24.66185584578345,0.2202815922172482,11,5,0.26206013218947843,1,0
6.6040073347139625,0.09253476033973146,19,5,0.10086300078548155,1,3
0.2690230957652028,0.1430866014794954,6,0,0.1430866014794954,0,0
2.3726898171156012,0.5416646571894466,9,2,0.5671410214991819,1,2
5.858066888050305,0.34895692392069994,16,4,0.40679533595421286,0,2
0.34789334213447914,0.4224313613911103,6,4,0.4224313613911103,0,0
0.14504425903714815,0.12022523782453404,12,1,0.18235599080194526,0,2
3.5872864415732746,0.0,10,1,0.0,1,3
2.427005056203143,0.1953791386231007,14,1,0.38749795031966383,1,1
3.460709407887965,0.12668588911490067,7,0,0.12668588911490067,0,0
1.8285080413071553,0.3698024537256159,15,2,0.4997728160932321,0,0
1.0799135018192838,0.9571447427363684,15,3,0.9571447427363684,0,2
7.010540567975889,0.43903320352365116,22,6,0.5711095895573277,1,0
4.336334894695663,0.8471920318766977,15,4,1.0009066235121908,0,1
1.3400180037437877,0.4137539390678897,20,1,0.46320718305402286,0,1
2.310353268629936,0.17402275248545696,16,2,0.17402275248545696,0,1
5.376104404954191,0.3695832156241767,14,6,0.3695832156241767,0,5
0.44982431565409897,0.6561277198955416,9,4,0.6900107470138381,0,1
0.9571617014891183,0.6659125192642479,10,4,0.67844127993856,0,6
0.4564001617206067,0.18493252639138416,7,2,0.27758372700395606,0,0
10.038016093779998,0.35063673913985977,14,5,0.35063673913985977,0,4
8.375868178242712,0.01414662406577094,15,2,0.06007371595484419,1,1
8.397808057647554,0.46493372493828594,7,4,0.46669617673591596,1,2
7.559563638684354,0.6106709398111789,10,3,0.6535821167146627,0,4
6.6408120242064665,0.30795989082320324,17,1,0.34281411939504874,0,1
3.8889501412125895,0.16652318912797434,12,4,0.2466456491774228,0,4
6.1679975258016775,0.37202619025551253,10,5,0.4110780395207563,1,4
0.23470041323180682,0.3834918062726332,12,5,0.5260340869821764,0,1
5.8286712893951,0.31622876636992403,10,3,0.5126694200289779,0,0
9.027163036957836,0.3357430248671906,16,3,0.4449736294218637,1,3
4.163184949775074,0.2652370299061258,8,0,0.2652370299061258,0,1
2.6544552423706014,0.4991909856452812,12,0,0.5850992375951437,0,5
1.949618754101696,0.4472454890330254,12,4,0.5260103700931505,0,1
6.1767910171906175,0.10337937057117014,10,1,0.10337937057117014,1,0
7.081561077037797,0.09788187936828102,14,6,0.29393898967142484,0,2
12.286150453803401,0.24912511659468758,7,3,0.3718786416578138,0,2
2.51434920418318,0.44736742482103586,7,3,0.44736742482103586,0,4
8.812118951191392,0.32961148277816293,7,3,0.33656287873625856,0,3
4.944400368166338,0.17136991797546894,7,0,0.17136991797546894,0,0
12.865108825370648,0.352303719345166,16,2,0.35698955843363045,1,1
4.502269781776795,0.2338378960955456,6,6,0.28384970200161513,0,0
4.374260812860239,0.47609729204482626,12,6,0.47609729204482626,0,4
5.174752386914563,0.36661168701340946,16,3,0.36661168701340946,0,2
8.301357148596153,0.23694436250957124,11,6,0.29791399377947464,0,0
20.061615779027193,0.3463037544092923,20,4,0.3463037544092923,1,1
0.45845769451248886,0.5630096119048403,16,3,0.5630096119048403,0,3
0.3294912994432072,0.18607398469072448,12,2,0.22531422858923011,0,2
16.640366671589,0.38053139632943217,15,3,0.38053139632943217,1,1
4.528547956370736,0.2859079319068008,19,6,0.2969251072265048,1,2
5.725560397215919,0.3853967367724199,20,3,0.5082064391559367,0,0
3.9515888098210494,0.1690870116808539,10,3,0.2583893385896867,1,2
0.5900277405993342,0.32206708663187517,10,0,0.37130874574409384,0,7
8.768419400093794,0.5215646564833601,16,2,0.5281336593716163,0,1
8.25152465967048,0.11259860375077851,14,5,0.11259860375077851,1,1
2.2412118914186143,0.034118979334983646,19,2,0.034118979334983646,0,1
2.1937686700090584,0.04170888710260712,15,5,0.04174395268775824,0,1
10.915081755433349,0.06586749395996219,9,1,0.14319308354426025,1,4
0.45065157799552213,0.41906465757853284,19,4,0.41906465757853284,0,2
12.777094656659285,0.018828062826906855,13,2,0.0723104188396454,1,3
1.7796240480672303,0.24042093105129383,7,3,0.3040557037641405,0,5
5.393427716636872,0.4236578606621416,18,2,0.4308052994736072,0,2
16.492687479967348,0.38333181210971873,13,1,0.47258131503429357,0,4
6.80150547226811,0.22288820400750298,19,2,0.22288820400750298,0,2
3.211015361390619,0.3381847463510212,10,4,0.3381847463510212,0,3
7.018089343719502,0.32142906594751364,16,1,0.3321224323815832,0,0
2.529380689915152,0.2551518088903627,14,2,0.2551518088903627,1,4
1.9482212583019023,0.2578330562690839,10,1,0.2578330562690839,0,2
34.252669881045556,0.7470854869513921,6,5,0.861614873001755,0,0
8.336761752684025,0.4618621807862602,7,4,0.4618621807862602,0,1
6.209094026011893,0.7961301835024286,18,3,1.0310781422952275,0,0
2.6337247337905474,0.20060737341589974,17,1,0.26545196791601267,0,3
0.3024620794151788,0.2830066806223705,10,0,0.2918245878215223,0,1
0.1892961864764441,0.0335748469446705,9,2,0.0335748469446705,0,2
4.847056871504739,0.1380866395820855,20,3,0.1800552899615577,0,0
8.613732588718339,0.6803826297325002,10,0,0.6803826297325002,0,2
4.625085277727319,0.1955931420316487,14,3,0.21050040173165785,0,1
11.025001444447478,0.6838562600288919,11,3,0.6878130593259897,1,3
0.20398781921086767,0.05132754786402188,7,0,0.05132754786402188,0,0
2.7413596146266968,0.0893061931853446,13,3,0.11413113991743276,0,3
1.623537046511439,0.23175375579531576,12,1,0.23175375579531576,0,2
3.5573460757858353,0.2872500156641644,12,0,0.3245482429810695,0,2
0.4507753475198679,0.4846174584900259,19,1,0.5506607638063663,0,3
18.491878550877594,0.39015408343725316,14,1,0.5853921155682187,0,5
1.5158621049218362,0.21673694853119443,11,4,0.23165037594618337,0,0
15.330000583138416,0.27333683869637876,13,3,0.5026272717152929,1,1
3.329638553601537,0.23618741604305998,12,4,0.2926991520236424,0,1
25.411634271445948,0.11706925293485401,12,2,0.13987495756807258,1,3
4.845403440900823,0.12240741267967564,22,0,0.12240741267967564,1,1
16.027376670012746,0.5055767782866819,19,1,0.5055767782866819,0,3
0.03218007452581655,0.0,11,4,0.10747256835675685,0,1
8.275645706062553,0.623471739489011,6,1,0.623471739489011,0,0
14.001399802825235,0.2314011548795536,14,2,0.2314011548795536,1,1
0.9029881223570875,0.14549827872156795,19,2,0.14549827872156795,1,4
0.6063908687960771,0.4479518581394538,11,1,0.4479518581394538,0,1
3.3158533346331183,0.5970433168294235,10,0,0.7093055586123747,1,2
16.27948364710514,0.5235264883207915,6,0,0.6454495126428705,1,1
4.690382814807859,0.40037040987197814,22,5,0.40037040987197814,0,0
4.497752376129164,0.5173726979443671,18,1,0.5986442718719118,0,2
0.912799126098349,0.0,10,2,0.0,0,1
0.004738937527443213,0.19563389170237033,12,5,0.22606812502206391,0,4
9.968812790930823,0.11776598799503107,17,2,0.11776598799503107,1,3
0.549893458354795,0.5449277462430351,11,0,0.624878020451549,0,0
6.02827019051637,0.22330439621522263,21,3,0.22330439621522263,0,0
14.763611235443385,0.46908131135641107,10,1,0.46908131135641107,0,2
1.4041040927638715,0.4071713884977276,11,4,0.557354532573199,0,2
6.566637093112654,0.12753861276726378,16,2,0.12753861276726378,0,2
0.4918081079661798,0.1826083580047431,12,5,0.1826083580047431,0,2
5.554337611011389,0.5587635381629452,14,0,0.5587635381629452,0,1
1.0742699743894835,0.14490347026311728,12,3,0.2492602395665517,0,3
7.989781704997142,0.3249735220390958,17,5,0.3249735220390958,1,1
2.150612912072476,0.14349174273471096,8,1,0.14349174273471096,0,0
3.7349135116161323,0.23720956261682785,22,2,0.2967074864553211,0,1
5.489208596189291,0.2907676112060056,12,5,0.32079842502269446,0,2
1.1271899162726602,0.14342669794050172,17,1,0.14342669794050172,0,2
8.12035724798545,0.10791060920322365,19,1,0.10791060920322365,1,3
2.1627239444710322,0.3572546673554885,13,4,0.3572546673554885,0,2
6.514860998370187,0.13105251824176473,7,0,0.15493505657903311,0,1
1.03386891589161,0.13786848886026545,8,3,0.16679182151147562,0,1
6.990775650830702,0.11218937125960585,19,2,0.23787130963154285,0,2
0.8230893489834461,0.2844183907337363,7,0,0.2844183907337363,0,4
3.324032543839541,0.48874032687996827,12,5,0.5366056612554435,0,0
1.703782553644488,0.6013057272624533,9,3,0.6013057272624533,0,1
8.278898317752908,0.15481638280124427,7,1,0.15481638280124427,1,3
1.8231533225262506,0.7300621586662422,14,2,0.7891474406125633,0,3
12.8080668668245,0.09905902785864079,10,4,0.24221030270628985,0,0
13.343764360514301,0.516709704665574,14,4,0.516709704665574,0,4
1.312230360206971,0.15566070919691147,10,3,0.16639601887279795,0,1
5.709113297648369,0.12581534602599792,16,3,0.18534828544671078,0,3
0.5508344006868552,0.15104876864312225,12,1,0.17463853860291623,0,1
2.980916024135583,0.28951046007017617,19,6,0.3628098392800911,0,0
7.496368204427947,0.41599443420672205,17,1,0.6295361602088996,0,2
6.4626885943501,0.43397360758096437,19,0,0.7335083995826732,0,3
5.880188139000688,0.11120299693042232,22,6,0.11120299693042232,1,1
1.9922357148592684,0.10206814249774626,7,0,0.29173003093288513,0,1
2.849131792069932,0.11667226132729056,9,2,0.11667226132729056,1,1
0.6518362762352974,0.27772911952289775,21,2,0.27772911952289775,1,0
7.616890946722207,0.2579688791618251,7,4,0.2579688791618251,1,2
4.205731064212104,0.109964907586041,18,1,0.12957789421762905,0,4
7.401761692994943,0.35392073881264885,16,2,0.35392073881264885,1,1
1.7176465802473007,0.7525137616670636,17,0,0.7596930280054621,0,3
2.3532640822011235,0.1990569076329697,12,1,0.21132810566591004,0,0
2.440733939659807,0.21329763575929328,13,4,0.22502013546008331,0,2
0.15647726355625166,0.41193231406487374,6,2,0.43259998561774793,0,1
2.5026263506674042,0.18823674165264098,7,1,0.18823674165264098,0,1
9.756592830557953,0.4337928963436365,14,1,0.4337928963436365,1,1
13.655571090732959,0.15629145864419192,14,1,0.17351435726345846,1,3
4.381585227254908,0.6664239215154603,15,2,0.6664239215154603,0,2
3.647342699785411,0.3689549945184589,7,0,0.42527922107224986,0,2
0.187858148484859,0.1759954101846577,18,5,0.1759954101846577,0,1
12.681929407739181,0.1822616601061452,6,1,0.1822616601061452,0,1
0.07857352530845008,0.19724004945839302,20,4,0.2240951545399586,0,1
17.375330342123206,0.5745499332497747,15,3,0.6595861961629573,1,3
4.030853793623806,0.04624979847974331,15,2,0.10154143418605538,0,0
2.5107047926450368,0.16641166590809905,11,0,0.16641166590809905,0,1
15.479401317849954,0.1876678886149148,22,2,0.23342043219764166,1,3
0.14816028317109312,0.2968624066486124,12,6,0.2968624066486124,0,1
5.225393654854207,0.2457780614706411,7,2,0.2457780614706411,1,2
4.776830025521227,0.0017544337219074224,22,0,0.0017544337219074224,1,2
1.485542748868783,0.22003546328090645,16,4,0.22003546328090645,0,3
3.3610136745712564,0.2800898633630063,7,2,0.3048140453800257,0,3
6.337870349330236,0.17438043298404332,18,1,0.17438043298404332,0,3
7.792585043815583,0.43735509780953297,20,2,0.43735509780953297,0,0
0.004302694635858521,0.48388168575072943,13,6,0.48388168575072943,0,1
16.573780489348884,0.28432266005412143,21,0,0.28432266005412143,1,0
1.0785317959355971,0.34610831737014586,10,4,0.34610831737014586,1,4
1.5961531391520838,0.0,12,2,0.025809076076625553,0,4
1.8348599340167602,0.21577944556763362,15,6,0.22183169847883985,0,0
0.23132326531011782,0.5009643383515825,15,4,0.7518351846281633,0,0
0.7878463340679945,0.21531268336414447,7,3,0.21531268336414447,0,1
25.764060673504595,0.1525476647216078,6,3,0.1525476647216078,1,0
2.271917374301145,0.7555377852061862,13,4,0.8495221691057716,0,3
0.7350474415971419,0.663815438039161,19,2,0.663815438039161,0,1
0.6789534734090694,0.3935149824964314,14,1,0.3935149824964314,1,1
7.62623307869091,0.5277821222960095,7,4,0.6083278684081282,0,3
11.568307329053555,0.0,13,0,0.0,1,3
1.7819702188265363,0.14248971187425868,13,1,0.27245538364550165,0,1
0.12678727233675335,0.20600842536536967,13,1,0.29929341857990543,1,1
1.5145847350865558,0.25280398022661077,7,3,0.4761620427642321,0,1
0.34905326836221684,0.2020111958052075,9,4,0.2020111958052075,0,7
0.6548387998552536,0.0,10,2,0.0,0,1
3.388609492961737,0.37720492374171194,16,1,0.37720492374171194,0,5
1.5675525473115532,0.40873082565612134,7,1,0.40873082565612134,0,2
4.353351343731413,0.6203797583179963,19,3,0.6203797583179963,0,3
1.7541077639797904,0.1423381470450073,6,0,0.1423381470450073,1,0
16.93443643388153,0.12596736844401954,11,2,0.19353795563201331,1,1
14.183187530459737,0.0,19,2,0.03750731602197848,0,4
5.019419140659299,0.24128663268182277,17,5,0.49915194997051765,1,3
2.625673950162069,0.4802223562124343,14,3,0.5114537371353962,0,1
2.8793239421237478,0.1776464275614561,14,0,0.1776464275614561,1,0
3.184662860950457,0.7286889637087297,14,3,0.7984885975473166,0,3
7.802446785944026,0.24868103284209528,15,5,0.24868103284209528,0,0
3.604928649747963,0.32939845685771113,12,5,0.32939845685771113,0,1
11.65814366218365,0.02737938388368122,13,2,0.02737938388368122,0,6
17.304585769332995,0.3574440690350559,12,0,0.4630041689148467,1,0
2.456352230909006,0.0,11,0,0.035611687371383,0,2
4.935360994594859,0.43873959100262894,20,0,0.6683419861575923,0,0
0.5992968532310263,0.44488563524708247,15,2,0.44488563524708247,0,3
1.3423801978134478,0.5718582848673021,15,1,0.6123761655636663,0,2
3.2011454628682032,0.09600625624646225,21,0,0.11117316661746601,0,2
1.385562960192267,0.33211242365948385,21,1,0.33211242365948385,0,0
12.552024281186846,0.4127633118773008,11,2,0.4127633118773008,0,0
1.0338917646592174,0.388456327666062,12,3,0.47392617344214316,0,2
3.649096419738543,0.12694014497302972,11,2,0.12694014497302972,1,0
5.583847870801943,0.0,10,3,0.06239460265890351,0,2
7.063282421866909,0.36939205937689623,16,5,0.36939205937689623,0,0
2.897992152435617,0.2695000643380161,17,4,0.2695000643380161,0,3
12.199886950135262,0.18666588140771193,19,0,0.18666588140771193,0,4
5.04041243646347,0.4527890727430932,7,2,0.4527890727430932,1,0
3.473639506971758,0.29101609236911335,7,3,0.3918180600040714,0,5
0.41764815426764135,0.036160989446440084,22,2,0.036160989446440084,0,0
3.749449605955951,0.0,12,2,0.0,1,2
10.313368868141698,0.0742073469733669,16,4,0.0742073469733669,0,0
5.719922965735458,0.7786024589533573,14,4,0.7786024589533573,0,0
10.708552523368626,0.4445553547865546,19,3,0.49044672709507364,0,1
4.087450046316988,0.33772246839500236,6,2,0.3783297815318129,0,1
0.7565210112006902,0.26366781456283905,17,3,0.34114094929782945,1,1
0.08240233895194944,0.2505214120105128,18,2,0.2505214120105128,0,1
2.1677094357557145,0.5334391966718189,15,6,0.5334391966718189,0,1
7.183780264639123,0.20188085161931368,19,5,0.2145633433880124,0,2
9.37131691553067,0.4153840821368585,16,0,0.4153840821368585,1,2
2.1037553835224854,0.23031440994168118,18,2,0.23031440994168118,0,0
4.1069554898583664,0.6880313263670126,14,3,0.8164801916209072,0,3
3.2799491052938436,0.4484577015156607,13,4,0.4484577015156607,0,2
3.1711152603056245,0.5491113629367251,10,4,0.6962395366030657,1,2
1.5787072531270634,0.18311804506235224,16,4,0.18311804506235224,1,5
0.8796727329486929,0.5116272225134844,11,2,0.6118658060924985,0,2
1.314076754682496,0.23748451492106182,18,0,0.23748451492106182,0,1
0.3415328748524751,0.3220069647865698,15,3,0.33535880105763166,0,0
1.324858224809574,0.6270095341238917,12,0,0.9048863066000499,0,5
0.05546092396533817,0.09144498864871614,9,5,0.09144498864871614,0,0
5.921219175052177,0.34064954626108007,19,3,0.40092861492859766,1,3
2.2820781194287045,0.38760105170374537,16,4,0.49534095232906455,1,1
21.70375506049393,0.404000876160162,14,1,0.4920488362974087,1,6
1.2919232667179645,0.2098431013813069,21,0,0.2098431013813069,1,1
2.546315021788753,0.7172528201616163,15,6,0.7172528201616163,0,0
2.6575175366902033,0.041013622931947935,22,0,0.0625043500392098,1,0
0.050924474780146334,0.5917770777264939,10,3,0.6868843996626265,0,2
10.965860295966198,0.5430131211183278,18,2,0.6270579563417886,0,1
0.19510481238321725,0.680177757920737,16,3,0.680177757920737,0,3
16.898474777898628,0.0,6,1,0.0,0,2
13.357876349945252,0.12623370242205792,21,4,0.12623370242205792,1,1
4.601045423654759,0.5983886118323282,9,3,0.6469354622743966,0,3
4.706255792425561,0.0,16,4,0.04900777865759033,0,0
6.364049211895088,0.0,15,0,0.0,1,0
2.9368315914741503,0.20233844265770162,12,0,0.32384737199259844,0,2
6.25150271041694,0.3383987577244535,16,4,0.3383987577244535,0,3
0.2748086578338167,0.618445014729755,21,1,0.7397637626796116,0,2
0.33337834339988837,0.26294681701392836,19,2,0.29848883439157337,0,0
3.666422367793589,0.1783521703870921,8,5,0.28331743204627785,0,0
4.786012304300884,0.3622779875392854,11,2,0.4927968838522241,0,3
13.125777122991778,0.39391929665888015,16,5,0.39391929665888015,1,2
0.663314715520019,0.38824796443405424,19,0,0.38824796443405424,0,1
10.377710461038046,0.264402758409731,6,2,0.43216042438542895,1,2
1.41469353563553,0.0,7,3,0.16617845108278329,0,1
3.006080017711846,0.11647680217873355,21,1,0.15196106649230048,0,0
2.2840710127306108,0.5840542170534925,14,5,0.5862975003986333,0,1
3.06650667219846,0.33741378759532,20,5,0.33741378759532,0,0
0.9786122302898685,0.23549557617858863,10,4,0.23549557617858863,0,2
4.201877653332607,0.523633709674795,8,0,0.523633709674795,1,2
9.706108641985558,0.07397667352621029,13,3,0.15174428213940186,0,3
3.4953693495640854,0.2549303732573984,7,4,0.2972095339139039,1,4
4.047290205323937,0.3275516810348074,6,3,0.5017090023377923,0,1
11.333624730920267,0.21172449934107415,15,2,0.21172449934107415,1,2
7.346239200116126,0.32015256458031977,13,6,0.3815350040456553,0,2
4.045415685211409,0.26246121371564696,19,5,0.26246121371564696,0,0
1.7879756536319662,0.02013139044282497,20,3,0.02013139044282497,0,0
12.973118216701472,0.3362955763758112,20,5,0.43662644490790736,0,1
5.16258799227573,0.03432964169742647,9,4,0.03432964169742647,0,1
1.4996024263771952,0.33312302501934443,19,4,0.656024875386175,0,2
1.8810339177036304,0.5748271648300218,19,0,0.5748271648300218,0,2
9.751364141439698,0.24379536054478912,14,1,0.24379536054478912,0,2
0.27089783472879836,0.06570337400580273,22,4,0.06570337400580273,1,1
29.039424147226043,0.2746024373590039,18,2,0.3133169410878673,1,6
0.8379982716811859,0.13360577838429372,8,2,0.1407201718581566,0,0
9.539827502258632,0.4189018005262939,7,6,0.4189018005262939,0,3
3.0129330759471897,0.27040225049542926,10,1,0.27040225049542926,0,3
4.066196877789026,0.6419526503329147,19,4,0.7091238698135837,0,2
12.75419858773133,0.5325979191354676,19,3,0.5325979191354676,1,3
3.1954750510759284,0.26938389910371946,14,0,0.26938389910371946,1,1
4.62657129929683,0.4431218135946181,8,6,0.4638111808142188,0,2
0.30333821112058423,0.2213527181674309,21,6,0.2792082598286868,0,1
0.014101401023166926,0.30679137703303366,7,5,0.43895637556227185,1,6
1.6846349759146366,0.22771316072993752,13,6,0.5532042025178437,1,3
6.847548664333778,0.4532911919699417,8,5,0.4532911919699417,0,2
0.7756307060819325,0.5865976553419157,7,0,0.5865976553419157,0,3
0.7246181696485443,0.4597296414382287,12,5,0.4597296414382287,0,2
3.175573309026765,0.48438732025707115,14,6,0.7956885394363384,0,3
6.2619675121014335,0.48460668744714586,7,2,0.48460668744714586,0,1
7.470268819066572,0.410251184466942,9,4,0.5769372762124894,0,2
1.1793797976290346,0.0721427681579464,10,5,0.15119530051004368,0,1
0.4976042592694886,0.6401943038833,17,2,0.6401943038833,0,1
16.920299640808565,0.660882165339685,7,4,0.660882165339685,0,1
1.8120360928123809,0.2532240793373263,6,0,0.4816066400810503,0,0
11.518095607136434,0.22586041695676362,19,4,0.22586041695676362,1,2
11.948208194079124,0.422482330583075,17,0,0.4613641101958953,0,1
8.884226099837342,0.41016256703670095,19,5,0.4118919890860476,0,2
1.1095516290131198,0.2596107862493962,12,5,0.2596107862493962,1,4
10.3491417170118,0.04999486888247917,13,4,0.2648513454312986,1,0
8.79853697510572,0.36114023814995544,11,2,0.36114023814995544,0,1
5.4487895022129775,0.41028730763510907,14,0,0.41117940917824936,0,1
2.467710383982817,0.4451642296077595,11,1,0.4451642296077595,0,1
1.8270051458298813,0.3698585544708415,19,2,0.4710972690791883,0,0
0.7798950669989753,0.2457769703276181,8,3,0.2603286865305765,1,1
4.277125373410299,0.4988004079012556,12,2,0.6461040050059212,0,1
5.280633432596978,0.31316969951318363,7,4,0.5345390568728554,1,5
2.6715288498510406,0.20701539712705586,13,4,0.31702556457627834,1,3
3.870247132937128,0.2638693235908558,10,2,0.31607301217733275,1,2
2.7107614505911073,0.0,6,6,0.0,0,1
6.14669858037491,0.2635516351642922,15,1,0.2635516351642922,1,0
13.891542738347123,0.4376873039749337,7,4,0.524453694926539,1,3
1.0741877407153717,0.367956604427846,11,0,0.37033275815630473,0,3
2.881863963074281,0.6041328345962372,9,6,0.7609510377370156,1,2
0.9110004283616827,0.24740501719685914,22,3,0.4056148897280262,0,1
5.8840759120399575,0.3974626326106632,8,4,0.432930628785704,0,2
7.830952484754048,0.4585480352611544,22,2,0.4585480352611544,0,1
16.12179031459928,0.7685714016574816,6,4,0.7685714016574816,0,2
1.9616311439532528,0.3289530982235281,8,0,0.42464329498341974,0,3
17.999792025899126,0.09116256422719532,19,2,0.09116256422719532,1,1
0.3921142129830068,0.46958575067105635,17,1,0.5724627169949721,1,2
5.543123515310995,0.6731454711936914,10,3,0.6731454711936914,0,3
0.35297848721471003,0.23549025795467568,12,2,0.23549025795467568,1,1
13.453128879707302,0.46821630772128314,7,5,0.46821630772128314,0,1
4.5276984313610225,0.545745611045784,12,0,0.545745611045784,1,3
6.640139262059932,0.5034131087940307,14,2,0.6477130271275219,0,1
10.687550129391163,0.3251117044947156,7,0,0.35942026853844417,0,2
0.9773066070181544,0.16030524835737076,19,1,0.16030524835737076,0,2
0.23613568027551657,0.2837440903972828,22,0,0.2837440903972828,1,1
12.665897701854735,0.39172009077552616,12,1,0.5353907641970518,1,2
2.2694338038507404,0.4816445048183458,6,6,0.4816445048183458,0,1
0.8285345189721329,0.36678900959980787,22,1,0.443062313247301,0,1
3.7918749161813894,0.22401840669188458,12,0,0.22401840669188458,0,1
5.472389176141531,0.41107593122995373,14,2,0.4927909674787521,1,0
0.18876198315753429,0.47201701354856407,12,2,0.47201701354856407,0,3
1.928638289025028,0.3759220112828961,10,6,0.3759220112828961,0,0
0.20009909816937554,0.132762577092335,11,2,0.132762577092335,0,0
3.271833599582915,0.263718793056562,14,1,0.3350612366724993,1,4
13.528488243991134,0.48956415528249336,16,5,0.48956415528249336,1,2
24.325810639399354,0.02339643825110521,14,1,0.02339643825110521,1,3
6.080900728116727,0.0,12,3,0.016669950973878862,1,2
1.0578295536941469,0.6016165700288041,12,1,0.6016165700288041,0,2
14.17715726921853,0.40228305100437595,13,2,0.40228305100437595,1,0
4.357095208820601,0.42134600050402127,15,6,0.4404764005992659,1,0
1.0016378512744586,0.08463660527458877,11,4,0.21601042416988517,0,3
15.28529004017135,0.4475056126933076,20,0,0.4475056126933076,1,0
8.499755705183869,0.35504973751367286,7,6,0.35504973751367286,0,2
7.894015044509381,0.0,10,2,0.04520143664626439,1,2
7.410319079604764,0.5848566828547714,15,4,0.6065979146106513,0,2
1.3414105075668088,0.33173666472374574,12,2,0.47205402143473096,0,1
1.4219846365430768,0.22078320678414623,10,3,0.22078320678414623,1,0
6.994149779545477,0.22440205080295644,12,3,0.22440205080295644,0,1
1.4886358432737903,0.0,12,4,0.0,0,1
3.4646960036321235,0.4186673199262727,14,2,0.5465881515990215,1,3
9.139611543073485,0.35237144144914506,7,3,0.35237144144914506,1,0
9.193542431007224,0.261183973533381,12,3,0.261183973533381,1,2
3.622710908898373,0.5556970414903344,7,2,0.5556970414903344,0,2
9.426784687527645,0.02322819620083083,19,4,0.02628722503973084,1,3
10.944027461179541,0.18064550472647695,7,0,0.20816875823558417,1,1
6.3813664609761345,0.1299983490479228,15,0,0.16247512376072576,0,2
1.5559350199080293,0.24424100404568938,14,3,0.24424100404568938,0,1
1.9213289442921888,0.3134940050514446,7,3,0.3134940050514446,1,1
2.2686274661278034,0.38600270476227094,16,1,0.38600270476227094,1,0
0.7452495266220363,0.23060530937897653,17,3,0.23060530937897653,1,1
1.9142903153959328,0.12452885296902122,10,3,0.22391582619193728,0,1
1.4106836508555913,0.6372013899540889,14,1,0.6372013899540889,0,4
3.645437261889736,0.7823280383577138,12,2,0.7823280383577138,0,2
14.344404015647463,0.32865733437640504,16,4,0.4143566902458903,1,4
0.6621064652920795,0.14864392659582654,7,2,0.1970296015954462,0,1
